customer_id,signup_date,region,plan,contract,tenure_months,monthly_charges,monthly_charges_eur,support_tickets,discount_pct,email,split,churned,cancellation_reason
C000000,2024-05-02,EU,Basic,Monthly,1,65.05,59.85,2.0,3,,test,1,competitor
C000001,2022-12-09,EU,Basic,Monthly,18,108.53,99.85,1.0,20,,test,1,price
C000002,2020-06-22,EU,Standard,,48,47.39,43.6,0.0,16,user2@example.com,train,0,
C000003,2020-12-19,EU,Standard,Monthly,42,87.03,80.07,2.0,19,user3@example.com,train,0,
C000004,2023-03-09,EU,Premium,Monthly,15,78.75,72.45,3.0,28,,test,1,competitor
C000005,2021-03-19,EU,Basic,Annual,39,91.85,84.5,0.0,1,,train,0,
C000006,2023-02-07,EU,Basic,Monthly,16,114.9,105.71,2.0,20,,test,1,moved
C000007,2020-08-21,EU,Standard,Two year,46,86.85,79.9,0.0,0,user7@example.com,train,0,
C000008,2022-10-10,EU,Standard,Annual,20,20.0,18.4,1.0,17,user8@example.com,train,0,
C000009,2018-11-30,EU,Premium,Monthly,67,98.63,90.74,0.0,10,user9@example.com,test,0,
C000010,2023-12-04,EU,Premium,Monthly,6,78.21,71.95,0.0,25,user10@example.com,test,1,competitor
C000011,2023-06-07,EU,Standard,Two year,12,60.51,55.67,0.0,6,user11@example.com,train,1,service
C000012,2019-04-29,EU,Basic,Monthly,62,73.55,67.67,0.0,9,user12@example.com,train,0,
C000013,2018-10-31,EU,Basic,Two year,68,89.39,82.24,0.0,10,,train,0,
C000014,2020-07-22,EU,PREMIUM,Monthly,47,21.24,19.54,3.0,20,user14@example.com,test,0,
C000015,2021-12-14,EU,Basic,Monthly,30,74.42,68.47,0.0,11,user15@example.com,train,0,
C000016,2018-08-02,EU,Basic,,71,93.64,86.15,2.0,14,,train,0,
C000017,2021-08-16,EU,Standard,Annual,34,99.97,91.97,1.0,3,,train,1,moved
C000018,2024-01-03,EU,Premium,Monthly,5,89.6,82.43,1.0,28,user18@example.com,train,1,moved
C000019,2022-02-12,EU,Basic,Monthly,28,100.8,92.74,1.0,15,user19@example.com,test,1,price
C000020,2021-07-17,EU,Basic,Annual,35,74.61,68.64,1.0,11,user20@example.com,train,0,
C000021,2023-08-06,EU,Basic,Monthly,10,140.98,129.7,0.0,29,user21@example.com,train,1,service
C000022,2021-09-15,EU,Standard,Monthly,33,42.25,38.87,2.0,26,,test,0,
C000023,2024-05-02,EU,Basic,Monthly,1,52.83,48.6,0.0,5,,test,1,moved
C000024,2021-08-16,EU,Standard,Annual,34,94.66,87.09,1.0,N/A,,train,0,
C000025,2019-05-29,EU,Standard,,61,23.38,21.51,0.0,2,,train,1,
C000026,2021-05-18,EU,Basic,Monthly,37,104.44,96.08,3.0,14,user26@example.com,train,1,moved
C000027,2021-10-15,EU,Standard,Monthly,32,39.38,36.23,1.0,28,user27@example.com,train,0,
C000028,2019-12-25,EU,Basic,Monthly,54,48.86,44.95,3.0,20,user28@example.com,train,0,
C000029,2021-04-18,EU,Premium,Monthly,38,50.35,46.32,2.0,9,,train,1,moved
C000030,2021-02-17,EU,Standard,Two year,40,89.69,82.51,1.0,25,user30@example.com,train,0,
C000031,2018-09-01,EU,Premium,Two year,70,46.39,42.68,1.0,17,,test,0,
C000032,2019-03-30,EU,Basic,,63,61.44,56.52,0.0,19,,train,0,
C000033,2022-03-14,EU,Basic,Monthly,27,94.54,86.98,1.0,10,,train,0,
C000034,2021-09-15,EU,Standard,Monthly,33,57.12,52.55,4.0,29,,train,1,price
C000035,2019-11-25,EU,Basic,Monthly,55,42.67,39.26,2.0,16,,test,1,service
C000036,2019-02-28,EU,Premium,Annual,64,108.58,99.89,1.0,26,,train,0,
C000037,2022-11-09,EU,premium,Monthly,19,36.43,33.52,3.0,0,,test,1,price
C000038,2023-04-08,EU,Premium,Two year,14,66.71,61.37,0.0,5,user38@example.com,test,1,service
C000039,2018-08-02,EU,Basic,Monthly,71,41.04,37.76,1.0,23,user39@example.com,test,0,
C000040,2023-10-05,EU,Standard,Monthly,8,86.88,79.93,0.0,14,user40@example.com,train,0,
C000041,2019-05-29,EU,Standard,Monthly,61,40.16,36.95,1.0,7,user41@example.com,train,0,
C000042,2018-10-31,EU,Standard,Monthly,68,59.32,54.57,1.0,0,user42@example.com,train,0,
C000043,2024-03-03,EU,Standard,Monthly,3,92.51,85.11,0.0,14,user43@example.com,train,1,service
C000044,2020-11-19,EU,Standard,Monthly,43,86.03,79.15,0.0,27,user44@example.com,train,0,
C000045,2023-10-05,EU,Premium,Annual,8,78.71,72.41,2.0,27,user45@example.com,train,1,moved
C000046,2018-08-02,EU,Basic,Monthly,71,31.76,29.22,1.0,8,,train,0,
C000047,2023-07-07,EU,Standard,Annual,11,68.46,62.98,2.0,14,user47@example.com,test,1,moved
C000048,2019-05-29,EU,Basic,,61,52.2,48.02,2.0,11,,train,0,
C000049,2023-08-06,EU,Standard,Monthly,10,79.8,73.42,1.0,20,user49@example.com,train,1,price
C000050,2022-12-09,EU,Basic,Monthly,18,26.18,24.09,1.0,26,user50@example.com,train,1,moved
C000051,2020-09-20,EU,Standard,Monthly,45,74.94,68.94,2.0,18,user51@example.com,train,1,moved
C000052,2023-03-09,EU,Basic,Annual,15,113.06,104.02,2.0,0,user52@example.com,train,0,
C000053,2023-07-07,EU,Standard,Monthly,11,30.24,27.82,0.0,5,user53@example.com,test,1,service
C000054,2021-01-18,EU,Premium,Monthly,41,32.52,29.92,1.0,18,,train,0,
C000055,2023-11-04,EU,Standard,Annual,7,38.68,35.59,0.0,29,user55@example.com,train,0,
C000056,2021-08-16,EU,Standard,Annual,34,34.0,31.28,1.0,18,user56@example.com,train,0,
C000057,2021-04-18,EU,premium,Two year,38,55.48,51.04,1.0,20,,train,0,
C000058,2019-05-29,EU,Standard,Two year,61,57.33,52.74,0.0,26,,train,0,
C000059,2019-02-28,EU,Basic,Annual,64,42.61,39.2,1.0,29,,train,0,
C000060,2019-01-29,EU,Basic,Annual,65,103.6,95.31,3.0,29,user60@example.com,train,1,price
C000061,2019-11-25,EU,Standard,Monthly,55,68.57,63.08,2.0,14,user61@example.com,train,1,service
C000062,2023-05-08,EU,Standard,Monthly,13,62.51,57.51,1.0,23,user62@example.com,test,1,moved
C000063,2020-05-23,EU,Premium,Monthly,49,56.78,52.24,1.0,14,user63@example.com,train,0,
C000064,2019-05-29,EU,Basic,Annual,61,92.43,85.04,3.0,15,,train,0,
C000065,2018-09-01,EU,Basic,Monthly,70,53.53,49.25,3.0,27,,train,0,
C000066,2021-07-17,EU,Standard,Monthly,35,33.94,31.22,1.0,28,user66@example.com,test,0,
C000067,2020-01-24,EU,Standard,Two year,53,60.49,55.65,1.0,22,user67@example.com,test,0,
C000068,2018-10-31,EU,Standard,Two year,68,43.72,40.22,0.0,14,user68@example.com,test,0,
C000069,2020-02-23,EU,Premium,Two year,52,94.15,86.62,1.0,27,user69@example.com,train,0,
C000070,2019-12-25,EU,Standard,Annual,54,45.34,41.71,1.0,25,user70@example.com,train,0,
C000071,2020-04-23,EU,Basic,Annual,50,22.75,20.93,1.0,N/A,,test,0,
C000072,2018-09-01,EU,Premium,,70,105.37,96.94,2.0,N/A,user72@example.com,train,1,service
C000073,,EU,,,52,,,,,,train,0,
C000074,2018-10-01,EU,Standard,Monthly,69,32.14,29.57,0.0,19,user74@example.com,train,0,
C000075,2020-06-22,EU,Premium,Monthly,48,61.04,56.16,0.0,19,user75@example.com,test,1,price
C000076,2024-04-02,EU,Standard,Two year,2,61.16,56.27,2.0,26,user76@example.com,train,1,competitor
C000077,2023-10-05,EU,Basic,,8,54.49,50.13,0.0,17,user77@example.com,train,1,service
C000078,2020-01-24,EU,Basic,Monthly,53,78.85,72.54,2.0,1,user78@example.com,test,0,
C000079,2020-10-20,EU,Premium,Two year,44,103.8,95.5,0.0,23,,train,0,
C000080,2021-06-17,EU,Basic,Annual,36,92.66,85.25,1.0,23,,train,1,competitor
C000081,2019-12-25,EU,Standard,Monthly,54,20.0,18.4,0.0,17,,test,1,
C000082,2019-04-29,EU,Basic,Two year,62,59.76,54.98,1.0,22,user82@example.com,train,0,
C000083,2019-02-28,EU,Standard,Annual,64,72.26,66.48,0.0,27,user83@example.com,train,0,
C000084,2019-01-29,EU,Standard,Two year,65,106.19,97.69,1.0,20,user84@example.com,train,0,
C000085,2022-06-12,EU,Standard,Annual,24,57.36,52.77,0.0,7,,train,0,
C000086,2024-04-02,EU,Premium,Monthly,2,89.34,82.19,1.0,6,user86@example.com,train,1,service
C000087,2019-05-29,EU,Basic,Monthly,61,59.2,54.46,0.0,20,user87@example.com,train,0,
C000088,2021-07-17,EU,Basic,Monthly,35,108.62,99.93,1.0,8,user88@example.com,train,1,moved
C000089,2021-04-18,EU,Standard,Monthly,38,95.23,87.61,1.0,29,,train,0,
C000090,2019-06-28,EU,Basic,Annual,60,56.67,52.14,2.0,4,,test,0,
C000091,2022-04-13,EU,Premium,Monthly,26,58.77,54.07,2.0,20,user91@example.com,train,1,price
C000092,2022-08-11,EU,Standard,Annual,22,55.85,51.38,1.0,5,user92@example.com,test,1,moved
C000093,2021-07-17,EU,Basic,Monthly,35,71.52,65.8,3.0,21,user93@example.com,train,1,price
C000094,2031-04-02,EU,Standard,Two year,21,77.37,71.18,0.0,8,user94@example.com,train,1,service
C000095,2020-07-22,EU,premium,Two year,47,48.67,44.78,2.0,16,user95@example.com,train,0,
C000096,2021-05-18,EU,Standard,Monthly,37,99.86,91.87,2.0,25,,train,1,moved
C000097,2019-05-29,EU,Standard,,61,47.87,44.04,1.0,24,user97@example.com,train,0,
C000098,2021-02-17,EU,Basic,Monthly,40,66.33,61.02,1.0,20,user98@example.com,test,0,
C000099,2018-08-02,EU,Basic,Monthly,71,63.39,58.32,1.0,13,user99@example.com,train,1,service
C000100,2021-07-17,EU,Basic,Monthly,35,126.93,116.78,2.0,0,user100@example.com,train,1,competitor
C000101,2022-08-11,EU,Standard,Monthly,22,51.6,47.47,1.0,17,,train,0,
C000102,2024-01-03,EU,Basic,Monthly,5,72.87,67.04,1.0,20,user102@example.com,test,1,competitor
C000103,2024-03-03,EU,Standard,Annual,3,64.71,59.53,1.0,28,,train,1,price
C000104,2020-08-21,EU,Basic,Two year,46,107.73,99.11,0.0,15,,train,1,moved
C000105,2020-01-24,EU,Standard,Monthly,53,81.94,75.38,1.0,8,user105@example.com,train,0,
C000106,2019-11-25,EU,Standard,Annual,55,57.15,52.58,0.0,13,user106@example.com,test,0,
C000107,2021-08-16,EU,Premium,Monthly,34,30.99,28.51,2.0,23,user107@example.com,test,1,moved
C000108,2018-10-01,EU,Basic,Monthly,69,62.72,57.7,2.0,4,,train,0,
C000109,2024-04-02,EU,Standard,Two year,2,43.37,39.9,2.0,6,user109@example.com,train,0,
C000110,2018-12-30,EU,Standard,Monthly,66,71.85,66.1,0.0,4,,train,0,
C000111,2023-05-08,EU,Premium,Monthly,13,67.37,61.98,1.0,28,user111@example.com,train,1,service
C000112,2023-01-08,EU,Standard,Annual,17,89.15,82.02,1.0,23,,train,0,
C000113,2023-06-07,EU,Premium,Annual,12,76.66,70.53,0.0,12,user113@example.com,train,1,competitor
C000114,2019-07-28,EU,Standard,Monthly,59,43.35,39.88,1.0,19,user114@example.com,test,1,competitor
C000115,2018-10-31,EU,Basic,Monthly,68,44.44,40.88,1.0,17,user115@example.com,train,0,
C000116,2021-01-18,EU,Standard,Monthly,41,59.14,54.41,0.0,27,user116@example.com,train,1,moved
C000117,2021-10-15,EU,Basic,Monthly,32,66.36,61.05,0.0,5,user117@example.com,train,0,
C000118,2022-06-12,EU,Standard,Monthly,24,130.86,120.39,0.0,5,user118@example.com,train,0,
C000119,2022-01-13,EU,Standard,,29,31.61,29.08,1.0,N/A,user119@example.com,train,1,price
C000120,2023-08-06,EU,Standard,Annual,10,72.03,66.27,6.0,20,user120@example.com,train,1,competitor
C000121,2021-06-17,EU,Basic,Two year,36,77.98,71.74,0.0,27,,train,1,moved
C000122,2020-03-24,EU,Basic,Monthly,51,63.26,58.2,3.0,26,user122@example.com,train,0,
C000123,2021-07-17,EU,Premium,,35,58.12,53.47,2.0,2,,train,0,
C000124,2018-08-02,EU,Basic,,71,49.05,45.13,1.0,25,,train,0,
C000125,2021-03-19,EU,Basic,Monthly,39,40.8,37.54,1.0,none,user125@example.com,train,0,
C000126,2022-03-14,EU,Standard,Monthly,27,45.04,41.44,2.0,4,user126@example.com,train,1,service
C000127,2019-02-28,EU,Basic,Monthly,64,108.56,99.88,2.0,10,,test,1,price
C000128,2021-11-14,EU,Standard,Monthly,31,55.65,51.2,0.0,unknown,user128@example.com,train,1,moved
C000129,2022-09-10,EU,Premium,Monthly,21,82.69,76.07,2.0,15,user129@example.com,train,1,competitor
C000130,2020-03-24,EU,Premium,Monthly,51,57.51,52.91,2.0,19,,train,0,
C000131,2021-01-18,EU,Premium,Annual,41,27.61,25.4,2.0,23,,train,0,
C000132,2023-09-05,EU,premium,Monthly,9,45.22,41.6,2.0,22,,train,1,service
C000133,2018-10-01,EU,Standard,Monthly,69,59.85,55.06,0.0,6,,train,0,
C000134,2022-04-13,EU,Premium,,26,66.49,61.17,0.0,5,user134@example.com,train,0,
C000135,2021-05-18,EU,Premium,Annual,37,88.15,81.1,1.0,5,user135@example.com,train,0,
C000136,2021-10-15,EU,Standard,Two year,32,90.81,83.55,3.0,28,user136@example.com,train,1,service
C000137,2020-10-20,EU,Premium,Annual,44,57.35,52.76,1.0,0,user137@example.com,train,0,
C000138,2022-06-12,EU,Standard,Two year,24,58.19,53.53,1.0,8,user138@example.com,train,0,
C000139,2019-01-29,EU,Basic,Monthly,65,20.0,18.4,1.0,1,user139@example.com,train,0,
C000140,2023-11-04,EU,Standard,Monthly,7,99.52,91.56,0.0,21,user140@example.com,train,1,competitor
C000141,2023-09-05,EU,Basic,Monthly,9,59.84,55.05,3.0,6,user141@example.com,train,1,service
C000142,2021-07-17,EU, Premium ,Monthly,35,84.88,78.09,1.0,0,user142@example.com,train,0,
C000143,2023-04-08,EU,Standard,Monthly,14,100.8,92.74,2.0,3,,test,1,service
C000144,2021-10-15,EU,Standard,Monthly,32,62.3,57.32,1.0,5,user144@example.com,test,1,service
C000145,2024-01-03,EU,Standard,Two year,5,38.54,35.46,1.0,17,user145@example.com,train,0,
C000146,2021-04-18,EU,Basic,Monthly,38,95.69,88.03,0.0,5,user146@example.com,train,0,
C000147,2022-03-14,EU,Standard,Two year,27,48.54,44.66,0.0,4,user147@example.com,test,0,
C000148,2022-11-09,EU,Basic,Two year,19,67.32,61.93,1.0,18,user148@example.com,train,1,price
C000149,2024-05-02,EU,Standard,Monthly,1,60.1,55.29,0.0,12,,test,1,moved
C000150,2018-10-31,EU,Basic,Annual,68,57.29,52.71,0.0,2,,train,0,
C000151,2022-05-13,EU,Premium,Monthly,25,47.77,43.95,3.0,5,user151@example.com,train,1,moved
C000152,2018-11-30,EU,Basic,Annual,67,71.51,65.79,2.0,10,user152@example.com,train,0,
C000153,2019-09-26,EU,Basic,Monthly,57,35.9,33.03,1.0,5,user153@example.com,train,0,
C000154,2024-05-02,EU,Basic,Annual,1,99.88,91.89,1.0,unknown,,train,1,moved
C000155,2022-12-09,EU,Basic,Monthly,18,92.72,85.3,0.0,3,,test,0,
C000156,2019-07-28,EU,Standard,Monthly,59,36.59,33.66,2.0,2,user156@example.com,test,1,competitor
C000157,2020-06-22,EU,Standard,,48,32.41,29.82,3.0,25,user157@example.com,train,0,
C000158,2022-04-13,EU,Standard,Monthly,26,89.6,82.43,1.0,28,user158@example.com,test,1,price
C000159,2020-08-21,EU,Standard,Annual,46,71.78,66.04,1.0,6,,train,0,
C000160,2018-09-01,EU,Premium,Monthly,70,45.76,42.1,1.0,29,user160@example.com,train,0,
C000161,2020-07-22,EU,Basic,Monthly,47,52.5,48.3,3.0,14,,train,1,competitor
C000162,2018-10-01,EU,Basic,,69,66.98,61.62,2.0,9,user162@example.com,train,0,
C000163,2023-01-08,EU,Standard,Two year,17,71.17,65.48,1.0,11,user163@example.com,train,1,moved
C000164,2023-12-04,EU,Basic,Annual,6,89.45,82.29,3.0,1,user164@example.com,train,1,service
C000165,2024-01-03,EU,Standard,Monthly,5,66.72,61.38,1.0,7,user165@example.com,train,1,competitor
C000166,2023-03-09,EU,Basic,Monthly,15,63.06,58.02,0.0,26,user166@example.com,train,1,price
C000167,2020-09-20,EU,Basic,Annual,45,49.37,45.42,1.0,12,,train,0,
C000168,2021-06-17,EU,Basic,Monthly,36,20.13,18.52,1.0,21,,train,0,
C000169,2024-01-03,EU,Basic,Annual,5,51.06,46.98,1.0,4,user169@example.com,train,0,
C000170,2022-09-10,EU,Premium,Monthly,21,70.28,64.66,1.0,0,user170@example.com,train,1,competitor
C000171,2019-02-28,EU, Premium ,Monthly,64,70.07,64.46,1.0,7,user171@example.com,train,0,
C000172,2022-04-13,EU,Basic,Two year,26,62.16,57.19,2.0,5,user172@example.com,test,1,moved
C000173,2023-02-07,EU,Standard,Monthly,16,73.76,67.86,2.0,22,user173@example.com,train,1,service
C000174,2022-07-12,EU,Standard,Annual,23,35.47,32.63,3.0,N/A,user174@example.com,train,0,
C000175,2022-06-12,EU,Basic,Annual,24,39.58,36.41,5.0,13,user175@example.com,train,0,
C000176,2023-05-08,EU,Premium,,13,72.04,66.28,1.0,1,user176@example.com,test,1,moved
C000177,2023-03-09,EU,Basic,Monthly,15,79.59,73.22,2.0,5,user177@example.com,train,1,price
C000178,2022-08-11,EU,Basic,Monthly,22,70.33,64.7,2.0,unknown,user178@example.com,train,1,competitor
C000179,2019-02-28,EU,Premium,Monthly,64,63.9,58.79,1.0,13,user179@example.com,train,0,
C000180,2019-01-29,EU,Premium,Monthly,65,20.0,18.4,0.0,11,user180@example.com,train,0,
C000181,2019-01-29,EU,PREMIUM,Annual,65,91.39,84.08,0.0,27,user181@example.com,train,0,
C000182,2022-09-10,EU,Basic,Monthly,21,80.29,73.87,1.0,9,user182@example.com,test,1,competitor
C000183,2020-10-20,EU,Basic,Annual,44,73.82,67.91,1.0,17,user183@example.com,test,1,moved
C000184,2018-09-01,EU,Standard,Annual,70,50.91,46.84,1.0,0,,train,0,
C000185,2018-12-30,EU,Basic,Monthly,66,37.71,34.69,0.0,unknown,user185@example.com,test,0,
C000186,2020-01-24,EU,Premium,Monthly,53,98.49,90.61,1.0,28,user186@example.com,test,1,price
C000187,2021-10-15,EU,Standard,Monthly,32,61.49,56.57,1.0,24,,test,1,competitor
C000188,2020-01-24,EU,Basic,Annual,53,80.23,73.81,0.0,12,user188@example.com,test,0,
C000189,2019-06-28,EU,Standard,Annual,60,81.95,75.39,0.0,21,,train,0,
C000190,2020-03-24,EU,Standard,Monthly,51,70.38,64.75,0.0,5,user190@example.com,train,0,
C000191,2022-06-12,EU,Standard,Monthly,24,82.3,75.72,0.0,17,,test,0,
C000192,2021-12-14,EU,Standard,Monthly,30,90.01,82.81,1.0,2,user192@example.com,train,1,moved
C000193,2022-01-13,EU,Standard,Monthly,29,22.91,21.08,2.0,14,,train,1,price
C000194,2024-03-03,EU,Basic,,3,70.95,65.27,1.0,29,user194@example.com,train,1,price
C000195,2020-12-19,EU,Basic,Annual,42,115.17,105.96,2.0,0,user195@example.com,train,1,moved
C000196,2020-08-21,EU,Basic,Two year,46,20.0,18.4,2.0,15,user196@example.com,train,0,
C000197,2023-08-06,EU, Premium ,Monthly,10,85.5,78.66,0.0,27,user197@example.com,train,1,competitor
C000198,2020-10-20,EU,Standard,Two year,44,63.38,58.31,0.0,18,user198@example.com,train,0,
C000199,2019-03-30,EU,Basic,Two year,63,56.65,52.12,2.0,22,,train,0,
C000200,2022-04-13,EU,Basic,Annual,26,55.74,51.28,1.0,unknown,user200@example.com,train,1,price
C000201,2020-11-19,EU,Basic,Monthly,43,91.26,83.96,0.0,9,user201@example.com,train,1,service
C000202,2020-10-20,EU,Standard,Annual,44,25.31,23.29,3.0,20,user202@example.com,train,1,moved
C000203,2021-01-18,EU,Basic,Monthly,41,94.19,86.65,2.0,11,,test,1,moved
C000204,2023-08-06,EU,Premium,Monthly,10,134.81,124.03,1.0,6,user204@example.com,test,1,price
C000205,2019-02-28,EU,Standard,Annual,64,62.07,57.1,3.0,12,user205@example.com,train,0,
C000206,2024-03-03,EU,Premium,Monthly,3,39.66,36.49,4.0,23,user206@example.com,train,1,moved
C000207,2022-03-14,EU,Basic,Monthly,27,102.85,94.62,1.0,26,user207@example.com,train,0,
C000208,2023-09-05,EU,Basic,,9,51.12,47.03,2.0,6,,train,1,price
C000209,2023-12-04,EU,Standard,Annual,6,104.78,96.4,0.0,12,user209@example.com,train,1,price
C000210,2019-12-25,EU,Basic,,54,91.2,83.9,1.0,18,,train,0,
C000211,2018-11-30,EU,Standard,Monthly,67,102.77,94.55,0.0,10,,train,0,
C000212,2018-12-30,EU,Basic,Monthly,66,102.68,94.47,3.0,17,,train,1,moved
C000213,2022-08-11,EU,Standard,Monthly,22,66.52,61.2,1.0,19,,train,1,service
C000214,2018-12-30,EU,Basic,Annual,66,69.76,64.18,0.0,15,user214@example.com,train,0,
C000215,2018-10-31,EU,Basic,Annual,68,88.2,81.14,2.0,22,user215@example.com,train,0,
C000216,2019-03-30,EU,Standard,Monthly,63,40.3,37.08,1.0,6,user216@example.com,train,0,
C000217,2023-12-04,EU,Standard,Annual,6,78.21,71.95,0.0,8,user217@example.com,train,1,service
C000218,2018-10-31,EU,Basic,Two year,68,82.69,76.07,3.0,17,user218@example.com,train,0,
C000219,2022-01-13,EU,Standard,Monthly,29,96.44,88.72,4.0,0,user219@example.com,train,1,competitor
C000220,2023-02-07,EU,Standard,Two year,16,77.67,71.46,0.0,9,user220@example.com,train,0,
C000221,2022-03-14,EU,Basic,Monthly,27,53.9,49.59,0.0,2,,train,0,
C000222,2021-02-17,EU,Standard,,40,66.67,61.34,1.0,26,user222@example.com,train,0,
C000223,2023-05-08,EU,Standard,Annual,13,45.12,41.51,1.0,9,,test,1,competitor
C000224,2020-02-23,EU,Basic,Monthly,52,110.97,102.09,0.0,16,user224@example.com,test,0,
C000225,2022-11-09,EU,Basic,Monthly,19,122.34,112.55,2.0,16,user225@example.com,train,1,competitor
C000226,2019-09-26,EU,Premium,Annual,57,97.48,89.68,0.0,N/A,,train,0,
C000227,2021-03-19,EU,Standard,Monthly,39,57.04,52.48,3.0,22,,test,1,moved
C000228,2022-12-09,EU,Basic,Monthly,18,58.96,54.24,0.0,10,,train,0,
C000229,2020-06-22,EU,Enterprise,,48,51.86,47.71,1.0,10,user229@example.com,train,1,moved
C000230,2020-02-23,EU,Basic,Annual,52,64.13,59.0,2.0,9,user230@example.com,train,0,
C000231,2020-05-23,EU,Premium,Monthly,49,20.16,18.55,2.0,29,user231@example.com,train,1,moved
C000232,2022-05-13,EU,Basic,Annual,25,66.58,61.25,2.0,19,,test,1,price
C000233,2023-08-06,EU,Basic,Monthly,10,93.29,85.83,0.0,15,user233@example.com,train,1,price
C000234,2020-09-20,EU,Standard,,45,54.33,49.98,0.0,11,user234@example.com,train,0,
C000235,2020-05-23,EU,Basic,,49,58.46,53.78,1.0,14,,train,0,
C000236,2019-07-28,EU,Basic,Annual,59,81.39,74.88,0.0,22,user236@example.com,train,1,competitor
C000237,2021-01-18,EU,Basic,Annual,41,60.58,55.73,2.0,21,user237@example.com,train,0,
C000238,2019-07-28,EU,Basic,Monthly,59,60.29,55.47,1.0,19,user238@example.com,train,0,
C000239,2020-09-20,EU,Standard,Annual,45,52.04,47.88,1.0,12,user239@example.com,train,0,
C000240,2021-03-19,EU,Standard,Annual,39,65.63,60.38,1.0,10,user240@example.com,train,0,
C000241,2024-01-03,EU,Standard,Annual,5,57.58,52.97,0.0,24,,train,0,
C000242,2019-03-30,EU, Premium ,Annual,63,75.08,69.07,0.0,10,user242@example.com,train,0,
C000243,2020-10-20,EU,Basic,Monthly,44,79.98,73.58,0.0,N/A,,test,0,
C000244,2024-03-03,EU,Standard,Two year,3,98.7,90.8,0.0,22,user244@example.com,train,1,competitor
C000245,2022-04-13,EU,Basic,Monthly,26,62.91,57.88,4.0,14,,train,1,competitor
C000246,2019-04-29,EU,Basic,,62,119.53,109.97,1.0,19,user246@example.com,train,0,
C000247,2018-11-30,EU,Basic,,67,74.59,68.62,0.0,10,,train,0,
C000248,2020-05-23,EU,Standard,Monthly,49,42.52,39.12,0.0,16,user248@example.com,train,0,
C000249,2019-01-29,EU,Standard,Annual,65,94.83,87.24,0.0,15,,train,0,
C000250,2024-05-02,EU,Standard,Monthly,1,80.5,74.06,5.0,unknown,user250@example.com,train,1,service
C000251,2018-10-31,EU,Basic,Monthly,68,92.96,85.52,0.0,9,user251@example.com,test,0,
C000252,2022-07-12,EU,Standard,Annual,23,81.47,74.95,1.0,19,,train,0,
C000253,2022-12-09,EU,Premium,Annual,18,105.39,96.96,1.0,14,user253@example.com,train,1,service
C000254,2020-09-20,EU,Basic,Two year,45,53.51,49.23,0.0,22,user254@example.com,train,0,
C000255,2020-03-24,EU,Standard,Monthly,51,30.3,27.88,0.0,23,,train,0,
C000256,2019-10-26,EU,premium,Monthly,56,66.36,61.05,0.0,10,,train,0,
C000257,2022-08-11,EU,PREMIUM,Monthly,22,105.72,97.26,2.0,17,user257@example.com,train,1,price
C000258,2023-06-07,EU,Basic,Two year,12,93.8,86.3,1.0,15,user258@example.com,train,0,
C000259,2022-07-12,EU,Basic,Two year,23,72.44,66.64,1.0,16,user259@example.com,train,1,competitor
C000260,2021-06-17,EU,Basic,Monthly,36,56.66,52.13,2.0,6,user260@example.com,train,1,price
C000261,2021-12-14,EU,Basic,Monthly,30,89.74,82.56,1.0,28,,test,1,moved
C000262,2020-07-22,EU,Basic,Monthly,47,86.54,79.62,0.0,1,,train,1,price
C000263,2019-12-25,EU,Basic,Annual,54,73.82,67.91,0.0,23,,test,0,
C000264,2022-12-09,EU,Basic,Annual,18,36.72,33.78,1.0,9,,train,0,
C000265,2023-02-07,EU,Basic,Annual,16,123.44,113.56,3.0,3,user265@example.com,test,1,moved
C000266,2018-10-01,EU,Basic,,69,28.95,26.63,3.0,0,user266@example.com,train,0,
C000267,2019-02-28,EU,Basic,Monthly,64,139.63,128.46,2.0,0,,train,1,service
C000268,2021-10-15,EU,Standard,Annual,32,64.38,59.23,3.0,22,,train,1,moved
C000269,2020-06-22,EU,Standard,Monthly,48,51.75,47.61,1.0,1,user269@example.com,train,0,
C000270,2019-11-25,EU,Basic,Monthly,55,29.69,27.31,1.0,23,,train,1,moved
C000271,2023-11-04,EU,Premium,Annual,7,75.98,69.9,2.0,13,user271@example.com,train,1,price
C000272,2019-09-26,EU,Basic,Monthly,57,42.08,38.71,2.0,5,,train,0,
C000273,2019-03-30,EU,Standard,Two year,63,71.88,66.13,0.0,2,user273@example.com,train,0,
C000274,2021-01-18,EU,Premium,,41,68.85,63.34,1.0,5,user274@example.com,train,1,moved
C000275,2022-01-13,EU,Basic,Two year,29,94.4,86.85,1.0,17,user275@example.com,test,0,
C000276,2020-04-23,EU,Standard,Monthly,50,46.9,43.15,0.0,10,user276@example.com,train,0,
C000277,2021-08-16,EU,PREMIUM,Monthly,34,85.24,78.42,2.0,12,user277@example.com,train,0,
C000278,2020-02-23,EU,Premium,Monthly,52,87.56,80.56,2.0,14,user278@example.com,train,1,moved
C000279,2020-08-21,EU,Premium,Two year,46,90.92,83.65,0.0,7,user279@example.com,test,0,
C000280,2021-07-17,EU,Basic,Annual,35,99.45,91.49,2.0,12,user280@example.com,test,1,competitor
C000281,2023-04-08,EU,Premium,Monthly,14,31.41,28.9,1.0,3,user281@example.com,train,1,price
C000282,2022-06-12,EU,Premium,Two year,24,65.23,60.01,0.0,29,,train,0,
C000283,2019-09-26,EU,Basic,Monthly,57,63.92,58.81,2.0,21,user283@example.com,train,0,
C000284,2021-08-16,EU,Standard,Monthly,34,71.59,65.86,0.0,20,,train,1,competitor
C000285,2024-04-02,EU,Basic,Monthly,2,62.32,57.33,0.0,26,user285@example.com,train,0,
C000286,2019-05-29,EU,Standard,Annual,61,82.42,75.83,0.0,17,user286@example.com,train,0,
C000287,2021-04-18,EU,premium,Annual,38,62.07,57.1,2.0,14,,train,0,
C000288,2020-04-23,EU,Standard,Two year,50,55.92,51.45,2.0,28,user288@example.com,train,0,
C000289,2021-03-19,EU,Standard,Annual,39,80.09,73.68,1.0,7,,train,0,
C000290,2019-09-26,EU,Standard,Monthly,57,105.8,97.34,2.0,9,,train,0,
C000291,2023-01-08,EU,Standard,Two year,17,54.83,50.44,1.0,4,,train,1,price
C000292,2018-10-31,EU,Basic,Annual,68,79.39,73.04,1.0,18,,train,0,
C000293,2020-05-23,EU,Standard,Monthly,49,73.73,67.83,0.0,19,user293@example.com,train,0,
C000294,2020-02-23,EU,Basic,,52,77.92,71.69,1.0,27,user294@example.com,test,0,
C000295,2023-04-08,EU,Basic,Two year,14,79.37,73.02,1.0,2,,train,1,service
C000296,2023-11-04,EU,Standard,Monthly,7,62.26,57.28,1.0,19,user296@example.com,test,1,price
C000297,2020-05-23,EU,Standard,Annual,49,100.54,92.5,0.0,15,,train,0,
C000298,2020-04-23,EU,Standard,Two year,50,20.0,18.4,1.0,N/A,,test,0,
C000299,2022-11-09,EU,Standard,Annual,19,52.01,47.85,1.0,24,user299@example.com,train,1,service
C000300,2019-02-28,EU,Standard,Monthly,64,49.25,45.31,0.0,2,user300@example.com,test,0,
C000301,2021-03-19,EU,Premium,Monthly,39,81.46,74.94,0.0,N/A,,test,1,price
C000302,2020-06-22,EU,premium,Annual,48,57.51,52.91,2.0,17,user302@example.com,train,0,
C000303,2019-07-28,EU,Basic,,59,91.2,83.9,1.0,9,user303@example.com,test,1,service
C000304,2023-06-07,EU,Standard,Monthly,12,26.32,24.21,2.0,18,user304@example.com,train,0,
C000305,2024-05-02,EU,Standard,Monthly,1,118.4,108.93,1.0,29,,train,1,service
C000306,2023-05-08,EU,Standard,Monthly,13,39.79,36.61,0.0,26,,train,1,
C000307,2021-10-15,EU,Basic,Monthly,32,84.53,77.77,0.0,26,,train,1,service
C000308,2018-11-30,EU,Standard,Annual,67,26.13,24.04,2.0,23,,train,0,
C000309,2022-11-09,EU,Premium,Monthly,19,20.0,18.4,1.0,17,,train,1,moved
C000310,2024-05-02,EU,Basic,Two year,1,69.13,63.6,3.0,21,,train,1,competitor
C000311,2022-05-13,EU,Standard,Monthly,25,91.32,84.01,1.0,5,,train,1,competitor
C000312,2019-10-26,EU,Basic,Annual,56,93.98,86.46,1.0,unknown,,train,0,
C000313,2022-10-10,EU,Standard,Monthly,20,99.09,91.16,0.0,N/A,,train,0,
C000314,2019-03-30,EU,Standard,Annual,63,83.24,76.58,2.0,22,,train,0,
C000315,2023-09-05,EU,Standard,Monthly,9,65.37,60.14,0.0,25,,test,0,
C000316,2018-11-30,EU,Standard,Annual,67,57.87,53.24,1.0,29,,train,0,
C000317,2020-09-20,EU,Standard,Monthly,45,86.88,79.93,2.0,25,user317@example.com,train,1,service
C000318,2022-03-14,EU,Standard,Annual,27,102.21,94.03,0.0,18,user318@example.com,train,1,competitor
C000319,2019-11-25,EU,Basic,Monthly,55,39.49,36.33,0.0,none,user319@example.com,test,0,
C000320,2018-09-01,EU,Basic,Annual,70,60.65,55.8,0.0,24,,train,0,
C000321,2021-06-17,EU,Premium,Monthly,36,133.51,122.83,2.0,28,user321@example.com,train,1,competitor
C000322,2021-01-18,EU,Standard,Two year,41,78.0,71.76,2.0,24,user322@example.com,train,0,
C000323,2023-03-09,EU,Premium,,15,69.25,63.71,1.0,0,,train,1,price
C000324,2022-10-10,EU,Basic,Monthly,20,81.46,74.94,0.0,22,,train,1,competitor
C000325,2018-09-01,EU,Premium,Two year,70,94.08,86.55,2.0,8,user325@example.com,test,0,
C000326,2021-11-14,EU,Basic,Two year,31,89.39,82.24,3.0,17,user326@example.com,train,1,competitor
C000327,2020-10-20,EU,Basic,Two year,44,57.13,52.56,0.0,29,,test,0,
C000328,2020-11-19,EU,Basic,Monthly,43,88.01,80.97,0.0,6,user328@example.com,test,1,moved
C000329,2018-12-30,EU,Standard,Annual,66,76.11,70.02,0.0,7,user329@example.com,train,1,competitor
C000330,2021-08-16,EU,Premium,Monthly,3400,46.22,42.52,1.0,16,,train,1,moved
C000331,2022-07-12,EU,Standard,Annual,23,63.55,58.47,1.0,2,user331@example.com,train,0,
C000332,2018-09-01,EU,Standard,Annual,70,59.29,54.55,2.0,22,,train,0,
C000333,2024-04-02,EU,Basic,Monthly,2,50.17,46.16,1.0,27,user333@example.com,train,1,competitor
C000334,2021-05-18,EU,Basic,Monthly,37,85.96,79.08,0.0,16,user334@example.com,train,0,
C000335,2023-04-08,EU,Standard,Monthly,14,65.41,60.18,0.0,4,user335@example.com,test,1,competitor
C000336,2023-03-09,EU,Standard,Monthly,1500,20.0,18.4,4.0,25,,test,1,price
C000337,2019-10-26,EU,PREMIUM,Annual,56,79.86,73.47,0.0,4,user337@example.com,train,0,
C000338,2024-03-03,EU,Premium,Annual,3,73.21,67.35,2.0,24,user338@example.com,train,1,service
C000339,2021-04-18,EU,Standard,Annual,38,66.0,60.72,2.0,13,user339@example.com,test,1,service
C000340,2022-11-09,EU,Basic,Two year,19,92.31,84.93,2.0,6,user340@example.com,train,0,
C000341,2022-11-09,EU,Standard,Monthly,19,71.08,65.39,0.0,13,user341@example.com,train,0,
C000342,2022-05-13,EU,Basic,Two year,25,88.71,81.61,2.0,unknown,user342@example.com,train,0,
C000343,2019-12-25,EU,Basic,Monthly,54,77.03,70.87,1.0,none,user343@example.com,train,0,
C000344,2022-12-09,EU,Basic,Monthly,18,27.98,25.74,2.0,22,user344@example.com,train,1,moved
C000345,2018-08-02,EU,Standard,Two year,71,38.95,35.83,0.0,7,user345@example.com,test,0,
C000346,2024-04-02,EU,Premium,Annual,2,65.37,60.14,0.0,23,user346@example.com,train,0,
C000347,2022-10-10,EU,Basic,Annual,20,48.47,44.59,2.0,10,user347@example.com,train,1,price
C000348,2022-01-13,EU,Basic,Monthly,29,107.46,98.86,0.0,0,,test,1,price
C000349,2018-10-01,EU,Basic,Monthly,69,101.03,92.95,1.0,0,user349@example.com,test,0,
C000350,2021-03-19,EU,Basic,Monthly,39,71.28,65.58,0.0,13,,train,0,
C000351,2018-08-02,EU,Basic,,71,45.95,42.27,1.0,21,user351@example.com,test,0,
C000352,2020-02-23,EU,Standard,Monthly,52,104.75,96.37,1.0,10,user352@example.com,train,1,moved
C000353,2023-01-08,EU,Basic,,17,114.02,104.9,2.0,8,,test,1,price
C000354,2020-05-23,EU,Premium,Two year,49,82.86,76.23,3.0,16,user354@example.com,train,0,
C000355,2018-08-02,EU,Standard,Two year,71,97.34,89.55,1.0,7,user355@example.com,train,0,
C000356,2018-12-30,EU,Basic,Monthly,66,64.29,59.15,1.0,0,,train,0,
C000357,2023-10-05,EU,Basic,Monthly,8,126.08,115.99,2.0,28,,test,1,moved
C000358,2022-05-13,EU,Premium,Monthly,25,86.11,79.22,2.0,14,,train,1,service
C000359,2020-02-23,EU,Standard,Monthly,52,84.38,77.63,1.0,none,user359@example.com,train,1,competitor
C000360,2020-07-22,EU,Premium,,47,96.05,88.37,0.0,0,,train,0,
C000361,2022-12-09,EU,Premium,Monthly,18,84.14,77.41,1.0,0,,test,1,moved
C000362,2021-03-19,EU,Premium,Monthly,39,72.06,66.3,1.0,24,user362@example.com,train,1,price
C000363,2021-04-18,EU,Basic,Two year,38,96.41,88.7,3.0,N/A,,train,1,price
C000364,2020-06-22,EU,Standard,Annual,48,85.89,79.02,2.0,none,,train,0,
C000365,2021-05-18,EU,Basic,Monthly,37,59.17,54.44,2.0,N/A,user365@example.com,train,1,service
C000366,2019-08-27,EU,Premium,Annual,58,79.91,73.52,1.0,20,user366@example.com,train,0,
C000367,2022-01-13,EU,Standard,Two year,29,68.86,63.35,1.0,23,user367@example.com,train,0,
C000368,2022-02-12,EU,Basic,Annual,28,66.54,61.22,0.0,19,user368@example.com,train,1,price
C000369,2020-06-22,EU,Standard,Annual,48,91.23,83.93,1.0,16,,train,1,moved
C000370,2024-04-02,EU,Standard,Monthly,2,116.32,107.01,1.0,21,user370@example.com,train,1,price
C000371,2018-10-01,EU,Standard,Monthly,69,82.98,76.34,1.0,28,,test,0,
C000372,2022-10-10,EU,Premium,Annual,20,51.55,47.43,0.0,26,user372@example.com,train,0,moved
C000373,2023-08-06,EU,premium,Monthly,10,92.52,85.12,2.0,17,user373@example.com,train,1,competitor
C000374,2019-06-28,EU,Standard,Monthly,60,79.72,73.34,0.0,none,user374@example.com,train,0,
C000375,2020-01-24,EU,Basic,Monthly,53,94.63,87.06,0.0,14,,test,0,
C000376,2022-03-14,EU,Basic,,27,88.63,81.54,1.0,22,,train,0,
C000377,2021-11-14,EU,Basic,Two year,31,35.27,32.45,1.0,18,user377@example.com,train,0,
C000378,2022-09-10,EU,Basic,Annual,21,52.37,48.18,2.0,24,user378@example.com,train,0,
C000379,2023-05-08,EU,Basic,Annual,13,86.6,79.67,1.0,3,user379@example.com,train,1,competitor
C000380,2023-07-07,EU,Standard,Monthly,11,91.44,84.12,0.0,16,user380@example.com,train,1,price
C000381,2022-05-13,EU, Premium ,Annual,25,78.43,72.16,2.0,18,user381@example.com,train,1,price
C000382,2020-06-22,EU,Standard,Monthly,48,45.35,41.72,0.0,19,user382@example.com,train,0,
C000383,2020-03-24,EU,Standard,Annual,51,46.87,43.12,0.0,5,user383@example.com,train,0,
C000384,2023-09-05,EU,Standard,,9,81.67,75.14,0.0,5,user384@example.com,train,0,
C000385,2018-11-30,EU,Standard,Monthly,67,83.55,76.87,2.0,14,user385@example.com,train,0,competitor
C000386,2019-12-25,EU,Basic,Monthly,54,100.51,92.47,1.0,24,user386@example.com,train,0,
C000387,2019-06-28,EU,Basic,Monthly,60,64.31,59.17,2.0,20,user387@example.com,train,0,
C000388,2019-04-29,EU,Premium,Annual,62,62.1,57.13,0.0,16,user388@example.com,test,0,
C000389,2021-01-18,EU,Standard,Two year,41,91.08,83.79,0.0,10,user389@example.com,train,0,
C000390,2020-12-19,EU,Standard,Monthly,42,91.64,84.31,0.0,26,,train,0,
C000391,2019-12-25,EU,Standard,Monthly,54,76.18,70.09,1.0,9,user391@example.com,train,1,moved
C000392,2020-07-22,EU,Premium,Annual,47,41.08,37.79,3.0,unknown,user392@example.com,train,0,
C000393,2021-12-14,EU,Standard,Two year,30,114.4,105.25,1.0,21,user393@example.com,train,1,competitor
C000394,2031-04-02,EU,Standard,Annual,49,82.92,76.29,2.0,27,user394@example.com,train,0,
C000395,2031-04-02,EU,Standard,Monthly,58,69.61,64.04,1.0,4,user395@example.com,test,0,
C000396,2021-12-14,EU,Basic,Annual,30,87.0,80.04,0.0,26,,train,1,service
C000397,2023-04-08,EU,Basic,Monthly,14,58.42,53.75,2.0,10,,train,1,price
C000398,2019-02-28,EU,Standard,Monthly,64,55.07,50.66,2.0,14,user398@example.com,train,0,
C000399,2018-08-02,EU,Basic,,71,100.98,92.9,3.0,25,,train,0,
C000400,2019-07-28,EU,Basic,Two year,59,38.97,35.85,0.0,7,user400@example.com,train,0,
C000401,2019-09-26,EU,Standard,Monthly,57,35.82,32.95,1.0,29,user401@example.com,train,0,
C000402,2022-01-13,EU,Basic,Annual,29,69.31,63.77,1.0,5,,train,0,
C000403,2019-12-25,EU,Basic,Monthly,54,101.79,93.65,0.0,22,user403@example.com,test,0,
C000404,2021-01-18,EU,Basic,Monthly,41,70.05,64.45,0.0,16,user404@example.com,train,1,price
C000405,2019-03-30,EU,Basic,Two year,63,110.38,101.55,0.0,5,,train,1,moved
C000406,2022-11-09,EU,Standard,Monthly,19,24.42,22.47,1.0,none,,train,0,
C000407,2023-10-05,EU,Basic,Monthly,8,45.71,42.05,1.0,28,,train,1,service
C000408,2023-05-08,EU,Standard,Monthly,13,32.89,30.26,4.0,20,,train,1,price
C000409,2023-07-07,EU,Basic,Monthly,11,112.74,103.72,2.0,21,,test,1,competitor
C000410,2019-09-26,EU,Standard,Two year,57,93.3,85.84,2.0,3,,train,0,
C000411,2023-03-09,EU,Basic,Two year,15,97.32,89.53,1.0,N/A,user411@example.com,train,0,
C000412,2020-07-22,EU,Basic,Monthly,47,59.56,54.8,1.0,none,user412@example.com,test,1,moved
C000413,2022-07-12,EU,Premium,Monthly,23,63.56,58.48,3.0,23,user413@example.com,train,1,moved
C000414,2023-01-08,EU,Basic,Annual,17,89.8,82.62,2.0,11,,train,0,price
C000415,2023-06-07,EU,Basic,Two year,12,61.16,56.27,1.0,21,user415@example.com,test,0,
C000416,2020-04-23,EU,Basic,Monthly,50,67.72,62.3,1.0,11,user416@example.com,train,1,service
C000417,2019-11-25,EU,Basic,,55,104.07,95.74,2.0,10,user417@example.com,test,0,
C000418,2019-05-29,EU,Basic,Annual,61,84.83,78.04,2.0,N/A,user418@example.com,train,0,
C000419,2023-09-05,EU,Premium,Annual,9,79.66,73.29,1.0,28,user419@example.com,test,1,moved
C000420,2022-01-13,EU,Basic,Monthly,29,61.98,57.02,4.0,25,user420@example.com,test,1,moved
C000421,2019-11-25,EU,Premium,Monthly,55,94.49,86.93,1.0,21,,test,1,competitor
C000422,2020-03-24,EU,Premium,Monthly,51,78.55,72.27,0.0,15,user422@example.com,test,0,
C000423,2024-03-03,EU,Standard,Monthly,3,62.28,57.3,0.0,26,user423@example.com,train,1,service
C000424,2020-11-19,EU,Standard,Monthly,43,125.49,115.45,3.0,14,user424@example.com,test,1,price
C000425,2018-10-01,EU,Standard,Annual,69,60.01,55.21,0.0,25,,test,0,
C000426,2020-09-20,EU,Standard,Annual,45,55.42,50.99,1.0,1,user426@example.com,train,0,
C000427,2023-11-04,EU,Standard,Monthly,7,37.33,34.34,2.0,21,,train,1,price
C000428,2021-08-16,EU,Basic,Monthly,34,62.38,57.39,2.0,20,,train,1,moved
C000429,2021-03-19,EU,Standard,Monthly,39,72.6,66.79,0.0,18,,test,0,
C000430,2020-05-23,EU,PREMIUM,Monthly,49,80.36,73.93,0.0,19,user430@example.com,train,0,
C000431,2022-02-12,EU,Standard,Annual,28,87.87,80.84,1.0,7,,train,0,
C000432,2019-09-26,EU,Basic,Monthly,57,46.87,43.12,3.0,26,user432@example.com,train,0,
C000433,2020-07-22,EU,Basic,,47,89.62,82.45,0.0,20,user433@example.com,test,1,service
C000434,2018-10-01,EU,Basic,Monthly,69,55.3,50.88,2.0,25,user434@example.com,test,1,moved
C000435,2019-08-27,EU,Basic,Annual,58,121.33,111.62,0.0,23,user435@example.com,train,0,
C000436,2023-09-05,EU,Standard,Two year,9,69.69,64.11,0.0,5,,train,1,service
C000437,2021-12-14,EU,Basic,Annual,30,42.68,39.27,1.0,12,user437@example.com,train,0,
C000438,2020-01-24,EU,Standard,Annual,53,56.39,51.88,0.0,29,user438@example.com,train,0,
C000439,2023-12-04,EU,Premium,,6,63.84,58.73,1.0,none,user439@example.com,train,0,
C000440,2018-08-02,EU,Standard,Annual,71,70.92,65.25,1.0,9,,test,0,
C000441,2019-10-26,EU,PREMIUM,Monthly,56,65.95,60.67,0.0,1,user441@example.com,train,0,
C000442,2023-10-05,EU,Basic,,8,73.85,67.94,2.0,18,user442@example.com,train,1,moved
C000443,2022-07-12,EU,Standard,Two year,23,66.57,61.24,2.0,15,,train,1,competitor
C000444,2022-02-12,EU,Basic,Annual,28,79.24,72.9,3.0,2,user444@example.com,train,0,
C000445,2018-09-01,EU,Premium,Monthly,70,80.51,74.07,1.0,15,,train,0,
C000446,2022-09-10,EU,Basic,Monthly,21,54.92,50.53,2.0,20,user446@example.com,test,1,price
C000447,2018-10-01,EU,Basic,Monthly,69,38.76,35.66,1.0,25,user447@example.com,train,0,
C000448,2022-01-13,EU,Basic,,29,86.84,79.89,1.0,26,,train,1,competitor
C000449,2024-05-02,EU,Premium,Monthly,1,44.31,40.77,4.0,15,user449@example.com,test,1,moved
C000450,2019-08-27,EU,Premium,Annual,58,79.27,72.93,3.0,26,user450@example.com,test,0,
C000451,2019-09-26,EU,Premium,Monthly,57,63.09,58.04,1.0,6,user451@example.com,train,0,
C000452,2021-05-18,EU,Standard,Annual,37,118.08,108.63,0.0,24,user452@example.com,train,1,moved
C000453,2020-01-24,EU,Premium,Annual,53,54.49,50.13,0.0,20,user453@example.com,train,0,
C000454,2023-09-05,EU,Standard,Annual,9,20.0,18.4,1.0,4,user454@example.com,train,0,
C000455,2020-08-21,EU,premium,Two year,46,35.52,32.68,2.0,4,user455@example.com,train,0,
C000456,2022-08-11,EU,Basic,Two year,22,89.6,82.43,3.0,10,user456@example.com,test,0,
C000457,2021-10-15,EU,Standard,Annual,32,67.03,61.67,0.0,9,user457@example.com,train,1,service
C000458,2021-12-14,EU,Basic,Two year,30,92.76,85.34,1.0,14,,train,0,
C000459,2023-12-04,EU,Basic,Monthly,6,68.65,63.16,0.0,4,user459@example.com,train,1,competitor
C000460,2020-04-23,EU,Basic,Monthly,50,89.8,82.62,0.0,2,user460@example.com,test,0,
C000461,2019-12-25,EU,Basic,Monthly,54,73.04,67.2,4.0,29,user461@example.com,train,1,price
C000462,2023-11-04,EU,Basic,Monthly,7,107.22,98.64,3.0,8,user462@example.com,train,1,competitor
C000463,2020-12-19,EU,Premium,Annual,42,114.27,105.13,3.0,22,user463@example.com,train,1,moved
C000464,2022-03-14,EU,Standard,Annual,27,82.81,76.19,2.0,22,user464@example.com,test,1,service
C000465,2022-06-12,EU,Standard,Monthly,24,58.93,54.22,0.0,none,user465@example.com,train,1,price
C000466,,EU,,,62,,,,,,train,0,
C000467,2020-05-23,EU,Standard,Two year,49,90.65,83.4,1.0,27,user467@example.com,test,1,moved
C000468,2022-07-12,EU,Basic,Monthly,23,84.86,78.07,3.0,28,user468@example.com,train,1,service
C000469,2024-03-03,EU,Basic,Monthly,3,65.1,59.89,1.0,16,,test,1,price
C000470,2021-03-19,EU,Basic,Two year,39,20.0,18.4,2.0,28,,train,0,
C000471,2021-10-15,EU,Basic,Annual,32,69.8,64.22,1.0,5,,train,1,competitor
C000472,2021-04-18,EU,Premium,Monthly,38,55.2,50.78,0.0,23,user472@example.com,train,0,
C000473,2020-08-21,EU,Standard,Monthly,46,78.97,72.65,3.0,6,,train,1,service
C000474,2020-01-24,EU,Standard,Annual,53,88.32,81.25,0.0,18,user474@example.com,train,0,
C000475,2021-09-15,EU,Basic,Monthly,33,70.41,64.78,0.0,17,,train,0,
C000476,2019-01-29,EU,Premium,Monthly,65,66.34,61.03,1.0,1,,test,0,
C000477,2021-03-19,EU, Premium ,Monthly,39,63.73,58.63,3.0,4,user477@example.com,train,1,price
C000478,2031-04-02,EU,Standard,Monthly,38,78.99,72.67,2.0,12,user478@example.com,train,0,
C000479,2023-03-09,EU,Premium,,15,78.77,72.47,2.0,26,,train,0,
C000480,2023-08-06,EU,Premium,Monthly,10,97.94,90.1,2.0,23,user480@example.com,train,1,competitor
C000481,2022-08-11,EU,Basic,,22,31.93,29.38,2.0,9,user481@example.com,test,1,price
C000482,2021-12-14,EU,Standard,Two year,30,46.06,42.38,1.0,20,user482@example.com,train,1,moved
C000483,2021-07-17,EU,Basic,Annual,35,53.87,49.56,0.0,25,user483@example.com,test,0,
C000484,2024-05-02,EU,Basic,Monthly,1,91.26,83.96,2.0,0,,train,1,competitor
C000485,2021-12-14,EU,Premium,Annual,30,79.61,73.24,2.0,19,user485@example.com,test,1,competitor
C000486,2023-04-08,EU,Premium,Two year,14,43.91,40.4,1.0,12,,test,0,
C000487,2023-03-09,EU,PREMIUM,Annual,15,78.69,72.39,0.0,3,user487@example.com,train,0,
C000488,2019-11-25,EU,Basic,Monthly,55,36.27,33.37,0.0,6,user488@example.com,train,0,
C000489,2022-02-12,EU,Standard,Monthly,28,108.05,99.41,4.0,20,,test,1,moved
C000490,2021-03-19,EU,Premium,Two year,39,86.0,79.12,1.0,2,user490@example.com,train,0,
C000491,2020-12-19,EU,Basic,Monthly,42,81.83,75.28,1.0,19,user491@example.com,train,0,
C000492,2023-12-04,EU,Standard,Monthly,6,84.13,77.4,2.0,13,user492@example.com,train,1,service
C000493,2019-06-28,EU,Standard,Monthly,60,88.56,81.48,0.0,17,user493@example.com,train,0,
C000494,2018-09-01,EU,PREMIUM,Monthly,70,99.54,91.58,2.0,15,user494@example.com,test,1,competitor
C000495,2021-04-18,EU,Basic,Monthly,38,117.79,108.37,1.0,2,user495@example.com,test,1,service
C000496,2020-01-24,EU,Standard,Monthly,53,60.35,55.52,3.0,15,,train,1,moved
C000497,2019-12-25,EU,Basic,Monthly,54,50.96,46.88,3.0,15,user497@example.com,test,1,competitor
C000498,2019-12-25,EU,Standard,Monthly,54,64.25,59.11,0.0,8,user498@example.com,train,0,
C000499,2020-03-24,EU,Basic,Annual,51,70.22,64.6,0.0,25,user499@example.com,test,0,
C000500,2022-05-13,EU,Basic,Annual,25,89.88,82.69,1.0,5,user500@example.com,train,1,competitor
C000501,2023-02-07,EU,Basic,Monthly,16,43.76,40.26,1.0,3,user501@example.com,train,0,
C000502,2021-12-14,EU,Standard,Monthly,30,32.81,30.19,1.0,16,,test,0,
C000503,2023-02-07,EU,Premium,,1600,119.8,110.22,1.0,12,,train,1,service
C000504,2023-06-07,EU,Standard,Annual,12,80.99,74.51,1.0,20,,test,1,moved
C000505,2023-08-06,EU,Standard,Monthly,10,36.21,33.31,2.0,9,user505@example.com,train,1,competitor
C000506,2020-10-20,EU,Enterprise,,44,65.3,60.08,1.0,15,user506@example.com,train,0,
C000507,2022-04-13,EU,Premium,Monthly,26,65.94,60.66,3.0,12,user507@example.com,train,1,moved
C000508,2023-05-08,EU,Standard,Two year,13,61.74,56.8,2.0,9,user508@example.com,train,1,moved
C000509,2020-03-24,EU,Basic,Annual,51,83.25,76.59,3.0,25,user509@example.com,test,0,
C000510,2021-12-14,EU,Standard,Annual,30,89.78,82.6,0.0,11,user510@example.com,test,0,
C000511,2022-11-09,EU,Premium,Annual,19,80.39,73.96,0.0,N/A,user511@example.com,train,0,
C000512,2022-09-10,EU,Basic,Monthly,21,55.14,50.73,0.0,21,,train,1,service
C000513,2021-10-15,EU,Standard,Annual,32,63.26,58.2,2.0,0,user513@example.com,train,0,
C000514,2023-12-04,EU,Basic,Two year,6,31.37,28.86,1.0,5,user514@example.com,train,1,moved
C000515,2019-02-28,EU,Standard,Monthly,64,58.51,53.83,0.0,18,user515@example.com,train,0,
C000516,2018-10-01,EU,Standard,Annual,69,71.39,65.68,2.0,26,user516@example.com,train,0,
C000517,2019-06-28,EU,Premium,Two year,60,107.39,98.8,1.0,none,user517@example.com,train,0,
C000518,2022-05-13,EU,Standard,Annual,25,96.24,88.54,0.0,9,,train,0,
C000519,2018-11-30,EU,Standard,Annual,67,77.93,71.7,2.0,29,user519@example.com,train,0,
C000520,2021-04-18,EU,Standard,,38,82.61,76.0,2.0,none,user520@example.com,test,1,moved
C000521,2018-11-30,EU,Basic,Annual,67,55.38,50.95,1.0,16,user521@example.com,train,0,
C000522,2020-01-24,EU,Standard,Two year,53,43.38,39.91,0.0,21,user522@example.com,train,0,
C000523,2019-06-28,EU,Premium,Two year,60,82.89,76.26,1.0,0,user523@example.com,train,0,
C000524,2019-12-25,EU,Basic,Annual,54,53.69,49.39,0.0,26,user524@example.com,test,0,
C000525,2019-03-30,EU,Standard,Two year,63,65.41,60.18,0.0,7,,test,0,
C000526,2023-05-08,EU,Basic,Monthly,13,60.59,55.74,1.0,none,,train,1,moved
C000527,2022-12-09,EU, Premium ,,18,84.28,77.54,3.0,2,user527@example.com,train,1,moved
C000528,2023-03-09,EU,Premium,Monthly,15,20.0,18.4,3.0,28,,train,1,moved
C000529,2021-09-15,EU,Basic,Annual,33,99.96,91.96,2.0,28,,test,1,moved
C000530,2021-09-15,EU,Standard,Monthly,33,61.36,56.45,0.0,4,user530@example.com,train,1,price
C000531,2023-05-08,EU,Standard,Monthly,13,68.45,62.97,1.0,0,user531@example.com,train,1,service
C000532,2022-09-10,EU,Basic,Monthly,21,54.06,49.74,0.0,28,user532@example.com,train,0,
C000533,2019-03-30,EU,Standard,,63,63.78,58.68,2.0,18,,train,0,
C000534,2018-11-30,EU,Basic,Monthly,67,76.84,70.69,2.0,10,user534@example.com,train,1,price
C000535,2021-08-16,EU,Basic,Monthly,34,68.89,63.38,2.0,0,user535@example.com,train,0,
C000536,2019-01-29,EU,Standard,Monthly,65,62.49,57.49,2.0,11,user536@example.com,test,1,service
C000537,2018-09-01,EU,Standard,Annual,70,87.42,80.43,1.0,29,user537@example.com,test,1,service
C000538,2019-01-29,EU,Basic,Monthly,65,60.14,55.33,0.0,27,user538@example.com,train,0,
C000539,2018-12-30,EU,Basic,Two year,66,63.72,58.62,0.0,2,,test,0,
C000540,2023-02-07,EU,Standard,Monthly,16,99.85,91.86,0.0,3,user540@example.com,train,0,
C000541,2019-11-25,EU,Standard,Annual,55,73.19,67.33,1.0,24,user541@example.com,test,0,
C000542,2020-06-22,EU,Basic,Annual,48,56.18,51.69,2.0,15,user542@example.com,test,1,moved
C000543,2022-09-10,EU,Standard,Monthly,21,108.54,99.86,0.0,none,user543@example.com,train,1,competitor
C000544,2022-11-09,EU,Basic,Monthly,19,69.94,64.34,0.0,12,user544@example.com,train,1,moved
C000545,2023-01-08,EU,Standard,Annual,17,22.33,20.54,3.0,5,user545@example.com,train,1,moved
C000546,2019-05-29,EU,Basic,Annual,61,28.65,26.36,1.0,13,user546@example.com,test,0,
C000547,2019-05-29,EU,Premium,Two year,61,77.08,70.91,3.0,6,,test,0,
C000548,2021-05-18,EU,Basic,Annual,37,112.01,103.05,2.0,20,user548@example.com,test,0,
C000549,2023-06-07,EU,Standard,Annual,12,97.44,89.64,0.0,26,user549@example.com,train,0,
C000550,2020-10-20,EU,Standard,Annual,44,88.33,81.26,1.0,0,user550@example.com,train,0,
C000551,2023-03-09,EU,Premium,Monthly,15,110.43,101.6,1.0,21,user551@example.com,train,1,moved
C000552,2021-05-18,EU,Standard,Monthly,37,43.18,39.73,4.0,1,user552@example.com,train,1,service
C000553,2019-11-25,EU,Standard,Annual,55,75.16,69.15,1.0,19,,test,0,
C000554,2021-02-17,EU,Premium,,40,52.98,48.74,1.0,25,user554@example.com,train,1,moved
C000555,2023-12-04,EU,Basic,Monthly,6,78.6,72.31,1.0,28,user555@example.com,train,1,moved
C000556,2021-01-18,EU,Basic,Monthly,41,34.78,32.0,0.0,20,user556@example.com,train,1,price
C000557,2023-04-08,EU,Standard,Monthly,14,73.57,67.68,1.0,22,user557@example.com,test,1,moved
C000558,2019-12-25,EU,Basic,Monthly,54,59.89,55.1,4.0,20,user558@example.com,train,1,moved
C000559,2021-06-17,EU,Standard,Annual,36,51.18,47.09,0.0,0,user559@example.com,train,0,
C000560,2023-06-07,EU,Standard,Annual,12,65.94,60.66,3.0,2,,train,1,competitor
C000561,2021-03-19,EU,Standard,Monthly,39,55.74,51.28,2.0,10,,train,1,service
C000562,2023-09-05,EU,Premium,Annual,9,60.15,55.34,0.0,16,user562@example.com,train,1,competitor
C000563,2022-10-10,EU,Premium,,20,45.71,42.05,1.0,17,,train,1,competitor
C000564,2019-10-26,EU,Standard,Monthly,56,67.79,62.37,0.0,12,user564@example.com,train,0,
C000565,2023-03-09,EU,Standard,Two year,15,85.12,78.31,1.0,26,user565@example.com,test,0,
C000566,2022-02-12,EU,Basic,Annual,28,103.28,95.02,2.0,1,user566@example.com,test,1,price
C000567,2023-06-07,EU,Basic,Monthly,12,68.39,62.92,0.0,5,user567@example.com,test,1,competitor
C000568,2018-10-31,EU,Basic,Monthly,68,41.9,38.55,0.0,6,user568@example.com,test,0,
C000569,2022-05-13,EU,Standard,Monthly,25,71.6,65.87,0.0,10,,train,0,
C000570,2020-07-22,EU,Basic,Monthly,47,82.84,76.21,1.0,27,user570@example.com,train,0,
C000571,2024-05-02,EU,Basic,Two year,1,77.12,70.95,4.0,9,user571@example.com,train,1,moved
C000572,2019-10-26,EU,Basic,Monthly,56,52.36,48.17,1.0,16,,test,0,
C000573,2022-10-10,EU,Standard,Annual,20,65.26,60.04,2.0,19,user573@example.com,test,1,price
C000574,2021-11-14,EU,Premium,Annual,31,92.05,84.69,0.0,1,user574@example.com,train,0,
C000575,2019-12-25,EU,Standard,Annual,54,65.65,60.4,0.0,4,user575@example.com,train,1,service
C000576,2022-04-13,EU,Premium,Monthly,26,61.28,56.38,1.0,0,user576@example.com,test,0,
C000577,2021-06-17,EU,Premium,Two year,36,46.27,42.57,2.0,2,user577@example.com,train,1,service
C000578,2020-08-21,EU,Basic,Monthly,46,69.51,63.95,1.0,6,user578@example.com,test,1,moved
C000579,2020-09-20,EU,Premium,Monthly,45,45.18,41.57,0.0,1,user579@example.com,test,1,price
C000580,2022-06-12,EU,Basic,Two year,24,55.05,50.65,0.0,3,user580@example.com,test,1,competitor
C000581,2018-11-30,EU,Premium,,67,62.42,57.43,1.0,none,user581@example.com,test,0,
C000582,2019-09-26,EU,Standard,Monthly,57,67.5,62.1,2.0,7,user582@example.com,train,0,
C000583,2018-12-30,EU,Standard,Monthly,66,113.53,104.45,2.0,6,user583@example.com,train,0,
C000584,2022-12-09,EU,Standard,Annual,18,43.32,39.85,1.0,25,user584@example.com,test,0,
C000585,2020-10-20,EU,Premium,Two year,44,59.58,54.81,3.0,16,user585@example.com,train,0,
C000586,2023-07-07,EU,Basic,Monthly,11,66.82,61.47,0.0,4,user586@example.com,train,1,service
C000587,2021-10-15,EU,Standard,Monthly,32,82.13,75.56,0.0,12,user587@example.com,train,0,
C000588,2022-06-12,EU,Standard,,24,46.77,43.03,1.0,24,,train,1,price
C000589,2021-07-17,EU,Basic,Monthly,35,20.0,18.4,2.0,3,user589@example.com,test,0,
C000590,2020-01-24,EU,Basic,Monthly,53,31.52,29.0,1.0,13,,test,1,competitor
C000591,2018-10-31,EU,PREMIUM,Annual,68,64.62,59.45,0.0,5,,test,0,
C000592,2023-03-09,EU,Basic,Annual,15,77.77,71.55,1.0,21,,train,0,
C000593,2021-04-18,EU,Standard,Monthly,38,56.12,51.63,1.0,10,,test,0,
C000594,2019-09-26,EU,Standard,Annual,57,54.54,50.18,1.0,6,,train,0,
C000595,2023-02-07,EU,Standard,Annual,16,86.54,79.62,3.0,28,user595@example.com,test,0,
C000596,2021-07-17,EU,Standard,Annual,35,61.43,56.52,1.0,14,user596@example.com,test,0,
C000597,2020-08-21,EU,Standard,Monthly,46,56.46,51.94,1.0,1,,train,1,price
C000598,2018-10-31,EU,Basic,Annual,68,104.75,96.37,1.0,26,user598@example.com,train,0,
C000599,2019-06-28,EU,Basic,Annual,60,44.66,41.09,2.0,6,,train,0,
C000600,2023-04-08,EU,Standard,Monthly,14,48.08,44.23,2.0,17,,train,1,competitor
C000601,2021-02-17,EU,Standard,,40,82.68,76.07,2.0,8,user601@example.com,train,0,
C000602,2023-05-08,EU,Standard,Annual,13,42.22,38.84,4.0,19,user602@example.com,train,1,service
C000603,2021-08-16,EU,Standard,Monthly,34,21.04,19.36,2.0,16,user603@example.com,train,0,
C000604,2020-05-23,EU,Standard,Monthly,49,22.32,20.53,0.0,4,user604@example.com,train,0,
C000605,2019-11-25,EU,Standard,Monthly,55,42.55,39.15,0.0,11,user605@example.com,test,0,
C000606,2021-08-16,EU,Standard,Annual,34,94.85,87.26,0.0,10,user606@example.com,train,0,
C000607,2022-07-12,EU,Standard,Monthly,23,98.16,90.31,0.0,18,user607@example.com,train,0,
C000608,2021-01-18,EU,Standard,Annual,41,76.81,70.67,1.0,2,user608@example.com,train,0,
C000609,2021-09-15,EU,Standard,Monthly,33,100.42,92.39,1.0,25,user609@example.com,train,1,price
C000610,2021-01-18,EU,Basic,Monthly,41,75.73,69.67,0.0,22,,train,0,
C000611,2020-04-23,EU,Premium,Monthly,50,83.37,76.7,4.0,11,,train,0,
C000612,2022-12-09,EU,Standard,Monthly,18,64.32,59.17,1.0,3,user612@example.com,test,0,
C000613,2024-01-03,EU,Standard,Monthly,5,96.48,88.76,0.0,20,user613@example.com,train,0,
C000614,2021-04-18,EU,Basic,Two year,38,64.58,59.41,0.0,10,,train,0,
C000615,2021-02-17,EU,Standard,Annual,40,49.43,45.48,2.0,18,user615@example.com,train,1,competitor
C000616,2019-05-29,EU,Basic,Monthly,61,95.08,87.47,2.0,21,user616@example.com,train,0,
C000617,2021-02-17,EU,Basic,Monthly,40,85.27,78.45,1.0,8,user617@example.com,train,0,
C000618,2022-11-09,EU,Standard,Annual,19,70.04,64.44,1.0,3,user618@example.com,train,0,
C000619,2020-07-22,EU,Basic,Annual,47,51.46,47.34,1.0,9,user619@example.com,train,0,
C000620,2022-01-13,EU,Basic,Annual,29,30.54,28.1,0.0,19,,train,0,
C000621,2022-04-13,EU,Basic,Annual,26,87.15,80.18,0.0,0,user621@example.com,test,1,service
C000622,2019-01-29,EU,Standard,Two year,65,76.59,70.46,2.0,25,user622@example.com,train,0,
C000623,2031-04-02,EU,Basic,Monthly,9,50.55,46.51,0.0,19,user623@example.com,test,1,service
C000624,2022-02-12,EU,Standard,Annual,28,51.34,47.23,2.0,4,user624@example.com,train,1,moved
C000625,2021-02-17,EU,Basic,Monthly,40,61.33,56.42,2.0,0,user625@example.com,train,1,price
C000626,2021-07-17,EU,Basic,Monthly,35,40.29,37.07,0.0,2,,train,1,service
C000627,2022-07-12,EU,Basic,,23,57.22,52.64,1.0,29,,train,1,price
C000628,2021-08-16,EU,Standard,Annual,34,91.48,84.16,2.0,25,user628@example.com,test,0,
C000629,2023-02-07,EU,Basic,,16,64.93,59.74,0.0,13,,train,0,
C000630,2023-03-09,EU,Basic,Two year,15,77.47,71.27,1.0,26,user630@example.com,train,1,competitor
C000631,2020-05-23,EU,Basic,Annual,49,57.56,52.96,1.0,28,user631@example.com,train,0,
C000632,2019-11-25,EU,Standard,Monthly,55,63.33,58.26,3.0,3,user632@example.com,test,1,service
C000633,2023-01-08,EU,Standard,Monthly,17,28.65,26.36,2.0,29,user633@example.com,train,1,service
C000634,2024-04-02,EU,premium,Annual,2,110.87,102.0,2.0,28,user634@example.com,train,1,price
C000635,2022-12-09,EU,Standard,Annual,18,67.05,61.69,0.0,2,,test,0,
C000636,2019-04-29,EU,Basic,Annual,62,91.66,84.33,3.0,23,user636@example.com,train,0,
C000637,2021-07-17,EU,Basic,Annual,35,139.63,128.46,2.0,17,user637@example.com,train,0,
C000638,2020-02-23,EU,Premium,Two year,52,100.59,92.54,0.0,19,user638@example.com,train,1,competitor
C000639,2018-09-01,EU,Basic,Monthly,70,124.94,114.94,2.0,16,user639@example.com,train,0,
C000640,2020-12-19,EU,Basic,Annual,42,49.05,45.13,0.0,8,,train,0,
C000641,2023-06-07,EU,Basic,Annual,12,58.32,53.65,1.0,3,user641@example.com,train,1,competitor
C000642,2022-05-13,EU,Basic,Monthly,25,71.47,65.75,2.0,15,user642@example.com,train,1,moved
C000643,2019-09-26,EU,Basic,Annual,57,107.97,99.33,0.0,2,user643@example.com,test,0,
C000644,2022-10-10,EU,Standard,Monthly,20,52.2,48.02,1.0,4,user644@example.com,train,1,competitor
C000645,2020-04-23,EU,Standard,Annual,50,73.14,67.29,1.0,0,user645@example.com,train,0,
C000646,2023-10-05,EU,Basic,Monthly,8,37.39,34.4,1.0,0,,train,0,
C000647,2022-05-13,EU,Basic,,25,31.57,29.04,1.0,16,user647@example.com,train,1,moved
C000648,2020-02-23,EU,Standard,Annual,52,88.88,81.77,1.0,19,user648@example.com,train,0,
C000649,2020-04-23,EU,Basic,Annual,50,20.0,18.4,0.0,17,user649@example.com,train,1,
C000650,2021-10-15,EU,Standard,Annual,32,43.36,39.89,2.0,22,,test,0,
C000651,2020-02-23,EU,Premium,Monthly,52,50.78,46.72,1.0,10,user651@example.com,train,0,
C000652,2021-03-19,EU,Standard,Annual,39,59.15,54.42,2.0,28,user652@example.com,train,0,
C000653,2019-06-28,EU,Standard,Monthly,60,73.84,67.93,1.0,16,,train,0,
C000654,2019-10-26,EU,Standard,Monthly,56,63.74,58.64,0.0,26,user654@example.com,train,0,
C000655,2023-06-07,EU,Standard,Annual,12,66.74,61.4,0.0,N/A,user655@example.com,train,0,
C000656,2018-10-01,EU,Standard,Monthly,69,38.48,35.4,0.0,3,user656@example.com,train,0,
C000657,2020-01-24,EU,Premium,Annual,53,72.61,66.8,1.0,7,user657@example.com,train,0,
C000658,2023-10-05,EU,Premium,Monthly,8,89.16,82.03,1.0,0,user658@example.com,train,0,
C000659,2019-08-27,EU,Basic,Two year,58,65.46,60.22,0.0,28,user659@example.com,train,0,
C000660,2023-04-08,EU,Standard,,14,59.23,54.49,2.0,19,user660@example.com,train,0,
C000661,2018-09-01,EU,Standard,Monthly,70,53.61,49.32,3.0,N/A,user661@example.com,train,1,price
C000662,2023-09-05,EU,Standard,Annual,9,99.89,91.9,1.0,18,user662@example.com,train,1,service
C000663,2018-11-30,EU,Standard,Annual,67,104.4,96.05,1.0,22,user663@example.com,train,0,
C000664,2023-02-07,EU,Premium,Monthly,16,97.31,89.53,0.0,28,user664@example.com,train,0,
C000665,2018-10-31,EU,Standard,Monthly,68,81.85,75.3,2.0,9,user665@example.com,train,0,
C000666,2023-05-08,EU,Standard,Monthly,13,43.44,39.96,2.0,19,user666@example.com,train,1,service
C000667,2019-11-25,EU,Basic,Monthly,55,72.28,66.5,3.0,20,user667@example.com,train,1,competitor
C000668,2019-09-26,EU,Basic,Annual,57,72.77,66.95,2.0,4,,train,0,
C000669,2023-04-08,EU,Standard,Annual,14,41.78,38.44,2.0,6,user669@example.com,test,0,
C000670,2021-05-18,EU,Basic,Monthly,37,65.76,60.5,1.0,2,user670@example.com,train,0,
C000671,2020-04-23,EU,Standard,Two year,50,84.29,77.55,0.0,26,user671@example.com,train,0,
C000672,2023-09-05,EU,Basic,Monthly,9,72.87,67.04,1.0,0,,train,1,price
C000673,2019-06-28,EU,Standard,Monthly,60,99.95,91.95,2.0,none,user673@example.com,train,0,
C000674,2022-07-12,EU,Standard,Annual,23,127.42,117.23,0.0,24,user674@example.com,train,1,moved
C000675,2020-02-23,EU,Basic,Monthly,52,111.43,102.52,1.0,29,user675@example.com,train,1,competitor
C000676,2024-02-02,EU,Basic,Two year,4,75.39,69.36,1.0,8,user676@example.com,train,1,moved
C000677,2021-10-15,EU,Standard,Monthly,32,70.89,65.22,0.0,none,user677@example.com,test,1,moved
C000678,2020-04-23,EU,Basic,Two year,50,65.29,60.07,0.0,14,user678@example.com,train,0,
C000679,2021-06-17,EU,Basic,Annual,36,73.2,67.34,2.0,12,user679@example.com,test,0,
C000680,2019-05-29,EU,Basic,Annual,61,64.79,59.61,0.0,12,user680@example.com,train,0,
C000681,2018-08-02,EU,Premium,Monthly,71,53.91,49.6,1.0,11,user681@example.com,train,0,
C000682,2023-01-08,EU,Basic,Monthly,17,60.91,56.04,0.0,8,user682@example.com,train,0,
C000683,2022-11-09,EU,Standard,Annual,19,63.63,58.54,1.0,10,user683@example.com,test,1,moved
C000684,2021-02-17,EU,premium,Monthly,40,43.43,39.96,2.0,13,user684@example.com,train,0,
C000685,2023-04-08,EU,Basic,Monthly,14,70.24,64.62,1.0,7,,train,1,moved
C000686,2021-07-17,EU,Standard,Monthly,35,50.54,46.5,3.0,11,user686@example.com,test,1,service
C000687,2019-02-28,EU,Standard,Monthly,64,99.06,91.14,0.0,1,,train,0,
C000688,2019-11-25,EU,Standard,Annual,55,98.84,90.93,1.0,9,user688@example.com,test,0,
C000689,2024-03-03,EU,Premium,Monthly,3,75.6,69.55,1.0,21,user689@example.com,test,1,price
C000690,2024-04-02,EU,Standard,Monthly,2,131.74,121.2,0.0,28,,train,1,price
C000691,2024-02-02,EU,Basic,Annual,4,20.0,18.4,0.0,26,,train,0,
C000692,2024-04-02,EU,Premium,Annual,2,56.0,51.52,1.0,11,,train,1,price
C000693,2023-12-04,EU,Standard,Monthly,6,26.81,24.67,0.0,9,,train,1,service
C000694,2022-01-13,EU,Standard,Annual,29,42.8,39.38,1.0,17,user694@example.com,train,0,
C000695,2020-05-23,EU,Standard,Two year,49,89.35,82.2,1.0,16,user695@example.com,train,0,
C000696,2019-10-26,EU,Basic,,56,84.45,77.69,0.0,4,user696@example.com,test,0,
C000697,2022-01-13,EU,Basic,Monthly,29,85.71,78.85,1.0,20,user697@example.com,train,1,service
C000698,2023-04-08,EU,Standard,Annual,14,84.64,77.87,1.0,8,user698@example.com,train,1,moved
C000699,2019-09-26,EU,Standard,Monthly,57,45.1,41.49,0.0,27,,train,0,
C000700,2022-04-13,EU,Premium,Monthly,26,97.2,89.42,1.0,29,,train,1,moved
C000701,2018-09-01,EU,Standard,Monthly,70,56.43,51.92,0.0,12,,train,0,
C000702,2019-09-26,EU,Basic,Monthly,57,79.69,73.31,0.0,16,user702@example.com,train,0,
C000703,2023-04-08,EU,Basic,Annual,14,53.71,49.41,1.0,27,user703@example.com,train,0,
C000704,2018-09-01,EU,Basic,Annual,70,81.33,74.82,1.0,6,,train,0,
C000705,2022-03-14,EU,premium,Annual,27,44.17,40.64,3.0,29,user705@example.com,train,1,moved
C000706,2018-10-01,EU,Standard,Monthly,69,72.55,66.75,1.0,15,,train,0,
C000707,2021-01-18,EU,Basic,Annual,41,68.23,62.77,1.0,15,,train,0,
C000708,2022-04-13,EU,Basic,Two year,26,82.39,75.8,1.0,2,user708@example.com,test,0,
C000709,2018-09-01,EU,Premium,Monthly,70,122.76,112.94,3.0,0,user709@example.com,test,0,
C000710,2021-03-19,EU,Standard,Two year,39,87.49,80.49,3.0,9,user710@example.com,train,1,price
C000711,2018-08-02,EU,Standard,Annual,71,42.7,39.28,1.0,11,user711@example.com,train,0,
C000712,2019-05-29,EU,Standard,Annual,61,54.61,50.24,1.0,3,,train,0,
C000713,2020-02-23,EU,Standard,Monthly,52,66.34,61.03,2.0,19,,train,0,
C000714,2019-09-26,EU,Basic,Annual,57,104.29,95.95,0.0,20,user714@example.com,train,1,service
C000715,2020-12-19,EU,Basic,,42,57.88,53.25,0.0,24,user715@example.com,test,0,
C000716,2023-11-04,EU,Standard,,7,26.26,24.16,0.0,4,,train,0,moved
C000717,2024-05-02,EU,Basic,Annual,1,77.26,71.08,2.0,0,,train,1,competitor
C000718,2020-08-21,EU,Basic,Monthly,46,54.32,49.97,1.0,1,user718@example.com,test,1,service
C000719,2021-03-19,EU,Standard,Monthly,39,62.37,57.38,1.0,17,user719@example.com,test,1,competitor
C000720,2020-08-21,EU,Premium,Monthly,46,116.07,106.78,3.0,28,,test,1,service
C000721,2024-03-03,EU,Basic,Annual,3,45.27,41.65,0.0,15,,train,0,
C000722,2023-01-08,EU,Basic,Annual,17,54.47,50.11,1.0,27,user722@example.com,train,0,
C000723,2019-05-29,EU,Standard,Monthly,61,90.15,82.94,1.0,9,,train,0,
C000724,2020-08-21,EU,Basic,,46,65.75,60.49,1.0,9,,train,0,
C000725,2020-12-19,EU,Basic,Annual,42,51.27,47.17,3.0,26,user725@example.com,train,0,
C000726,2024-04-02,EU,Standard,Monthly,2,61.27,56.37,1.0,23,,train,1,service
C000727,2020-02-23,EU,Standard,Annual,52,41.2,37.9,1.0,8,user727@example.com,test,0,
C000728,2020-03-24,EU,Standard,Monthly,51,56.86,52.31,0.0,18,,train,0,
C000729,2023-09-05,EU,Standard,Annual,9,80.79,74.33,1.0,27,,test,1,competitor
C000730,2019-07-28,EU,Basic,Monthly,59,77.46,71.26,1.0,3,user730@example.com,test,0,
C000731,2018-08-02,EU,Premium,Monthly,71,55.56,51.12,2.0,25,user731@example.com,test,0,
C000732,2024-05-02,EU,Standard,Two year,1,52.77,48.55,3.0,29,user732@example.com,test,1,moved
C000733,2023-02-07,EU,Basic,Two year,16,66.46,61.14,1.0,17,user733@example.com,train,0,
C000734,2019-06-28,EU,Standard,Monthly,60,71.26,65.56,3.0,0,user734@example.com,train,0,
C000735,2023-03-09,EU,Basic,Monthly,15,72.8,66.98,1.0,27,user735@example.com,train,1,price
C000736,2020-05-23,EU,Basic,Monthly,49,32.9,30.27,2.0,28,user736@example.com,train,1,competitor
C000737,2020-05-23,EU,Basic,Annual,49,91.3,84.0,2.0,3,user737@example.com,train,0,
C000738,2024-03-03,EU,Standard,Monthly,3,101.79,93.65,1.0,24,user738@example.com,train,1,price
C000739,2023-09-05,EU,Standard,Monthly,9,106.64,98.11,1.0,17,user739@example.com,train,1,service
C000740,2022-05-13,EU,Premium,Monthly,25,59.29,54.55,2.0,12,user740@example.com,train,1,price
C000741,2021-12-14,EU,Basic,Annual,30,101.96,93.8,1.0,11,user741@example.com,train,0,
C000742,2024-03-03,EU,Standard,Two year,3,57.69,53.07,2.0,8,,test,0,
C000743,2018-12-30,EU,Premium,Annual,66,20.97,19.29,0.0,24,user743@example.com,train,1,
C000744,2019-10-26,EU,Basic,Monthly,56,83.37,76.7,0.0,23,user744@example.com,train,0,
C000745,2019-08-27,EU,Standard,Annual,58,42.02,38.66,3.0,2,user745@example.com,train,0,
C000746,2019-12-25,EU,Basic,Monthly,54,52.29,48.11,0.0,26,user746@example.com,train,0,
C000747,2020-02-23,EU,Standard,Annual,52,72.37,66.58,0.0,8,,train,0,
C000748,2023-02-07,EU,Basic,Monthly,16,115.22,106.0,1.0,5,user748@example.com,test,1,competitor
C000749,2019-06-28,EU,Basic,Monthly,60,94.81,87.23,0.0,28,user749@example.com,train,0,
C000750,2022-04-13,EU,Basic,Annual,26,150.0,138.0,1.0,none,,test,1,moved
C000751,2022-11-09,EU,Standard,Two year,19,96.03,88.35,1.0,25,user751@example.com,train,0,
C000752,2021-10-15,EU,Standard,Monthly,32,61.74,56.8,1.0,20,user752@example.com,train,1,competitor
C000753,2021-09-15,EU,Basic,Monthly,33,59.46,54.7,1.0,14,user753@example.com,test,0,
C000754,2023-03-09,EU,Basic,Annual,15,62.03,57.07,3.0,28,user754@example.com,test,1,competitor
C000755,2022-12-09,EU,Basic,Annual,18,87.02,80.06,3.0,3,,train,0,
C000756,2023-04-08,EU,Standard,Monthly,14,74.76,68.78,0.0,8,user756@example.com,test,1,moved
C000757,2023-02-07,EU,Basic,Monthly,16,82.71,76.09,3.0,unknown,user757@example.com,train,1,competitor
C000758,2022-04-13,EU,Basic,Annual,26,56.09,51.6,0.0,16,,test,0,
C000759,2020-08-21,EU,Basic,Monthly,46,62.37,57.38,1.0,21,user759@example.com,train,0,
C000760,2022-08-11,EU,Standard,Monthly,22,93.4,85.93,1.0,4,user760@example.com,train,1,price
C000761,2021-08-16,EU,Standard,Monthly,34,34.91,32.12,1.0,10,,train,0,
C000762,2022-11-09,EU,Basic,Annual,19,64.09,58.96,0.0,10,,train,1,service
C000763,2019-08-27,EU,Standard,Two year,58,70.59,64.94,1.0,12,user763@example.com,test,1,competitor
C000764,2023-04-08,EU,Standard,Annual,14,102.72,94.5,1.0,0,user764@example.com,train,0,
C000765,2019-12-25,EU,Basic,Monthly,54,84.59,77.82,1.0,5,,train,0,
C000766,2021-06-17,EU,Basic,Monthly,36,49.2,45.26,0.0,unknown,user766@example.com,test,0,
C000767,2022-07-12,EU,Standard,Annual,23,71.08,65.39,2.0,12,user767@example.com,train,1,service
C000768,2022-05-13,EU,Basic,Two year,25,69.38,63.83,2.0,10,user768@example.com,train,0,
C000769,2022-06-12,EU,Premium,Annual,24,47.0,43.24,2.0,N/A,,train,0,
C000770,2023-10-05,EU,Premium,Annual,8,85.61,78.76,3.0,18,,test,1,moved
C000771,2023-08-06,EU,Basic,,10,71.71,65.97,2.0,25,,test,1,service
C000772,2020-10-20,EU,Basic,Monthly,44,82.48,75.88,2.0,19,user772@example.com,train,1,price
C000773,2018-11-30,EU,Basic,Monthly,67,109.28,100.54,1.0,12,,test,0,
C000774,2020-12-19,EU,Basic,Two year,42,76.65,70.52,2.0,6,user774@example.com,train,0,
C000775,2021-12-14,EU,Basic,Monthly,30,67.76,62.34,2.0,16,user775@example.com,train,1,moved
C000776,2019-05-29,EU,Basic,Monthly,61,41.33,38.02,3.0,11,user776@example.com,train,0,
C000777,2023-12-04,EU,Standard,Monthly,6,62.09,57.12,3.0,0,user777@example.com,test,1,service
C000778,2023-03-09,EU,Standard,,15,107.18,98.61,5.0,0,user778@example.com,train,1,competitor
C000779,2021-03-19,EU,Standard,Two year,39,93.58,86.09,0.0,21,,train,0,
C000780,2022-03-14,EU,Basic,Two year,27,105.87,97.4,1.0,6,user780@example.com,test,1,service
C000781,2022-03-14,EU,Standard,Annual,27,84.59,77.82,1.0,6,user781@example.com,train,0,
C000782,2021-09-15,EU,Standard,Monthly,33,20.0,18.4,1.0,unknown,user782@example.com,train,0,
C000783,2019-09-26,EU,Standard,Annual,57,20.0,18.4,0.0,13,user783@example.com,train,0,
C000784,2018-10-31,EU,Standard,Annual,68,73.21,67.35,2.0,17,user784@example.com,train,0,
C000785,2022-06-12,EU,Basic,Monthly,24,63.93,58.82,1.0,21,user785@example.com,train,1,competitor
C000786,2022-05-13,EU,Basic,Annual,25,81.07,74.58,3.0,19,user786@example.com,train,1,price
C000787,2018-10-31,EU,Basic,Monthly,68,115.66,106.41,1.0,24,,train,0,
C000788,2022-06-12,EU,Standard,Annual,24,83.25,76.59,0.0,10,,train,0,
C000789,2018-09-01,EU,Premium,Monthly,70,57.89,53.26,0.0,24,,train,1,service
C000790,2019-03-30,EU,Basic,Two year,63,71.93,66.18,0.0,12,,test,0,
C000791,2022-11-09,EU,Basic,Two year,19,58.22,53.56,1.0,27,,train,1,service
C000792,2023-01-08,EU,Basic,Monthly,17,64.41,59.26,0.0,14,user792@example.com,train,1,moved
C000793,2022-07-12,EU,Basic,Two year,23,64.03,58.91,0.0,8,,test,0,
C000794,2020-09-20,EU,Standard,Monthly,45,93.43,85.96,1.0,3,user794@example.com,train,0,
C000795,2019-02-28,EU,Standard,Monthly,64,84.41,77.66,3.0,11,user795@example.com,train,1,service
C000796,2024-04-02,EU,Standard,Annual,2,22.53,20.73,0.0,6,,train,0,
C000797,2020-09-20,EU,PREMIUM,Monthly,45,102.22,94.04,0.0,N/A,user797@example.com,test,0,
C000798,2021-07-17,EU,Standard,Monthly,35,41.97,38.61,2.0,28,,test,1,price
C000799,2019-07-28,EU,Basic,Annual,59,75.51,69.47,1.0,24,user799@example.com,test,0,
C000800,2022-02-12,EU,Basic,Monthly,28,55.82,51.35,4.0,15,,train,1,service
C000801,2019-01-29,EU,Standard,Monthly,65,28.14,25.89,0.0,25,user801@example.com,test,0,
C000802,2020-02-23,EU,Basic,Two year,52,54.31,49.97,0.0,29,,train,0,
C000803,2020-03-24,EU,Standard,Monthly,51,67.19,61.81,0.0,22,,train,0,
C000804,2021-12-14,EU,Standard,Annual,30,79.54,73.18,1.0,17,user804@example.com,train,0,
C000805,2018-12-30,EU,Standard,Monthly,66,59.09,54.36,3.0,17,user805@example.com,train,0,
C000806,2020-09-20,EU,Basic,Two year,45,63.13,58.08,1.0,10,user806@example.com,train,0,
C000807,2019-10-26,EU,Basic,Annual,56,58.98,54.26,1.0,23,user807@example.com,test,0,
C000808,2023-12-04,EU,Premium,Annual,6,59.85,55.06,3.0,8,,train,1,competitor
C000809,2023-02-07,EU,Standard,Two year,16,66.83,61.48,3.0,19,user809@example.com,train,0,
C000810,2019-08-27,EU,Standard,Annual,58,67.62,62.21,1.0,1,,test,0,
C000811,2021-06-17,EU,Basic,Monthly,36,77.1,70.93,2.0,9,user811@example.com,train,0,
C000812,2022-01-13,EU,Standard,,29,74.91,68.92,0.0,none,user812@example.com,train,1,price
C000813,2020-12-19,EU,Premium,Monthly,42,100.91,92.84,1.0,18,user813@example.com,train,1,moved
C000814,2022-07-12,EU,Standard,Monthly,23,62.89,57.86,0.0,21,,train,1,competitor
C000815,2020-06-22,EU,Basic,Two year,48,89.23,82.09,2.0,29,,test,0,
C000816,2019-06-28,EU,Standard,,60,49.8,45.82,1.0,18,user816@example.com,train,0,
C000817,2023-12-04,EU,Basic,Two year,6,29.61,27.24,2.0,6,,train,1,moved
C000818,2022-04-13,EU,Basic,,26,79.53,73.17,0.0,4,user818@example.com,train,1,moved
C000819,2019-12-25,EU,Basic,Monthly,54,43.83,40.32,1.0,21,user819@example.com,train,1,moved
C000820,2022-05-13,EU,Premium,Annual,25,46.22,42.52,0.0,6,,test,0,
C000821,2020-05-23,EU,Basic,Monthly,49,100.94,92.86,2.0,7,user821@example.com,test,0,
C000822,2023-10-05,EU,Basic,Monthly,8,32.06,29.5,1.0,5,user822@example.com,train,0,
C000823,2019-04-29,EU,Basic,Annual,62,51.52,47.4,0.0,21,user823@example.com,train,0,
C000824,2020-08-21,EU,Basic,Monthly,46,96.96,89.2,2.0,21,user824@example.com,test,0,
C000825,2019-09-26,EU,Standard,Annual,57,79.78,73.4,1.0,23,,test,0,
C000826,2021-05-18,EU,Basic,Annual,37,20.0,18.4,2.0,20,user826@example.com,train,0,
C000827,2023-01-08,EU,Basic,Monthly,17,68.62,63.13,1.0,11,user827@example.com,test,1,service
C000828,2023-10-05,EU,Standard,Monthly,8,28.48,26.2,1.0,4,user828@example.com,train,0,
C000829,2023-04-08,EU,Standard,Monthly,14,20.0,18.4,0.0,N/A,user829@example.com,train,0,
C000830,2020-07-22,EU,Basic,,47,96.62,88.89,0.0,unknown,user830@example.com,train,0,
C000831,2021-06-17,EU,Basic,Monthly,36,66.5,61.18,0.0,15,user831@example.com,train,1,service
C000832,2020-06-22,EU,Standard,,48,114.76,105.58,2.0,6,user832@example.com,test,0,
C000833,2023-10-05,EU,Basic,Annual,8,51.53,47.41,0.0,20,,train,0,
C000834,2022-02-12,EU,Basic,Monthly,28,69.19,63.65,2.0,17,user834@example.com,test,1,competitor
C000835,2019-07-28,EU,Basic,,59,29.75,27.37,1.0,28,,train,0,
C000836,2023-08-06,EU,Basic,Monthly,10,55.37,50.94,4.0,26,user836@example.com,test,1,price
C000837,2019-07-28,EU,Basic,Monthly,59,56.07,51.58,0.0,11,user837@example.com,test,1,competitor
C000838,2019-08-27,EU,Basic,Annual,58,20.0,18.4,0.0,27,user838@example.com,train,0,
C000839,2021-08-16,EU,Standard,Monthly,34,76.77,70.63,2.0,17,user839@example.com,train,0,
C000840,2018-11-30,EU,Premium,,67,74.89,68.9,0.0,4,user840@example.com,train,0,
C000841,2019-10-26,EU,Standard,Annual,56,29.93,27.54,2.0,14,user841@example.com,train,0,
C000842,2022-06-12,EU,Standard,Annual,24,33.89,31.18,1.0,18,user842@example.com,train,1,moved
C000843,2020-10-20,EU,Basic,Monthly,44,36.59,33.66,1.0,19,,train,0,
C000844,2019-11-25,EU,Standard,Monthly,55,58.17,53.52,0.0,12,,train,0,
C000845,2018-10-01,EU,Premium,Annual,69,24.33,22.38,2.0,7,user845@example.com,train,0,
C000846,2021-02-17,EU,Premium,Annual,40,79.99,73.59,3.0,17,user846@example.com,train,1,service
C000847,2019-10-26,EU,Basic,Monthly,56,81.29,74.79,3.0,8,user847@example.com,test,1,moved
C000848,2020-04-23,EU,Premium,Monthly,50,68.25,62.79,4.0,2,user848@example.com,train,1,moved
C000849,2023-10-05,EU,Premium,Two year,8,57.99,53.35,1.0,28,,train,1,competitor
C000850,2022-01-13,EU,Basic,Two year,29,49.7,45.72,1.0,27,,test,0,
C000851,2023-09-05,EU,Premium,Annual,9,112.13,103.16,0.0,28,user851@example.com,train,1,competitor
C000852,2020-08-21,EU,Standard,Monthly,46,49.93,45.94,0.0,7,user852@example.com,train,0,
C000853,2022-12-09,EU,Standard,Monthly,18,37.99,34.95,0.0,2,,train,0,
C000854,2018-10-01,EU, Premium ,Monthly,69,73.22,67.36,2.0,22,,test,0,
C000855,2020-10-20,EU,Basic,Monthly,44,51.04,46.96,0.0,21,user855@example.com,train,0,
C000856,2024-01-03,EU,Premium,Annual,5,40.21,36.99,0.0,10,,test,1,service
C000857,2018-11-30,EU,Premium,Monthly,67,53.88,49.57,1.0,5,user857@example.com,test,0,
C000858,2021-03-19,EU,Standard,Monthly,39,51.44,47.32,0.0,13,,train,0,
C000859,2021-02-17,EU,Standard,Annual,40,86.02,79.14,0.0,2,user859@example.com,train,0,
C000860,2023-07-07,EU,Standard,Monthly,11,103.59,95.3,2.0,18,user860@example.com,train,1,competitor
C000861,2021-06-17,EU,Standard,Monthly,36,77.09,70.92,0.0,12,,train,1,moved
C000862,2022-10-10,EU,Standard,Annual,20,88.9,81.79,1.0,17,user862@example.com,train,1,service
C000863,2020-11-19,EU,Standard,Monthly,43,54.58,50.21,3.0,18,,train,0,
C000864,2022-04-13,EU,Standard,Two year,26,82.22,75.64,2.0,15,user864@example.com,train,1,competitor
C000865,2023-10-05,EU,Standard,,8,33.9,31.19,3.0,21,user865@example.com,train,1,service
C000866,2018-09-01,EU,Basic,Monthly,70,69.83,64.24,1.0,3,user866@example.com,train,0,
C000867,2019-05-29,EU,Basic,,61,81.01,74.53,4.0,25,user867@example.com,train,1,competitor
C000868,2020-12-19,EU,Standard,Monthly,42,84.32,77.57,0.0,20,user868@example.com,test,1,price
C000869,2021-06-17,EU,Standard,Two year,36,43.88,40.37,1.0,6,,test,0,
C000870,2020-04-23,EU,Standard,Monthly,50,88.39,81.32,1.0,22,user870@example.com,train,0,
C000871,2021-04-18,EU,Standard,Monthly,38,64.36,59.21,2.0,10,,test,1,price
C000872,2022-12-09,EU,Basic,Monthly,18,51.04,46.96,2.0,0,user872@example.com,test,0,
C000873,2024-04-02,EU,premium,Monthly,2,48.71,44.81,1.0,4,user873@example.com,train,1,service
C000874,2020-09-20,EU,Standard,Annual,45,120.61,110.96,1.0,1,user874@example.com,train,1,competitor
C000875,2024-03-03,EU,Basic,Monthly,3,94.49,86.93,0.0,5,user875@example.com,train,1,competitor
C000876,2020-10-20,EU,Basic,Monthly,44,54.91,50.52,2.0,18,,test,1,moved
C000877,2021-05-18,EU,Standard,Monthly,37,106.2,97.7,0.0,17,,test,0,
C000878,2023-05-08,EU,Basic,,13,47.7,43.88,3.0,N/A,,train,0,
C000879,2019-03-30,EU,Basic,Monthly,63,75.14,69.13,1.0,N/A,user879@example.com,train,0,
C000880,2019-09-26,EU,Basic,Two year,57,23.64,21.75,1.0,0,user880@example.com,train,0,
C000881,2021-01-18,EU,Standard,Annual,41,82.28,75.7,1.0,21,user881@example.com,train,0,
C000882,2022-01-13,EU,Standard,Two year,29,67.73,62.31,2.0,16,user882@example.com,test,0,
C000883,2023-10-05,EU,Standard,Monthly,8,71.89,66.14,1.0,16,,train,1,moved
C000884,2019-04-29,EU,Basic,Monthly,62,47.16,43.39,0.0,10,user884@example.com,train,0,
C000885,2022-05-13,EU,Basic,Two year,25,84.25,77.51,1.0,2,user885@example.com,test,0,
C000886,2022-07-12,EU,Premium,Two year,23,102.79,94.57,0.0,18,user886@example.com,train,0,
C000887,2022-08-11,EU,Standard,Monthly,22,75.68,69.63,1.0,27,user887@example.com,train,0,
C000888,2023-01-08,EU,Standard,Monthly,17,84.11,77.38,1.0,none,user888@example.com,train,1,service
C000889,2022-01-13,EU,Basic,Monthly,29,41.85,38.5,1.0,4,user889@example.com,train,1,service
C000890,2022-01-13,EU,Basic,,29,62.02,57.06,1.0,22,,test,0,
C000891,2023-06-07,EU,premium,Monthly,12,57.99,53.35,6.0,4,user891@example.com,train,1,service
C000892,2018-08-02,EU,Premium,Two year,71,80.45,74.01,0.0,15,user892@example.com,train,0,
C000893,2020-08-21,EU,Standard,Annual,46,87.66,80.65,0.0,26,user893@example.com,train,0,
C000894,2022-01-13,EU,Standard,Annual,29,79.55,73.19,1.0,12,,train,1,price
C000895,2020-04-23,EU,Basic,Monthly,50,93.72,86.22,0.0,9,,train,0,
C000896,2021-01-18,EU,Standard,Monthly,41,98.87,90.96,1.0,16,user896@example.com,test,1,service
C000897,2018-10-01,EU,Basic,Monthly,69,74.83,68.84,0.0,23,user897@example.com,train,0,
C000898,2022-01-13,EU,PREMIUM,Annual,29,76.81,70.67,0.0,17,,train,0,
C000899,2019-06-28,EU,Premium,Monthly,60,96.55,88.83,3.0,29,user899@example.com,train,0,
C000900,2018-09-01,EU,Standard,Monthly,70,53.36,49.09,2.0,19,user900@example.com,train,0,
C000901,2019-07-28,EU,Basic,Monthly,59,85.09,78.28,2.0,16,user901@example.com,train,0,
C000902,2022-09-10,EU,Basic,Annual,21,74.91,68.92,2.0,21,,train,1,price
C000903,2020-03-24,EU,Standard,Monthly,51,67.39,62.0,0.0,23,,train,0,
C000904,2022-02-12,EU,Premium,Annual,28,88.69,81.59,1.0,24,user904@example.com,train,0,
C000905,2022-10-10,EU,Basic,Monthly,20,58.37,53.7,0.0,4,user905@example.com,train,0,
C000906,2019-01-29,EU,Basic,Annual,65,49.13,45.2,1.0,20,,train,0,
C000907,2021-03-19,EU,Basic,Two year,39,73.0,67.16,0.0,22,user907@example.com,train,1,service
C000908,2022-04-13,EU,Basic,Monthly,26,56.09,51.6,0.0,8,,train,0,
C000909,2023-03-09,EU,Premium,Annual,15,41.57,38.24,0.0,none,user909@example.com,train,1,competitor
C000910,2023-05-08,EU, Premium ,Annual,13,83.42,76.75,5.0,20,,train,1,price
C000911,2022-02-12,EU,Standard,Annual,28,77.96,71.72,1.0,23,user911@example.com,test,0,
C000912,2022-07-12,EU,Basic,Monthly,23,39.61,36.44,3.0,0,,train,1,service
C000913,2022-12-09,EU,Basic,Annual,18,72.35,66.56,4.0,7,user913@example.com,train,1,service
C000914,2022-08-11,EU,Premium,,22,42.16,38.79,0.0,15,user914@example.com,train,0,
C000915,2022-04-13,EU,Standard,Monthly,26,34.49,31.73,1.0,0,,train,0,
C000916,2019-06-28,EU,Basic,,60,62.55,57.55,1.0,none,user916@example.com,test,0,
C000917,2020-01-24,EU,Basic,Two year,53,75.26,69.24,0.0,7,,test,0,
C000918,2021-09-15,EU,Basic,Annual,33,48.84,44.93,2.0,4,user918@example.com,train,0,
C000919,2019-03-30,EU,Basic,Annual,63,89.42,82.27,6.0,28,user919@example.com,train,0,
C000920,2021-10-15,EU,Standard,Monthly,32,61.75,56.81,1.0,17,user920@example.com,train,1,competitor
C000921,2018-11-30,EU,Basic,Annual,67,39.37,36.22,3.0,20,,test,0,
C000922,2022-11-09,EU,Standard,Monthly,19,78.48,72.2,0.0,9,user922@example.com,test,1,price
C000923,2023-04-08,EU,Basic,Annual,14,83.38,76.71,2.0,27,,train,1,price
C000924,2024-04-02,EU,PREMIUM,Monthly,2,21.18,19.49,0.0,5,,train,1,service
C000925,2024-05-02,EU,Standard,Monthly,1,96.29,88.59,3.0,23,user925@example.com,train,1,moved
C000926,2023-06-07,EU,Basic,Annual,12,92.28,84.9,2.0,12,user926@example.com,train,1,competitor
C000927,2020-10-20,EU,Basic,Annual,44,30.31,27.89,0.0,11,,train,0,
C000928,2018-10-01,EU,Basic,Monthly,69,56.72,52.18,0.0,15,user928@example.com,train,0,
C000929,2024-02-02,EU,Standard,Monthly,4,111.0,102.12,0.0,21,user929@example.com,train,1,price
C000930,2019-09-26,EU,Standard,Monthly,57,54.54,50.18,2.0,2,user930@example.com,train,0,
C000931,2019-10-26,EU,Standard,Annual,56,64.0,58.88,1.0,19,user931@example.com,train,0,
C000932,2020-02-23,EU,Basic,Two year,52,48.76,44.86,0.0,27,,train,0,
C000933,2018-08-02,EU,Standard,Monthly,71,85.55,78.71,1.0,5,user933@example.com,train,0,
C000934,2020-09-20,EU,Basic,Two year,45,70.06,64.46,2.0,23,user934@example.com,train,0,
C000935,2021-07-17,EU,Basic,Monthly,35,20.24,18.62,1.0,none,,train,0,
C000936,2023-04-08,EU,Basic,Annual,14,62.36,57.37,0.0,N/A,user936@example.com,train,0,
C000937,2022-10-10,EU,Standard,Monthly,20,71.46,65.74,1.0,9,,train,1,moved
C000938,2019-12-25,EU,Premium,Annual,54,45.78,42.12,0.0,15,user938@example.com,train,0,
C000939,2022-11-09,EU,Premium,Monthly,19,77.22,71.04,1.0,27,user939@example.com,train,1,price
C000940,2019-05-29,EU,Basic,,61,88.84,81.73,2.0,18,user940@example.com,train,0,
C000941,2022-07-12,EU,Basic,,23,87.77,80.75,0.0,13,,train,1,competitor
C000942,2020-02-23,EU,premium,Annual,52,48.68,44.79,0.0,2,,train,1,service
C000943,2022-10-10,EU,Basic,Monthly,20,34.42,31.67,0.0,N/A,user943@example.com,train,0,
C000944,2019-12-25,EU,Standard,Two year,54,41.25,37.95,1.0,23,user944@example.com,train,0,
C000945,2021-12-14,EU,Basic,Annual,30,78.02,71.78,1.0,9,,train,1,competitor
C000946,2023-02-07,EU,Standard,,16,39.64,36.47,1.0,11,,train,1,price
C000947,2020-04-23,EU, Premium ,Annual,50,65.69,60.43,1.0,27,user947@example.com,test,0,
C000948,2019-02-28,EU,Standard,Monthly,64,51.35,47.24,0.0,17,,train,0,
C000949,2019-04-29,EU,Standard,Annual,62,68.66,63.17,2.0,0,user949@example.com,test,0,
C000950,2021-06-17,EU,Basic,Annual,36,77.7,71.48,0.0,6,,train,0,
C000951,2022-05-13,EU,Standard,Monthly,25,67.75,62.33,3.0,12,,test,1,moved
C000952,2023-02-07,EU,Premium,Two year,16,75.94,69.86,1.0,14,user952@example.com,train,1,competitor
C000953,2020-10-20,EU,Standard,Annual,44,80.31,73.89,0.0,14,,train,0,
C000954,2023-02-07,EU,Premium,Monthly,16,66.93,61.58,0.0,21,,train,1,service
C000955,2021-11-14,EU,Basic,Annual,31,110.27,101.45,0.0,27,user955@example.com,train,0,
C000956,2020-04-23,EU,Standard,Two year,50,50.8,46.74,4.0,25,,test,0,
C000957,2019-10-26,EU,Standard,Annual,56,75.65,69.6,1.0,0,user957@example.com,train,0,
C000958,2023-07-07,EU,Basic,Monthly,11,65.75,60.49,1.0,3,,train,0,
C000959,2019-11-25,EU,Premium,Annual,55,121.35,111.64,2.0,11,,train,1,competitor
C000960,2023-09-05,EU,Basic,Monthly,9,69.07,63.54,1.0,2,user960@example.com,train,1,competitor
C000961,2022-05-13,EU,Basic,Annual,25,79.41,73.06,1.0,12,,train,0,
C000962,2021-12-14,EU,Basic,Two year,30,28.58,26.29,1.0,1,,train,0,
C000963,2021-01-18,EU,Standard,Monthly,41,90.35,83.12,2.0,none,user963@example.com,train,0,
C000964,2023-04-08,EU,Standard,Monthly,14,64.14,59.01,2.0,N/A,user964@example.com,train,0,
C000965,2022-11-09,EU,Standard,Annual,19,75.31,69.29,3.0,24,user965@example.com,train,1,moved
C000966,2022-01-13,EU,Standard,Two year,29,52.91,48.68,1.0,27,user966@example.com,train,0,
C000967,2018-11-30,EU,Basic,Monthly,67,84.51,77.75,2.0,25,user967@example.com,test,0,
C000968,2019-10-26,EU,Standard,Monthly,56,121.44,111.72,1.0,27,user968@example.com,train,0,
C000969,2023-07-07,EU,Premium,,11,63.7,58.6,1.0,20,,train,1,competitor
C000970,2023-02-07,EU,Standard,,16,97.46,89.66,1.0,N/A,,train,1,service
C000971,2019-02-28,EU,Standard,Annual,64,58.91,54.2,1.0,7,user971@example.com,test,0,
C000972,2021-07-17,EU,Basic,Annual,35,62.04,57.08,0.0,28,user972@example.com,train,0,
C000973,2022-03-14,EU,Standard,Two year,2700,106.6,98.07,0.0,29,user973@example.com,train,0,
C000974,2020-10-20,EU,Premium,Monthly,44,49.92,45.93,1.0,25,,train,0,
C000975,2022-01-13,EU,Basic,Monthly,29,76.16,70.07,3.0,8,user975@example.com,test,1,service
C000976,2023-07-07,EU,Premium,Monthly,11,109.98,101.18,2.0,none,,test,1,moved
C000977,2021-04-18,EU,Basic,Two year,38,50.49,46.45,2.0,9,,train,0,
C000978,2021-06-17,EU,Standard,Monthly,36,42.44,39.04,2.0,0,user978@example.com,train,0,competitor
C000979,2021-03-19,EU,Premium,Two year,39,92.89,85.46,1.0,7,user979@example.com,test,0,
C000980,2021-09-15,EU, Premium ,Monthly,33,79.69,73.31,1.0,5,,train,1,service
C000981,2019-02-28,EU,Basic,Monthly,64,98.69,90.79,3.0,11,user981@example.com,train,0,
C000982,2024-05-02,EU,Standard,Annual,1,63.5,58.42,0.0,2,user982@example.com,train,1,competitor
C000983,2018-08-02,EU,Standard,Annual,71,71.99,66.23,3.0,24,user983@example.com,test,0,
C000984,2019-11-25,EU,Standard,Monthly,55,74.68,68.71,1.0,10,,train,0,
C000985,2020-12-19,EU,Standard,Annual,42,53.47,49.19,0.0,7,user985@example.com,train,0,
C000986,2022-08-11,EU,Basic,Annual,22,62.74,57.72,0.0,23,user986@example.com,test,1,price
C000987,2019-04-29,EU,Premium,Two year,62,47.98,44.14,1.0,3,,test,1,price
C000988,2019-09-26,EU,Basic,,57,74.08,68.15,0.0,22,,train,0,
C000989,2019-07-28,EU,Basic,Monthly,59,95.32,87.69,2.0,21,,test,1,competitor
C000990,2022-10-10,EU,PREMIUM,Annual,20,101.07,92.98,1.0,1,,test,1,service
C000991,2020-04-23,EU,Standard,,50,95.88,88.21,0.0,13,user991@example.com,train,1,price
C000992,2023-04-08,EU,Standard,Monthly,14,27.09,24.92,3.0,29,,train,1,price
C000993,2023-09-05,EU,Standard,,9,58.61,53.92,0.0,8,user993@example.com,train,1,competitor
C000994,2024-04-02,EU,Standard,Two year,2,57.77,53.15,2.0,5,,train,1,moved
C000995,2019-11-25,EU,Premium,Two year,55,77.88,71.65,3.0,29,user995@example.com,train,0,
C000996,2023-12-04,EU,Standard,,6,20.0,18.4,2.0,24,,train,1,price
C000997,2019-03-30,EU,Standard,Monthly,63,35.4,32.57,1.0,23,user997@example.com,test,0,
C000998,2022-04-13,EU,Basic,Monthly,26,41.44,38.12,3.0,6,user998@example.com,train,0,
C000999,2018-11-30,EU,Standard,Monthly,67,58.57,53.88,3.0,24,,test,0,
C001000,2021-03-19,EU,Basic,Annual,39,100.99,92.91,0.0,28,,test,0,
C001001,2019-02-28,EU,Basic,,64,73.83,67.92,1.0,18,user1001@example.com,train,1,price
C001002,2022-07-12,EU,Standard,Annual,23,86.78,79.84,2.0,22,user1002@example.com,train,1,competitor
C001003,2022-04-13,EU,Standard,Two year,26,53.41,49.14,0.0,11,user1003@example.com,test,0,
C001004,2023-06-07,EU,Standard,Annual,12,56.28,51.78,2.0,24,,train,1,moved
C001005,2018-09-01,EU,Premium,Two year,70,67.37,61.98,1.0,8,,train,0,
C001006,2022-09-10,EU,Standard,Monthly,21,52.82,48.59,2.0,24,user1006@example.com,train,0,
C001007,2020-02-23,EU,Basic,Annual,52,57.12,52.55,1.0,2,,test,0,
C001008,2019-07-28,EU,Basic,Monthly,59,94.13,86.6,0.0,N/A,,train,0,
C001009,2020-10-20,EU,Basic,Monthly,44,113.61,104.52,0.0,29,user1009@example.com,train,1,competitor
C001010,2023-06-07,EU,Basic,Monthly,12,84.65,77.88,0.0,14,user1010@example.com,train,0,moved
C001011,2019-10-26,EU,Standard,Annual,56,96.9,89.15,0.0,6,user1011@example.com,test,0,
C001012,2018-11-30,EU,Basic,Two year,67,54.99,50.59,3.0,12,user1012@example.com,train,0,
C001013,2022-02-12,EU,Standard,Two year,28,98.65,90.76,0.0,2,user1013@example.com,train,1,price
C001014,2019-10-26,EU,Basic,Two year,56,149.57,137.6,4.0,14,user1014@example.com,train,1,moved
C001015,2022-05-13,EU,Basic,Monthly,25,97.02,89.26,2.0,20,user1015@example.com,train,1,price
C001016,2022-08-11,EU,Standard,Monthly,22,36.66,33.73,0.0,17,user1016@example.com,train,1,service
C001017,2022-06-12,EU,Premium,Monthly,24,81.23,74.73,1.0,29,user1017@example.com,train,0,
C001018,2021-05-18,EU,Basic,Two year,37,60.16,55.35,0.0,29,,train,0,
C001019,2023-05-08,EU,Standard,Annual,13,60.39,55.56,1.0,15,,train,1,
C001020,2022-02-12,EU,Premium,Monthly,28,52.51,48.31,2.0,4,user1020@example.com,test,1,competitor
C001021,2020-11-19,EU,Premium,Monthly,43,62.12,57.15,1.0,7,,test,0,
C001022,2019-12-25,EU,Basic,Annual,54,81.97,75.41,1.0,23,user1022@example.com,test,0,
C001023,2019-03-30,EU,Standard,Monthly,63,65.3,60.08,0.0,23,user1023@example.com,train,0,
C001024,2019-09-26,EU,Standard,Two year,57,74.53,68.57,2.0,5,user1024@example.com,train,0,
C001025,2023-10-05,EU,Basic,,8,69.49,63.93,1.0,2,user1025@example.com,test,1,service
C001026,2019-08-27,EU,Basic,Two year,58,75.27,69.25,2.0,13,,test,0,
C001027,2021-03-19,EU,Standard,,39,88.11,81.06,1.0,3,user1027@example.com,train,0,
C001028,2023-10-05,EU, Premium ,Monthly,8,29.8,27.42,1.0,11,,test,0,
C001029,2020-03-24,EU,Premium,Annual,51,72.22,66.44,0.0,17,user1029@example.com,train,0,
C001030,2022-11-09,EU,Basic,Two year,19,59.91,55.12,2.0,14,user1030@example.com,test,1,service
C001031,2020-12-19,EU,Standard,Annual,42,61.84,56.89,1.0,26,user1031@example.com,train,1,competitor
C001032,2022-02-12,EU,Standard,Monthly,28,76.32,70.21,0.0,2,user1032@example.com,test,0,
C001033,2018-09-01,EU,Standard,,70,82.16,75.59,1.0,2,,train,0,
C001034,2022-12-09,EU,Standard,Monthly,18,88.54,81.46,1.0,4,user1034@example.com,train,1,price
C001035,2022-03-14,EU,Basic,Monthly,27,54.23,49.89,0.0,10,user1035@example.com,train,0,
C001036,2019-04-29,EU,Basic,Two year,62,107.93,99.3,0.0,N/A,user1036@example.com,train,0,
C001037,2020-04-23,EU,Basic,Monthly,50,37.87,34.84,3.0,25,user1037@example.com,train,0,
C001038,2023-07-07,EU,Standard,Annual,11,97.59,89.78,2.0,5,user1038@example.com,train,0,service
C001039,2022-04-13,EU,Basic,Monthly,26,71.09,65.4,0.0,7,user1039@example.com,test,1,service
C001040,2021-10-15,EU,Standard,,32,86.42,79.51,2.0,21,,test,0,
C001041,2021-12-14,EU,Basic,Monthly,30,36.33,33.42,1.0,8,user1041@example.com,test,1,moved
C001042,2020-02-23,EU,Basic,Monthly,52,57.19,52.61,2.0,14,user1042@example.com,test,1,service
C001043,2018-12-30,EU,Standard,Two year,66,64.84,59.65,3.0,21,user1043@example.com,train,0,
C001044,2022-02-12,EU,Basic,Monthly,28,53.51,49.23,1.0,25,,train,1,service
C001045,2020-08-21,EU,Standard,Monthly,46,89.36,82.21,1.0,4,user1045@example.com,train,0,
C001046,2024-02-02,EU,Standard,Monthly,4,108.09,99.44,0.0,1,user1046@example.com,train,1,price
C001047,2022-01-13,EU,Basic,Two year,29,43.83,40.32,0.0,1,,test,0,
C001048,2020-07-22,EU,Standard,Monthly,47,20.0,18.4,2.0,25,,train,1,competitor
C001049,2021-09-15,EU,Premium,Annual,33,86.16,79.27,2.0,17,,train,1,competitor
C001050,2019-01-29,EU,Standard,Monthly,65,107.32,98.73,1.0,25,user1050@example.com,train,1,competitor
C001051,2018-12-30,EU,Basic,Annual,66,99.29,91.35,1.0,6,user1051@example.com,train,0,
C001052,2023-12-04,EU,Premium,Monthly,6,63.6,58.51,8.0,3,,train,1,moved
C001053,2019-12-25,EU,Premium,Monthly,54,103.88,95.57,2.0,9,user1053@example.com,test,0,
C001054,2023-02-07,EU,Standard,Two year,16,68.61,63.12,1.0,6,user1054@example.com,train,0,
C001055,2022-12-09,EU,Standard,Annual,18,112.26,103.28,0.0,unknown,,train,0,
C001056,2023-10-05,EU,Premium,Annual,8,60.84,55.97,1.0,28,user1056@example.com,test,1,competitor
C001057,2018-08-02,EU,Premium,Two year,71,44.12,40.59,1.0,7,,train,0,
C001058,2019-10-26,EU,Standard,Annual,56,68.47,62.99,1.0,4,,train,0,
C001059,2019-04-29,EU,Basic,Monthly,62,69.59,64.02,3.0,22,user1059@example.com,test,0,
C001060,2019-01-29,EU,Standard,Two year,65,83.08,76.43,2.0,9,user1060@example.com,test,0,
C001061,2022-06-12,EU,Standard,Monthly,24,41.32,38.01,1.0,3,user1061@example.com,test,1,moved
C001062,2023-08-06,EU,Standard,,10,81.84,75.29,0.0,none,user1062@example.com,test,0,
C001063,2022-10-10,EU,Standard,Monthly,20,51.63,47.5,1.0,25,user1063@example.com,test,0,
C001064,,EU,,,58,,,,,,train,0,
C001065,2022-12-09,EU,Standard,Monthly,18,54.37,50.02,5.0,7,,test,1,moved
C001066,2018-09-01,EU,Standard,Monthly,70,61.9,56.95,2.0,13,user1066@example.com,train,0,
C001067,2019-10-26,EU,Standard,Monthly,56,61.33,56.42,0.0,6,user1067@example.com,train,0,
C001068,2019-10-26,EU,Basic,Monthly,56,54.82,50.43,0.0,28,user1068@example.com,train,0,
C001069,2021-04-18,EU,Basic,Monthly,38,81.74,75.2,3.0,4,user1069@example.com,train,1,competitor
C001070,2020-12-19,EU,Standard,Monthly,42,121.58,111.85,3.0,20,user1070@example.com,train,1,moved
C001071,2019-04-29,EU,Premium,Monthly,62,77.34,71.15,0.0,5,user1071@example.com,train,0,
C001072,2022-07-12,EU,Standard,Annual,23,40.92,37.65,0.0,1,user1072@example.com,test,0,
C001073,2022-04-13,EU,Basic,Monthly,26,70.66,65.01,2.0,20,user1073@example.com,test,1,price
C001074,2021-03-19,EU,Basic,Annual,39,59.08,54.35,0.0,10,user1074@example.com,train,0,
C001075,2024-01-03,EU,Basic,Monthly,5,30.6,28.15,3.0,17,,train,0,
C001076,2020-04-23,EU,Standard,Monthly,50,57.29,52.71,2.0,15,,train,0,
C001077,2023-09-05,EU,Basic,Annual,9,53.48,49.2,0.0,15,user1077@example.com,test,0,
C001078,2023-05-08,EU,Standard,Monthly,13,51.82,47.67,0.0,16,user1078@example.com,train,1,competitor
C001079,2020-02-23,EU,Standard,Annual,52,90.64,83.39,2.0,8,,train,1,moved
C001080,2021-05-18,EU,Premium,Monthly,37,53.89,49.58,2.0,20,user1080@example.com,train,1,moved
C001081,2021-08-16,EU,Premium,Monthly,34,98.29,90.43,0.0,17,user1081@example.com,train,0,
C001082,2019-06-28,EU,Standard,Monthly,60,79.97,73.57,2.0,23,user1082@example.com,train,0,
C001083,2019-06-28,EU,Basic,,60,85.3,78.48,1.0,27,user1083@example.com,test,0,
C001084,2021-06-17,EU,Basic,Monthly,36,50.82,46.75,2.0,4,,train,1,price
C001085,2019-08-27,EU,Premium,Annual,58,58.94,54.22,2.0,15,user1085@example.com,test,0,
C001086,2023-08-06,EU,Premium,Monthly,10,37.28,34.3,0.0,19,,test,0,
C001087,2018-10-01,EU,Basic,Monthly,69,53.47,49.19,1.0,3,user1087@example.com,train,0,
C001088,2023-06-07,EU,Basic,,12,92.31,84.93,1.0,17,user1088@example.com,train,1,service
C001089,2023-11-04,EU,Basic,Monthly,7,80.59,74.14,1.0,8,user1089@example.com,test,0,price
C001090,2023-01-08,EU,Basic,Monthly,17,48.88,44.97,1.0,5,,test,1,moved
C001091,2024-02-02,EU,Basic,Annual,4,81.32,74.81,3.0,29,user1091@example.com,train,1,moved
C001092,2021-04-18,EU,Standard,,38,62.79,57.77,0.0,6,user1092@example.com,train,0,
C001093,2020-03-24,EU,Standard,Monthly,51,69.51,63.95,2.0,22,user1093@example.com,test,0,
C001094,2021-06-17,EU,Standard,Annual,36,118.25,108.79,2.0,29,user1094@example.com,train,1,moved
C001095,2021-07-17,EU,Basic,Monthly,35,82.67,76.06,1.0,8,,train,0,
C001096,2019-01-29,EU,Premium,,65,88.85,81.74,4.0,7,,test,1,price
C001097,2022-03-14,EU,Standard,Annual,27,20.0,18.4,1.0,26,user1097@example.com,train,0,
C001098,2019-08-27,EU,Basic,Monthly,58,83.61,76.92,0.0,22,,train,0,
C001099,2019-07-28,EU,Enterprise,Monthly,59,63.56,58.48,2.0,10,,train,0,
C001100,2022-03-14,EU,Premium,Monthly,27,107.9,99.27,2.0,29,user1100@example.com,test,1,price
C001101,2020-03-24,EU,Premium,Annual,51,55.42,50.99,0.0,26,user1101@example.com,train,0,
C001102,2020-12-19,EU,Basic,Monthly,42,106.36,97.85,2.0,16,,train,1,moved
C001103,2019-07-28,EU,Standard,Annual,59,80.04,73.64,1.0,24,user1103@example.com,train,0,
C001104,2018-08-02,EU,Basic,Monthly,71,52.36,48.17,1.0,19,user1104@example.com,test,0,
C001105,2023-11-04,EU,Basic,Annual,7,85.98,79.1,1.0,19,,train,1,competitor
C001106,2021-03-19,EU,Basic,Monthly,39,101.09,93.0,1.0,21,user1106@example.com,train,1,moved
C001107,2019-01-29,EU,Standard,Annual,65,84.33,77.58,1.0,22,,train,0,
C001108,2021-11-14,EU,Standard,Monthly,31,76.88,70.73,2.0,1,,train,1,price
C001109,2022-09-10,EU,premium,Annual,21,114.24,105.1,2.0,8,user1109@example.com,test,1,competitor
C001110,2020-03-24,EU,Standard,Two year,51,65.78,60.52,1.0,16,user1110@example.com,train,0,
C001111,2019-05-29,EU,Premium,Annual,61,90.41,83.18,3.0,3,,train,0,
C001112,2021-10-15,EU,Basic,,32,66.25,60.95,0.0,17,user1112@example.com,train,0,
C001113,2020-08-21,EU,Premium,Two year,46,39.92,36.73,2.0,6,user1113@example.com,test,1,moved
C001114,2023-02-07,EU,Standard,Monthly,16,106.92,98.37,3.0,14,user1114@example.com,train,1,price
C001115,2022-08-11,EU,Premium,,22,44.16,40.63,2.0,9,user1115@example.com,train,0,
C001116,2020-11-19,EU,Premium,Annual,43,53.2,48.94,2.0,11,user1116@example.com,train,0,
C001117,2021-05-18,EU,Standard,Annual,37,73.85,67.94,0.0,25,,test,0,
C001118,2019-09-26,EU,Basic,Monthly,57,92.09,84.72,3.0,15,,train,0,
C001119,2023-04-08,EU,Basic,Monthly,14,66.33,61.02,0.0,9,,train,1,moved
C001120,2023-02-07,EU,Premium,Monthly,16,44.89,41.3,1.0,N/A,user1120@example.com,train,0,
C001121,2020-05-23,EU,Premium,Monthly,49,102.73,94.51,2.0,21,,train,0,
C001122,2018-10-01,EU,Standard,Two year,69,94.36,86.81,1.0,3,user1122@example.com,test,1,competitor
C001123,2022-03-14,EU,Premium,Monthly,27,65.17,59.96,2.0,none,,test,1,price
C001124,2019-04-29,EU,Basic,Two year,62,66.35,61.04,1.0,11,user1124@example.com,train,0,
C001125,2021-06-17,EU,Basic,Two year,36,66.19,60.89,3.0,0,user1125@example.com,train,0,
C001126,2020-10-20,EU,Basic,Two year,44,73.43,67.56,3.0,1,,test,0,
C001127,2020-03-24,EU,Premium,Monthly,51,62.27,57.29,1.0,22,,train,1,service
C001128,2023-02-07,EU,Basic,Two year,16,79.3,72.96,0.0,16,user1128@example.com,train,1,moved
C001129,2024-01-03,EU,Standard,Annual,5,99.58,91.61,1.0,1,user1129@example.com,train,1,moved
C001130,2023-10-05,EU,Premium,Monthly,8,84.85,78.06,1.0,15,user1130@example.com,train,0,
C001131,2021-05-18,EU,Standard,Monthly,37,44.05,40.53,0.0,N/A,user1131@example.com,train,0,
C001132,2020-09-20,EU,Basic,Monthly,45,88.1,81.05,0.0,29,,train,1,moved
C001133,2019-05-29,EU,Standard,Monthly,61,105.37,96.94,0.0,12,user1133@example.com,test,0,
C001134,2021-10-15,EU,Basic,Monthly,32,20.0,18.4,0.0,N/A,user1134@example.com,train,1,service
C001135,2023-06-07,EU,Basic,Monthly,12,97.99,90.15,2.0,29,user1135@example.com,train,1,price
C001136,2019-12-25,EU,Premium,Two year,54,65.21,59.99,1.0,1,,train,0,
C001137,2020-12-19,EU,Standard,Annual,42,43.13,39.68,1.0,22,user1137@example.com,train,0,
C001138,2020-03-24,EU,Basic,Monthly,51,103.82,95.51,0.0,16,user1138@example.com,test,0,
C001139,2023-02-07,EU,Standard,Annual,16,64.64,59.47,0.0,none,user1139@example.com,test,1,competitor
C001140,2023-05-08,EU,Standard,Annual,1300,84.53,77.77,0.0,14,,train,0,
C001141,2020-10-20,EU,Premium,Annual,44,58.37,53.7,2.0,18,user1141@example.com,train,0,
C001142,2021-02-17,EU,Standard,Monthly,40,83.27,76.61,1.0,none,user1142@example.com,train,1,price
C001143,2022-02-12,EU,Standard,Monthly,28,59.75,54.97,1.0,3,user1143@example.com,train,0,
C001144,2021-02-17,EU,Standard,Annual,40,119.77,110.19,0.0,0,user1144@example.com,train,0,
C001145,2023-08-06,EU,Standard,Monthly,10,54.27,49.93,1.0,11,,test,1,price
C001146,2019-10-26,EU,Premium,Monthly,56,72.04,66.28,2.0,25,user1146@example.com,train,1,service
C001147,2021-11-14,EU,Standard,,31,66.67,61.34,1.0,12,,test,1,price
C001148,2019-03-30,EU,Basic,Two year,63,92.97,85.53,2.0,22,,train,0,
C001149,2021-10-15,EU,Premium,Annual,32,99.36,91.41,0.0,25,,train,0,
C001150,2018-10-01,EU,Standard,Monthly,69,57.96,53.32,2.0,none,,train,0,
C001151,2023-11-04,EU,Basic,Monthly,7,61.52,56.6,2.0,22,user1151@example.com,train,1,service
C001152,2023-02-07,EU,Basic,Annual,16,82.08,75.51,1.0,2,user1152@example.com,test,1,
C001153,2020-05-23,EU,Basic,,49,44.13,40.6,1.0,7,user1153@example.com,test,0,
C001154,2020-06-22,EU,Standard,Monthly,48,70.29,64.67,0.0,19,user1154@example.com,train,0,
C001155,2019-06-28,EU,Basic,Monthly,60,113.58,104.49,4.0,29,,train,0,
C001156,2019-08-27,EU,Standard,,58,77.8,71.58,3.0,unknown,,train,0,
C001157,2019-10-26,EU,Standard,Monthly,56,109.69,100.91,1.0,none,user1157@example.com,train,1,moved
C001158,2022-06-12,EU,Standard,Two year,2400,78.44,72.16,0.0,9,,train,0,
C001159,2019-04-29,EU,Basic,Annual,62,96.16,88.47,0.0,5,,train,0,
C001160,2021-07-17,EU,Basic,Annual,35,20.0,18.4,0.0,2,user1160@example.com,train,0,
C001161,2021-09-15,EU,Basic,Two year,33,89.75,82.57,3.0,19,user1161@example.com,train,1,competitor
C001162,2024-03-03,EU,Basic,Monthly,3,81.34,74.83,1.0,12,,train,1,moved
C001163,2020-03-24,EU,Basic,Two year,51,36.91,33.96,1.0,5,,train,0,
C001164,2024-05-02,EU,Basic,Monthly,1,114.85,105.66,2.0,26,user1164@example.com,test,1,moved
C001165,2022-05-13,EU,Basic,Annual,25,57.12,52.55,1.0,28,user1165@example.com,train,0,
C001166,2022-01-13,EU,Basic,,29,20.0,18.4,0.0,11,user1166@example.com,train,1,price
C001167,2023-09-05,EU,Standard,Annual,9,86.8,79.86,2.0,0,user1167@example.com,train,0,
C001168,2021-05-18,EU,Standard,Monthly,37,37.98,34.94,1.0,none,user1168@example.com,train,0,
C001169,2018-10-31,EU,Standard,Annual,68,45.25,41.63,1.0,3,,train,0,
C001170,2019-02-28,EU,Premium,Annual,64,60.68,55.83,2.0,21,user1170@example.com,train,0,
C001171,2022-05-13,EU,Basic,Two year,25,81.61,75.08,0.0,27,user1171@example.com,test,1,competitor
C001172,2023-03-09,EU,Standard,Monthly,15,93.13,85.68,1.0,14,user1172@example.com,test,1,service
C001173,2020-11-19,EU,Standard,Monthly,43,64.6,59.43,2.0,15,,train,0,
C001174,2023-04-08,EU,Basic,Annual,14,87.62,80.61,1.0,20,,train,1,service
C001175,2020-02-23,EU,Standard,Monthly,52,99.87,91.88,0.0,8,,train,0,
C001176,2021-07-17,EU,Basic,Two year,35,29.63,27.26,0.0,9,user1176@example.com,train,0,
C001177,2022-01-13,EU,Standard,Monthly,29,136.18,125.29,1.0,unknown,user1177@example.com,test,1,competitor
C001178,2021-03-19,EU,Standard,Annual,39,63.9,58.79,1.0,19,user1178@example.com,test,0,
C001179,2020-04-23,EU,Premium,Annual,50,117.07,107.7,1.0,17,user1179@example.com,train,0,
C001180,2022-01-13,EU,Standard,Monthly,29,71.63,65.9,1.0,20,user1180@example.com,train,1,moved
C001181,2023-03-09,EU,Basic,Two year,15,78.8,72.5,2.0,27,,train,1,moved
C001182,2022-10-10,EU,Basic,Monthly,20,79.27,72.93,1.0,23,user1182@example.com,test,0,
C001183,2019-06-28,EU,Basic,Two year,60,68.49,63.01,3.0,27,user1183@example.com,train,0,
C001184,2022-03-14,EU,Standard,Annual,27,96.36,88.65,0.0,3,user1184@example.com,train,0,
C001185,2020-08-21,EU,Standard,Monthly,46,75.81,69.75,0.0,25,user1185@example.com,train,0,
C001186,2024-03-03,EU,Standard,Annual,3,126.73,116.59,0.0,26,,train,0,
C001187,2019-03-30,EU,Standard,Monthly,63,28.37,26.1,1.0,24,,train,0,
C001188,2019-10-26,EU,Basic,Two year,56,81.45,74.93,2.0,11,user1188@example.com,train,0,
C001189,2018-12-30,EU, Premium ,Monthly,66,90.19,82.97,2.0,25,user1189@example.com,train,0,
C001190,2022-04-13,EU,Basic,Annual,26,59.49,54.73,0.0,15,,train,1,
C001191,2020-07-22,EU,Standard,Monthly,47,82.07,75.5,2.0,5,,train,0,
C001192,2024-04-02,EU,Basic,Monthly,2,67.12,61.75,1.0,16,,train,1,competitor
C001193,2022-04-13,EU,Standard,Two year,26,75.23,69.21,0.0,17,user1193@example.com,train,1,moved
C001194,2018-12-30,EU,Basic,Monthly,66,96.09,88.4,0.0,8,user1194@example.com,train,0,
C001195,2023-04-08,EU,Basic,Two year,14,33.23,30.57,1.0,1,,test,0,
C001196,2023-09-05,EU,Basic,Annual,9,60.78,55.92,0.0,1,user1196@example.com,train,1,moved
C001197,2018-09-01,EU,Premium,Annual,70,87.55,80.55,0.0,10,user1197@example.com,train,0,
C001198,2021-07-17,EU,Standard,Monthly,35,54.14,49.81,1.0,23,user1198@example.com,train,1,service
C001199,2019-12-25,EU,Standard,Monthly,54,78.22,71.96,3.0,19,user1199@example.com,train,0,
C001200,2019-05-29,EU,Standard,Monthly,61,49.01,45.09,0.0,3,user1200@example.com,test,0,
C001201,2019-05-29,EU,Standard,Monthly,61,119.24,109.7,0.0,12,user1201@example.com,test,0,
C001202,2018-12-30,EU,Standard,Monthly,66,82.74,76.12,2.0,23,user1202@example.com,train,0,
C001203,2021-04-18,EU,Premium,Monthly,38,71.35,65.64,2.0,10,user1203@example.com,train,0,
C001204,2020-05-23,EU,Basic,Two year,49,59.35,54.6,0.0,3,user1204@example.com,train,0,
C001205,2022-06-12,EU,Standard,Annual,24,100.44,92.4,2.0,23,user1205@example.com,train,0,
C001206,2020-08-21,EU,Premium,Annual,46,78.07,71.82,0.0,14,,train,0,
C001207,2020-07-22,EU,Basic,Monthly,47,72.07,66.3,2.0,18,user1207@example.com,train,1,service
C001208,2023-09-05,EU,Standard,Monthly,9,39.66,36.49,0.0,N/A,user1208@example.com,train,1,competitor
C001209,2019-02-28,EU,Standard,Two year,64,63.49,58.41,1.0,16,user1209@example.com,train,0,
C001210,2020-05-23,EU,Standard,Monthly,49,43.48,40.0,2.0,25,user1210@example.com,train,0,
C001211,2023-08-06,EU,Basic,Monthly,10,80.94,74.46,3.0,13,user1211@example.com,train,1,price
C001212,2024-02-02,EU,Basic,Monthly,4,55.46,51.02,1.0,11,user1212@example.com,train,1,competitor
C001213,2021-04-18,EU,Standard,Monthly,38,69.83,64.24,0.0,29,user1213@example.com,train,1,price
C001214,2023-10-05,EU,Standard,Two year,8,107.06,98.5,1.0,20,,test,1,moved
C001215,2019-06-28,EU,Premium,Annual,60,84.88,78.09,1.0,14,,train,1,price
C001216,2020-09-20,EU,Basic,Monthly,45,70.3,64.68,2.0,11,user1216@example.com,train,1,moved
C001217,2022-04-13,EU,Basic,Two year,26,89.51,82.35,2.0,9,,train,1,competitor
C001218,2022-02-12,EU,Standard,,28,32.13,29.56,2.0,none,user1218@example.com,train,1,price
C001219,2018-10-01,EU,Standard,Monthly,69,59.44,54.68,1.0,12,user1219@example.com,test,0,
C001220,2023-01-08,EU,Premium,Two year,17,37.74,34.72,1.0,18,,train,1,service
C001221,2023-06-07,EU,Basic,Annual,12,54.92,50.53,1.0,0,user1221@example.com,train,1,price
C001222,2023-10-05,EU,Basic,Annual,8,86.25,79.35,4.0,4,user1222@example.com,train,0,
C001223,2023-05-08,EU,Standard,Annual,13,52.8,48.58,3.0,19,,test,1,moved
C001224,2021-03-19,EU,Premium,Monthly,39,72.35,66.56,1.0,6,user1224@example.com,train,0,
C001225,2022-03-14,EU,Basic,Monthly,27,81.11,74.62,3.0,23,,train,1,service
C001226,2022-08-11,EU,Basic,Annual,22,60.29,55.47,1.0,17,user1226@example.com,train,0,
C001227,2023-03-09,EU,Basic,Monthly,1500,75.24,69.22,0.0,11,user1227@example.com,train,1,service
C001228,2024-01-03,EU,Premium,Annual,5,63.39,58.32,0.0,24,user1228@example.com,train,0,
C001229,2023-03-09,EU,Standard,Annual,15,69.97,64.37,1.0,7,user1229@example.com,test,1,moved
C001230,2020-02-23,EU,Basic,Monthly,52,64.81,59.63,2.0,29,user1230@example.com,test,1,price
C001231,2020-04-23,EU,Standard,Monthly,50,39.52,36.36,2.0,17,user1231@example.com,train,0,
C001232,2019-12-25,EU,Standard,Monthly,54,68.14,62.69,1.0,29,user1232@example.com,test,0,
C001233,2021-12-14,EU,Standard,Monthly,30,65.08,59.87,2.0,10,,train,1,moved
C001234,2023-02-07,EU,Basic,Annual,16,106.17,97.68,3.0,5,,train,0,
C001235,2018-11-30,EU,Standard,Monthly,67,24.6,22.63,2.0,2,,train,0,
C001236,2023-01-08,EU,Standard,Monthly,17,99.64,91.67,2.0,17,user1236@example.com,train,0,
C001237,2020-08-21,EU,Basic,Annual,46,110.81,101.95,3.0,15,,train,1,service
C001238,2020-03-24,EU,Basic,,51,27.54,25.34,1.0,26,user1238@example.com,train,1,moved
C001239,2020-04-23,EU,Basic,Monthly,50,94.36,86.81,0.0,4,user1239@example.com,train,1,competitor
C001240,2023-04-08,EU,Basic,Annual,14,99.21,91.27,1.0,19,,test,0,
C001241,2022-02-12,EU,Basic,Monthly,28,79.29,72.95,1.0,11,user1241@example.com,train,0,
C001242,2019-02-28,EU,Basic,Monthly,64,64.43,59.28,0.0,26,,train,0,
C001243,2019-09-26,EU,Standard,Two year,57,112.54,103.54,2.0,24,user1243@example.com,train,1,competitor
C001244,2022-03-14,EU,Basic,Annual,27,53.88,49.57,1.0,23,user1244@example.com,train,0,
C001245,2022-02-12,EU,Basic,Two year,28,79.85,73.46,1.0,28,user1245@example.com,train,1,service
C001246,2019-09-26,EU,Basic,Monthly,57,41.25,37.95,2.0,19,,train,0,
C001247,2019-03-30,EU,Basic,Monthly,63,61.55,56.63,2.0,12,,train,0,
C001248,2023-06-07,EU,PREMIUM,Monthly,12,69.46,63.9,3.0,19,user1248@example.com,test,1,moved
C001249,2023-01-08,EU,Premium,Monthly,17,41.58,38.25,0.0,12,user1249@example.com,train,0,
C001250,2022-05-13,EU,Standard,Monthly,25,83.02,76.38,1.0,5,,test,0,
C001251,2018-10-31,EU,Premium,Monthly,68,114.93,105.74,1.0,15,user1251@example.com,test,1,competitor
C001252,2019-09-26,EU,Standard,Annual,57,55.86,51.39,2.0,29,,test,0,
C001253,2020-11-19,EU,Basic,Monthly,43,77.58,71.37,0.0,21,user1253@example.com,train,0,
C001254,2019-12-25,EU,Basic,Monthly,54,80.31,73.89,3.0,11,,train,1,price
C001255,2019-05-29,EU,Basic,,61,42.47,39.07,1.0,27,,train,0,
C001256,2023-05-08,EU,Basic,Monthly,13,88.85,81.74,1.0,25,user1256@example.com,test,1,competitor
C001257,2024-04-02,EU,Basic,Annual,2,79.52,73.16,0.0,11,user1257@example.com,train,1,moved
C001258,2021-09-15,EU,Premium,,33,101.04,92.96,0.0,28,,test,0,
C001259,2023-09-05,EU,Basic,Annual,9,73.83,67.92,0.0,23,user1259@example.com,train,0,
C001260,2021-04-18,EU,Basic,Monthly,38,71.33,65.62,0.0,22,user1260@example.com,train,0,
C001261,2020-04-23,EU,Standard,Two year,50,61.84,56.89,2.0,7,user1261@example.com,train,1,competitor
C001262,2022-02-12,EU,Basic,Monthly,28,82.47,75.87,3.0,26,user1262@example.com,train,1,price
C001263,2021-12-14,EU,Premium,Two year,30,93.42,85.95,1.0,4,user1263@example.com,train,0,
C001264,2019-06-28,EU,Premium,Monthly,60,38.2,35.14,3.0,18,,train,0,
C001265,2019-03-30,EU,Basic,Annual,63,90.7,83.44,1.0,16,user1265@example.com,train,0,
C001266,2022-02-12,EU,Basic,Monthly,28,58.25,53.59,1.0,0,user1266@example.com,train,1,service
C001267,2023-01-08,EU,Premium,Monthly,17,65.84,60.57,0.0,10,user1267@example.com,train,0,
C001268,2020-08-21,EU, Premium ,,46,52.97,48.73,2.0,20,user1268@example.com,train,1,service
C001269,2023-01-08,EU,Basic,Monthly,17,88.81,81.71,2.0,20,user1269@example.com,train,1,service
C001270,2018-09-01,EU,Basic,Annual,70,81.71,75.17,3.0,29,user1270@example.com,train,0,
C001271,2020-07-22,EU,Premium,Monthly,47,66.47,61.15,1.0,N/A,,train,0,
C001272,2019-04-29,EU,Basic,Monthly,62,29.81,27.43,1.0,18,user1272@example.com,train,0,
C001273,2020-02-23,EU,Premium,Monthly,52,49.99,45.99,0.0,19,,train,0,
C001274,2022-12-09,EU,Basic,Monthly,18,59.93,55.14,0.0,25,user1274@example.com,train,1,service
C001275,2024-01-03,EU,Basic,Monthly,5,80.45,74.01,2.0,22,,test,1,competitor
C001276,2024-04-02,EU, Premium ,Two year,2,67.89,62.46,0.0,23,,train,0,
C001277,2022-05-13,EU,Basic,Annual,25,56.07,51.58,1.0,3,,train,1,price
C001278,2020-05-23,EU,Standard,Annual,49,100.78,92.72,2.0,12,user1278@example.com,train,1,price
C001279,2031-04-02,EU,Basic,Monthly,12,26.67,24.54,1.0,10,,train,0,
C001280,2019-10-26,EU,Premium,Two year,56,57.49,52.89,1.0,14,user1280@example.com,test,0,
C001281,2021-07-17,EU,Basic,Two year,35,66.52,61.2,2.0,22,user1281@example.com,train,0,
C001282,2019-08-27,EU,Basic,Annual,58,72.22,66.44,0.0,20,user1282@example.com,train,0,
C001283,2020-07-22,EU,Standard,Monthly,47,30.63,28.18,0.0,8,,test,0,
C001284,2023-11-04,EU,Standard,Monthly,7,100.54,92.5,1.0,20,user1284@example.com,test,1,service
C001285,2023-09-05,EU,Standard,Monthly,9,102.13,93.96,0.0,4,user1285@example.com,train,1,price
C001286,2018-12-30,EU,Standard,Annual,66,79.61,73.24,1.0,25,user1286@example.com,train,0,
C001287,2022-09-10,EU,Standard,Monthly,21,55.66,51.21,1.0,10,user1287@example.com,train,0,
C001288,2018-11-30,EU,Standard,Monthly,67,43.85,40.34,0.0,4,,train,0,
C001289,2019-02-28,EU,Basic,Monthly,64,34.08,31.35,1.0,2,,train,0,
C001290,2020-05-23,EU,Standard,Two year,49,81.93,75.38,0.0,9,,train,0,
C001291,2023-01-08,EU,Standard,Monthly,17,73.2,67.34,0.0,7,user1291@example.com,train,1,competitor
C001292,2022-02-12,EU,Basic,Annual,28,87.95,80.91,0.0,1,,train,1,price
C001293,2020-03-24,EU,Standard,Two year,51,107.46,98.86,0.0,1,,test,0,
C001294,2019-03-30,EU,Standard,Annual,63,85.86,78.99,0.0,10,,train,0,
C001295,2021-03-19,EU,Premium,Monthly,39,99.57,91.6,0.0,12,user1295@example.com,train,0,
C001296,2023-04-08,EU,Premium,,14,53.2,48.94,1.0,15,user1296@example.com,test,1,price
C001297,2022-12-09,EU,Basic,Monthly,18,77.6,71.39,1.0,9,,train,1,competitor
C001298,2019-12-25,EU,Basic,Two year,54,61.8,56.86,2.0,13,user1298@example.com,train,0,
C001299,2020-03-24,EU,Standard,Monthly,51,49.61,45.64,1.0,15,user1299@example.com,train,0,
C001300,2022-03-14,EU,Basic,Monthly,27,50.75,46.69,1.0,5,user1300@example.com,train,0,
C001301,2022-03-14,EU,Basic,Monthly,27,96.37,88.66,1.0,20,user1301@example.com,train,1,moved
C001302,2021-04-18,EU,Standard,Annual,38,73.71,67.81,4.0,29,,train,0,
C001303,2021-08-16,EU,Standard,Two year,34,45.92,42.25,2.0,17,,test,1,competitor
C001304,2020-05-23,EU,Standard,Annual,49,88.4,81.33,3.0,8,,train,1,moved
C001305,2022-10-10,EU,Premium,Two year,20,110.32,101.49,3.0,26,user1305@example.com,train,1,competitor
C001306,2022-12-09,EU,Basic,Monthly,18,32.2,29.62,1.0,10,user1306@example.com,train,0,
C001307,2019-09-26,EU,Basic,Annual,57,63.71,58.61,0.0,27,user1307@example.com,test,0,
C001308,2022-06-12,EU,Standard,Annual,24,59.74,54.96,0.0,25,,train,0,
C001309,2024-02-02,EU,Standard,Monthly,4,52.46,48.26,0.0,6,,train,0,
C001310,2019-09-26,EU,Basic,,57,104.08,95.75,0.0,23,,train,0,
C001311,2020-06-22,EU,Premium,Two year,48,48.92,45.01,1.0,10,user1311@example.com,train,0,
C001312,2024-04-02,EU,PREMIUM,,2,77.81,71.59,0.0,7,,train,0,
C001313,2018-10-01,EU,Basic,Annual,69,62.65,57.64,1.0,19,user1313@example.com,train,0,
C001314,2021-04-18,EU,Premium,Monthly,38,100.33,92.3,3.0,29,user1314@example.com,train,1,moved
C001315,2022-11-09,EU,Premium,Monthly,19,40.94,37.66,2.0,14,user1315@example.com,test,1,service
C001316,2022-09-10,EU,Standard,Annual,21,38.23,35.17,0.0,9,user1316@example.com,train,0,
C001317,2019-09-26,EU,Basic,Two year,57,59.03,54.31,1.0,23,user1317@example.com,train,0,
C001318,2021-12-14,EU,Basic,Monthly,30,30.67,28.22,2.0,18,user1318@example.com,train,1,moved
C001319,2022-06-12,EU,Standard,Annual,24,33.05,30.41,1.0,27,user1319@example.com,train,0,
C001320,2024-05-02,EU,Standard,Annual,1,73.57,67.68,1.0,19,,train,0,
C001321,2022-01-13,EU,Basic,Annual,29,64.47,59.31,2.0,22,user1321@example.com,train,0,
C001322,2023-05-08,EU,PREMIUM,Monthly,13,92.84,85.41,1.0,25,,train,1,moved
C001323,2021-12-14,EU,Standard,Monthly,30,94.06,86.54,2.0,15,user1323@example.com,train,1,moved
C001324,2023-10-05,EU,Basic,Annual,8,66.99,61.63,3.0,21,,train,1,price
C001325,2023-12-04,EU,Standard,Annual,6,82.81,76.19,1.0,10,,train,1,competitor
C001326,2020-08-21,EU,Basic,,46,91.12,83.83,2.0,29,,train,1,moved
C001327,2022-11-09,EU,Basic,Annual,19,124.19,114.25,2.0,8,user1327@example.com,test,1,competitor
C001328,2024-05-02,EU,Basic,Annual,1,108.19,99.53,0.0,2,user1328@example.com,train,1,competitor
C001329,2021-06-17,EU,Standard,Annual,36,49.96,45.96,3.0,19,,train,1,price
C001330,2023-11-04,EU,Standard,Monthly,7,76.59,70.46,2.0,24,user1330@example.com,train,1,moved
C001331,2020-06-22,EU,Basic,Two year,48,95.84,88.17,2.0,2,,train,0,
C001332,2023-10-05,EU,Premium,Two year,8,67.66,62.25,2.0,22,user1332@example.com,train,1,service
C001333,2022-12-09,EU,Basic,Monthly,18,109.88,101.09,0.0,9,,train,1,service
C001334,2019-10-26,EU,Basic,Annual,56,83.49,76.81,3.0,27,user1334@example.com,train,0,
C001335,2021-08-16,EU,Basic,Annual,34,90.36,83.13,2.0,22,user1335@example.com,train,0,
C001336,2022-06-12,EU,Basic,Monthly,24,100.21,92.19,0.0,2,user1336@example.com,test,1,price
C001337,2024-05-02,EU,Standard,Annual,1,53.73,49.43,0.0,18,user1337@example.com,test,0,
C001338,2018-11-30,EU,Standard,Monthly,67,20.0,18.4,3.0,19,user1338@example.com,train,0,
C001339,2019-03-30,EU,Standard,Two year,63,77.22,71.04,2.0,9,user1339@example.com,train,0,
C001340,2020-01-24,EU,Basic,,53,62.59,57.58,0.0,24,,test,0,
C001341,2023-07-07,EU,Basic,Monthly,11,66.53,61.21,0.0,20,,train,1,service
C001342,2022-12-09,EU,Basic,Two year,18,85.64,78.79,0.0,15,,train,0,
C001343,2019-10-26,EU,Premium,,56,43.76,40.26,0.0,13,user1343@example.com,test,0,
C001344,2018-10-01,EU,Basic,Monthly,69,61.01,56.13,1.0,13,user1344@example.com,train,0,
C001345,2022-06-12,EU,Basic,Monthly,24,47.7,43.88,2.0,3,user1345@example.com,train,1,moved
C001346,2024-04-02,EU,Standard,Monthly,2,82.08,75.51,1.0,13,,train,1,price
C001347,2018-12-30,EU,Standard,Annual,66,76.72,70.58,0.0,19,user1347@example.com,train,0,
C001348,2023-08-06,EU,Basic,Two year,10,52.88,48.65,0.0,5,,train,1,service
C001349,2020-05-23,EU,Standard,,49,57.31,52.73,1.0,4,,train,1,competitor
C001350,2020-11-19,EU,Basic,Monthly,43,35.83,32.96,0.0,2,,train,0,
C001351,2020-01-24,EU,Premium,Annual,53,22.21,20.43,0.0,10,,train,0,
C001352,2020-06-22,EU,Standard,Monthly,48,45.67,42.02,1.0,5,,train,0,
C001353,2018-10-31,EU,Standard,Monthly,68,76.49,70.37,2.0,2,,train,0,
C001354,2022-11-09,EU,Basic,Annual,19,64.51,59.35,0.0,14,,test,0,
C001355,2020-10-20,EU,Basic,Monthly,44,34.35,31.6,1.0,20,user1355@example.com,train,0,
C001356,2020-08-21,EU,Standard,Annual,46,130.58,120.13,2.0,4,user1356@example.com,train,1,price
C001357,2023-07-07,EU,Standard,,11,76.63,70.5,2.0,21,user1357@example.com,train,0,
C001358,2019-10-26,EU,Basic,Annual,56,54.2,49.86,1.0,9,user1358@example.com,train,0,
C001359,2023-09-05,EU,Standard,Annual,9,59.5,54.74,1.0,15,user1359@example.com,test,0,
C001360,2020-01-24,EU, Premium ,Monthly,53,97.8,89.98,1.0,unknown,user1360@example.com,train,0,
C001361,2023-07-07,EU,Basic,Two year,11,64.48,59.32,4.0,1,user1361@example.com,train,1,service
C001362,2021-02-17,EU,Basic,Annual,40,116.11,106.82,0.0,8,,train,0,
C001363,2021-01-18,EU,Basic,Two year,41,63.75,58.65,1.0,9,,train,0,
C001364,2020-11-19,EU,Premium,Two year,43,50.88,46.81,1.0,13,user1364@example.com,train,0,
C001365,2023-01-08,EU,Basic,Annual,17,30.98,28.5,1.0,26,,train,0,
C001366,2019-08-27,EU,Standard,Monthly,58,87.98,80.94,0.0,20,,train,0,
C001367,2020-09-20,EU,Standard,Monthly,45,67.97,62.53,1.0,4,user1367@example.com,train,0,
C001368,2023-08-06,EU,Basic,Monthly,10,52.1,47.93,2.0,1,,test,1,price
C001369,2019-03-30,EU,Basic,Monthly,63,57.49,52.89,2.0,none,user1369@example.com,train,1,price
C001370,2023-03-09,EU,Premium,Monthly,15,56.18,51.69,1.0,17,user1370@example.com,train,1,service
C001371,2020-07-22,EU,Basic,Monthly,47,71.86,66.11,2.0,4,user1371@example.com,train,0,
C001372,2019-07-28,EU,Standard,Monthly,59,80.91,74.44,1.0,26,,train,0,
C001373,2018-09-01,EU,Premium,Monthly,70,73.13,67.28,0.0,23,,test,0,
C001374,2020-08-21,EU,Standard,Monthly,46,30.32,27.89,1.0,25,user1374@example.com,test,0,
C001375,2023-12-04,EU,Premium,Monthly,6,76.78,70.64,2.0,3,user1375@example.com,train,1,competitor
C001376,2021-09-15,EU,Premium,Annual,33,96.28,88.58,3.0,none,user1376@example.com,train,1,moved
C001377,2018-10-01,EU,Standard,Monthly,69,70.5,64.86,2.0,16,user1377@example.com,train,0,
C001378,2019-05-29,EU,Standard,Annual,61,52.47,48.27,2.0,5,user1378@example.com,train,0,
C001379,2023-06-07,EU,Basic,Monthly,12,33.21,30.55,1.0,19,user1379@example.com,test,1,price
C001380,2019-08-27,EU,Basic,Annual,58,87.26,80.28,1.0,20,,test,0,
C001381,2018-10-31,EU,Standard,Monthly,68,133.6,122.91,1.0,21,user1381@example.com,train,1,competitor
C001382,2024-02-02,EU,Standard,Monthly,4,90.31,83.09,1.0,23,user1382@example.com,test,1,competitor
C001383,2021-11-14,EU,Basic,Two year,31,59.63,54.86,2.0,13,user1383@example.com,train,1,price
C001384,2020-04-23,EU,Premium,,50,137.62,126.61,0.0,27,user1384@example.com,train,0,
C001385,2020-06-22,EU,Standard,Monthly,48,97.96,90.12,0.0,3,,train,0,
C001386,2022-04-13,EU, Premium ,Annual,26,149.27,137.33,2.0,27,user1386@example.com,train,0,
C001387,2022-09-10,EU,Standard,Annual,21,27.64,25.43,2.0,27,user1387@example.com,train,0,
C001388,2021-10-15,EU,Standard,Monthly,32,97.07,89.3,2.0,12,,train,1,price
C001389,2021-09-15,EU,Basic,Monthly,33,71.35,65.64,1.0,23,user1389@example.com,train,0,service
C001390,2022-01-13,EU,Standard,Annual,29,61.14,56.25,1.0,24,user1390@example.com,train,1,service
C001391,2020-04-23,EU,Basic,Monthly,50,71.67,65.94,3.0,3,user1391@example.com,train,0,
C001392,2018-10-01,EU,Basic,Monthly,69,48.74,44.84,1.0,20,user1392@example.com,train,0,
C001393,2022-09-10,EU,Standard,Monthly,21,110.09,101.28,3.0,11,,train,1,moved
C001394,2024-02-02,EU,Standard,Monthly,4,39.71,36.53,0.0,8,user1394@example.com,test,1,service
C001395,2021-02-17,EU, Premium ,Monthly,40,21.03,19.35,4.0,28,user1395@example.com,train,1,moved
C001396,2023-10-05,EU,Basic,,8,69.74,64.16,0.0,N/A,user1396@example.com,test,1,competitor
C001397,2023-02-07,EU,Premium,Two year,16,58.46,53.78,2.0,16,,test,0,
C001398,2023-05-08,EU,Premium,Monthly,13,72.66,66.85,1.0,12,user1398@example.com,train,1,service
C001399,2021-10-15,EU,Standard,Annual,32,36.45,33.53,0.0,13,user1399@example.com,train,0,
C001400,2022-05-13,EU,Standard,Monthly,25,38.5,35.42,1.0,8,user1400@example.com,train,1,price
C001401,2021-11-14,EU,Basic,Annual,31,37.66,34.65,2.0,10,user1401@example.com,train,0,
C001402,2020-06-22,EU,Standard,Annual,48,96.28,88.58,0.0,11,user1402@example.com,test,0,
C001403,2024-03-03,EU,Premium,Monthly,3,50.7,46.64,1.0,11,,train,1,service
C001404,2022-04-13,EU,Premium,,26,55.34,50.91,0.0,1,,train,1,service
C001405,2020-07-22,EU,Premium,Annual,47,51.91,47.76,1.0,21,user1405@example.com,train,0,
C001406,2023-10-05,EU,Basic,Monthly,8,37.14,34.17,1.0,5,user1406@example.com,train,1,service
C001407,2020-10-20,EU,Standard,Monthly,44,86.34,79.43,0.0,9,,train,1,moved
C001408,2023-07-07,EU,Basic,Annual,11,101.21,93.11,1.0,10,,train,1,price
C001409,2021-07-17,EU,Basic,Monthly,35,69.51,63.95,1.0,6,user1409@example.com,train,1,service
C001410,2018-10-31,EU,Standard,Monthly,68,54.43,50.08,0.0,4,,test,0,
C001411,2023-05-08,EU,Standard,Two year,13,55.79,51.33,2.0,10,user1411@example.com,train,0,
C001412,2021-12-14,EU,Basic,,30,51.68,47.55,2.0,15,user1412@example.com,test,1,moved
C001413,2022-03-14,EU,Standard,,27,101.61,93.48,1.0,21,user1413@example.com,train,1,price
C001414,2023-06-07,EU,Standard,Monthly,12,77.9,71.67,0.0,unknown,user1414@example.com,train,1,price
C001415,2022-08-11,EU,Standard,Monthly,22,52.55,48.35,4.0,17,,train,0,
C001416,2023-01-08,EU,Premium,Two year,17,33.67,30.98,1.0,29,,train,0,
C001417,2022-12-09,EU,premium,Monthly,18,121.81,112.07,3.0,18,user1417@example.com,train,1,price
C001418,2019-02-28,EU,Standard,Monthly,64,83.26,76.6,1.0,26,,train,0,
C001419,2022-06-12,EU,Basic,Monthly,24,92.63,85.22,3.0,15,,train,1,price
C001420,2018-11-30,EU,Standard,Monthly,67,57.07,52.5,1.0,6,user1420@example.com,train,0,
C001421,2021-02-17,EU,Standard,Monthly,40,53.56,49.28,2.0,12,user1421@example.com,train,0,
C001422,2023-06-07,EU,Standard,Monthly,12,20.0,18.4,0.0,25,user1422@example.com,test,1,moved
C001423,2024-01-03,EU,Standard,Annual,5,70.11,64.5,1.0,9,,train,1,price
C001424,2023-09-05,EU,Premium,Annual,9,78.13,71.88,1.0,27,,test,0,
C001425,2018-10-01,EU,Basic,Monthly,69,101.51,93.39,1.0,10,,train,0,
C001426,2019-10-26,EU,Premium,Two year,56,74.51,68.55,0.0,27,user1426@example.com,test,0,
C001427,2022-06-12,EU,Basic,,24,74.15,68.22,1.0,15,,train,1,service
C001428,2022-10-10,EU,Standard,Annual,20,83.99,77.27,4.0,1,user1428@example.com,train,1,competitor
C001429,2023-01-08,EU,Basic,Monthly,17,61.99,57.03,2.0,10,,train,1,price
C001430,2022-05-13,EU,Basic,Two year,25,55.64,51.19,4.0,22,user1430@example.com,train,1,price
C001431,2020-02-23,EU,Basic,Monthly,52,29.17,26.84,1.0,13,,train,0,
C001432,2020-10-20,EU,Basic,Two year,44,104.42,96.07,1.0,11,,train,0,
C001433,2018-10-01,EU,Standard,Monthly,69,76.49,70.37,2.0,29,user1433@example.com,train,0,
C001434,2019-06-28,EU,Basic,Monthly,60,63.46,58.38,0.0,20,user1434@example.com,train,0,
C001435,2019-09-26,EU,Standard,,57,43.98,40.46,2.0,5,user1435@example.com,train,1,
C001436,2022-04-13,EU,Basic,Monthly,26,66.77,61.43,0.0,15,,train,1,service
C001437,2020-11-19,EU,Standard,Annual,43,31.89,29.34,1.0,14,user1437@example.com,test,0,
C001438,2020-09-20,EU,Basic,Monthly,45,77.79,71.57,0.0,26,,test,1,moved
C001439,2019-01-29,EU,Basic,Monthly,65,75.77,69.71,2.0,20,,test,0,
C001440,2020-10-20,EU,Basic,Monthly,44,86.61,79.68,3.0,23,,train,0,
C001441,2019-12-25,EU,Standard,Two year,54,89.1,81.97,1.0,17,,train,0,
C001442,2018-12-30,EU,Standard,Annual,66,20.0,18.4,0.0,none,,train,0,
C001443,2022-09-10,EU,Basic,Annual,21,84.3,77.56,3.0,14,user1443@example.com,train,1,price
C001444,2020-05-23,EU,Standard,Two year,49,45.45,41.81,1.0,25,,train,0,
C001445,2021-02-17,EU,Premium,Annual,40,44.14,40.61,4.0,9,,train,0,
C001446,2023-05-08,EU,Premium,Annual,13,66.46,61.14,1.0,7,,train,0,
C001447,2018-09-01,EU,Basic,Monthly,70,86.97,80.01,3.0,7,user1447@example.com,train,0,
C001448,2019-08-27,EU,Premium,Monthly,58,70.72,65.06,1.0,24,,test,0,
C001449,2021-10-15,EU,Standard,Monthly,32,84.85,78.06,1.0,13,user1449@example.com,train,0,service
C001450,2020-05-23,EU,Premium,Annual,49,120.79,111.13,0.0,4,,train,1,service
C001451,2020-03-24,EU,Premium,,51,128.53,118.25,1.0,18,user1451@example.com,train,0,
C001452,2019-01-29,EU,Standard,Monthly,65,52.58,48.37,3.0,24,user1452@example.com,train,0,
C001453,2021-12-14,EU,Standard,Monthly,30,82.01,75.45,1.0,13,user1453@example.com,test,0,
C001454,2023-06-07,EU,Basic,Monthly,1200,100.22,92.2,2.0,7,,train,1,moved
C001455,2020-01-24,EU,Premium,Annual,53,52.93,48.7,0.0,19,,train,0,
C001456,2024-05-02,EU,Basic,Monthly,1,54.69,50.31,4.0,23,user1456@example.com,train,1,price
C001457,2019-10-26,EU,Basic,Annual,56,52.74,48.52,2.0,9,user1457@example.com,train,0,
C001458,2021-06-17,EU,Standard,Monthly,36,51.93,47.78,3.0,9,,train,1,competitor
C001459,2022-03-14,EU,Standard,Annual,27,79.69,73.31,0.0,25,user1459@example.com,test,0,
C001460,2021-02-17,EU,Standard,Monthly,40,22.08,20.31,2.0,11,user1460@example.com,train,1,moved
C001461,2019-12-25,EU,Basic,,54,106.72,98.18,2.0,13,user1461@example.com,train,0,
C001462,2020-04-23,EU,Standard,Annual,50,34.41,31.66,3.0,21,,train,0,
C001463,2021-11-14,EU,Basic,Monthly,31,52.94,48.7,2.0,24,user1463@example.com,train,0,
C001464,2021-09-15,EU,Basic,Monthly,33,67.21,61.83,1.0,12,user1464@example.com,train,1,moved
C001465,2019-08-27,EU,Premium,Two year,58,69.33,63.78,2.0,3,,train,0,
C001466,2023-05-08,EU,Standard,Annual,13,64.99,59.79,1.0,19,user1466@example.com,train,0,
C001467,2019-03-30,EU,Premium,Annual,63,51.69,47.55,2.0,21,user1467@example.com,train,0,
C001468,2023-03-09,EU,Standard,Annual,15,83.3,76.64,1.0,8,,train,0,
C001469,2021-06-17,EU,Basic,Annual,36,44.26,40.72,0.0,13,,test,0,
C001470,2024-04-02,EU,Basic,Monthly,2,64.82,59.63,3.0,13,user1470@example.com,train,1,moved
C001471,2022-05-13,EU,Premium,Annual,25,58.37,53.7,4.0,24,,train,1,service
C001472,2019-03-30,EU,Premium,Monthly,63,43.75,40.25,0.0,4,user1472@example.com,test,0,
C001473,2021-10-15,EU,Standard,Monthly,32,28.75,26.45,3.0,12,user1473@example.com,train,1,service
C001474,2018-11-30,EU,Basic,Annual,67,27.79,25.57,0.0,23,,train,0,
C001475,2019-09-26,EU,Standard,Annual,57,71.36,65.65,0.0,unknown,,train,0,
C001476,2023-05-08,EU,Standard,Two year,13,47.9,44.07,2.0,10,,train,0,
C001477,2018-12-30,EU,Standard,Annual,66,71.91,66.16,0.0,20,user1477@example.com,train,0,
C001478,2023-10-05,EU,Basic,Monthly,8,20.0,18.4,0.0,23,user1478@example.com,train,0,
C001479,2020-11-19,EU,Standard,,43,93.25,85.79,3.0,3,,train,0,
C001480,2022-01-13,EU,Basic,Monthly,29,103.78,95.48,2.0,10,,train,1,competitor
C001481,2020-04-23,EU,Standard,Annual,50,56.48,51.96,0.0,10,,test,0,
C001482,2022-06-12,EU,Standard,Annual,24,66.31,61.01,1.0,14,user1482@example.com,train,0,
C001483,2021-07-17,EU,Basic,Monthly,35,105.09,96.68,1.0,23,,train,1,moved
C001484,2018-11-30,EU,Basic,Annual,67,91.04,83.76,0.0,21,,train,0,
C001485,2019-02-28,EU,Basic,Monthly,64,70.74,65.08,0.0,8,,train,0,
C001486,2018-10-31,EU,Basic,Monthly,68,101.28,93.18,2.0,19,,train,0,
C001487,2018-08-02,EU,Basic,Two year,71,20.0,18.4,2.0,15,user1487@example.com,train,0,
C001488,2023-02-07,EU,Standard,Monthly,16,86.2,79.3,2.0,14,user1488@example.com,train,1,competitor
C001489,2021-01-18,EU,Basic,Annual,41,88.47,81.39,2.0,0,user1489@example.com,train,1,price
C001490,2021-05-18,EU,Premium,Two year,37,23.15,21.3,1.0,25,,train,0,
C001491,2019-09-26,EU,Basic,Annual,57,48.4,44.53,2.0,27,user1491@example.com,train,1,moved
C001492,2022-12-09,EU,Basic,Monthly,18,56.14,51.65,1.0,21,user1492@example.com,test,1,competitor
C001493,2024-04-02,EU,Basic,Monthly,2,69.77,64.19,2.0,0,user1493@example.com,train,1,competitor
C001494,2022-02-12,EU,Basic,Annual,28,99.77,91.79,2.0,13,,train,1,service
C001495,2019-04-29,EU,Standard,Annual,62,41.8,38.46,0.0,18,,test,0,
C001496,2022-09-10,EU,Standard,Annual,21,52.7,48.48,1.0,13,,train,0,
C001497,2020-04-23,EU,Basic,Annual,50,53.16,48.91,1.0,3,user1497@example.com,test,1,moved
C001498,2020-09-20,EU,Standard,Annual,45,90.43,83.2,1.0,20,user1498@example.com,train,0,
C001499,2022-05-13,EU,Basic,Two year,25,47.99,44.15,1.0,20,user1499@example.com,train,0,
C001500,2019-11-25,EU,Premium,Monthly,55,96.11,88.42,0.0,26,,test,0,
C001501,2022-11-09,EU,Standard,Monthly,19,62.55,57.55,3.0,28,,test,1,price
C001502,2019-01-29,EU,Basic,Monthly,65,55.79,51.33,1.0,19,user1502@example.com,test,0,
C001503,2019-10-26,EU,Basic,Annual,56,50.75,46.69,4.0,28,user1503@example.com,train,0,
C001504,2019-10-26,EU,Basic,Two year,56,68.22,62.76,3.0,25,user1504@example.com,train,0,
C001505,2018-09-01,EU,Standard,,70,111.96,103.0,1.0,none,user1505@example.com,test,0,
C001506,2020-12-19,EU,premium,Monthly,42,81.4,74.89,0.0,29,user1506@example.com,train,1,competitor
C001507,2021-08-16,EU,Standard,Annual,34,20.0,18.4,2.0,6,user1507@example.com,train,0,
C001508,2018-12-30,EU,Standard,Annual,66,38.25,35.19,1.0,7,user1508@example.com,train,0,
C001509,2021-02-17,EU,Basic,Monthly,40,125.23,115.21,2.0,fifteen,user1509@example.com,train,1,competitor
C001510,2020-03-24,EU,Standard,Two year,51,95.25,87.63,0.0,9,,test,0,
C001511,2023-08-06,EU,Standard,Monthly,10,20.0,18.4,1.0,twenty,,train,1,moved
C001512,2020-06-22,EU,Basic,Annual,48,39.01,35.89,0.0,fifteen,user1512@example.com,train,0,
C001513,2022-04-13,EU,Standard,Two year,26,29.61,27.24,1.0,29,user1513@example.com,train,0,
C001514,2023-02-07,EU,Basic,Monthly,16,35.88,33.01,1.0,4,user1514@example.com,train,0,
C001515,2018-10-01,EU,PREMIUM,Monthly,69,86.69,79.75,1.0,6,,test,0,
C001516,2022-01-13,EU,Premium,Two year,29,61.05,56.17,1.0,22,user1516@example.com,train,1,service
C001517,2020-11-19,EU,Basic,Monthly,43,79.46,73.1,0.0,14,,train,1,price
C001518,2023-01-08,EU,Basic,Monthly,17,110.3,101.48,2.0,10,,test,1,price
C001519,2020-02-23,EU,Standard,Monthly,52,71.69,65.95,1.0,0,user1519@example.com,test,0,
C001520,2021-01-18,EU,Standard,Monthly,41,127.67,117.46,0.0,8,,train,1,competitor
C001521,2022-01-13,EU,Basic,Monthly,29,100.6,92.55,1.0,27,user1521@example.com,train,1,competitor
C001522,2024-01-03,EU,Premium,Monthly,5,49.61,45.64,2.0,2,user1522@example.com,train,1,moved
C001523,2024-02-02,EU,Standard,Monthly,4,66.79,61.45,1.0,19,,train,1,moved
C001524,2023-09-05,EU,Basic,Monthly,9,53.84,49.53,1.0,7,user1524@example.com,train,0,
C001525,2021-01-18,EU,Premium,Annual,41,99.07,91.14,4.0,0,,test,1,competitor
C001526,2022-08-11,EU,premium,Monthly,22,69.56,64.0,2.0,23,user1526@example.com,train,1,service
C001527,2020-09-20,EU,Basic,Annual,45,53.66,49.37,0.0,24,user1527@example.com,train,0,
C001528,2021-03-19,EU, Premium ,,39,44.59,41.02,0.0,13,user1528@example.com,train,1,moved
C001529,2019-09-26,EU,Basic,Monthly,57,46.08,42.39,1.0,13,user1529@example.com,train,1,moved
C001530,2018-11-30,EU,Basic,Annual,67,89.43,82.28,3.0,24,user1530@example.com,train,0,
C001531,2020-10-20,EU,Premium,Monthly,44,64.36,59.21,0.0,6,user1531@example.com,train,0,
C001532,2021-09-15,EU,Standard,Annual,33,61.23,56.33,0.0,27,user1532@example.com,train,0,
C001533,2023-06-07,EU,Standard,Annual,12,68.25,62.79,0.0,11,user1533@example.com,train,1,service
C001534,2023-01-08,EU,Basic,Annual,17,100.71,92.65,0.0,7,user1534@example.com,test,1,service
C001535,2022-02-12,EU,Basic,Annual,28,78.46,72.18,1.0,1,,train,0,
C001536,2024-04-02,EU,Premium,Monthly,2,70.63,64.98,0.0,2,,test,1,price
C001537,2022-07-12,EU, Premium ,Annual,23,62.8,57.78,3.0,27,user1537@example.com,train,0,
C001538,2023-07-07,EU,Basic,Monthly,11,86.43,79.52,2.0,14,user1538@example.com,train,1,competitor
C001539,2024-02-02,EU,Standard,Monthly,4,55.14,50.73,1.0,17,,train,0,
C001540,2020-01-24,EU,Premium,,53,25.62,23.57,1.0,3,user1540@example.com,train,0,
C001541,2020-07-22,EU,Basic,Annual,47,60.53,55.69,1.0,23,,train,1,moved
C001542,2023-07-07,EU,Premium,Monthly,11,46.18,42.49,1.0,28,user1542@example.com,train,1,service
C001543,2021-05-18,EU,Basic,,37,75.87,69.8,2.0,19,user1543@example.com,train,1,competitor
C001544,2022-05-13,EU,Basic,,25,73.26,67.4,1.0,13,,test,0,
C001545,2019-12-25,EU,Standard,Two year,54,100.09,92.08,1.0,12,,train,1,service
C001546,2021-09-15,EU,Premium,Two year,33,69.95,64.35,1.0,9,user1546@example.com,test,0,
C001547,2023-01-08,EU,Standard,Monthly,17,68.6,63.11,0.0,12,user1547@example.com,test,1,competitor
C001548,2022-11-09,EU,Basic,,19,69.28,63.74,1.0,20,,test,0,
C001549,2024-05-02,EU,Standard,Monthly,1,34.42,31.67,1.0,18,user1549@example.com,test,0,
C001550,2020-05-23,EU,Basic,Monthly,49,60.55,55.71,3.0,14,,test,0,
C001551,2023-07-07,EU,Standard,Monthly,11,134.31,123.57,0.0,1,,train,1,service
C001552,2018-10-01,EU,Standard,Annual,69,89.27,82.13,2.0,7,user1552@example.com,test,1,price
C001553,2021-07-17,EU,Standard,Two year,35,45.48,41.84,2.0,21,,train,1,competitor
C001554,2019-11-25,EU,Basic,Monthly,55,74.82,68.83,0.0,13,user1554@example.com,train,0,
C001555,2022-05-13,EU,Basic,Monthly,25,32.67,30.06,2.0,0,user1555@example.com,train,0,
C001556,2020-08-21,EU,Basic,Annual,46,72.7,66.88,2.0,12,user1556@example.com,train,0,
C001557,2018-10-01,EU,Standard,Monthly,69,61.55,56.63,4.0,6,,train,1,price
C001558,2020-03-24,EU,Standard,Two year,51,29.92,27.53,0.0,24,user1558@example.com,train,0,
C001559,2022-04-13,EU,Basic,Monthly,26,97.98,90.14,0.0,fifteen,,train,1,competitor
C001560,2019-11-25,EU,Basic,Monthly,55,90.31,83.09,2.0,22,user1560@example.com,train,1,moved
C001561,2021-08-16,EU,Basic,Monthly,34,44.85,41.26,2.0,13,user1561@example.com,train,1,price
C001562,2022-08-11,EU,Premium,Two year,22,74.28,68.34,2.0,26,user1562@example.com,train,1,moved
C001563,2020-12-19,EU,Premium,Monthly,42,82.61,76.0,0.0,28,,train,0,
C001564,2022-07-12,EU,Basic,Annual,23,49.82,45.83,1.0,25,user1564@example.com,train,0,
C001565,2019-07-28,EU,Standard,Annual,59,54.06,49.74,1.0,fifteen,user1565@example.com,test,0,
C001566,2018-10-01,EU,Standard,Monthly,69,81.77,75.23,0.0,7,user1566@example.com,train,0,
C001567,2024-01-03,EU,Premium,,5,58.34,53.67,0.0,4,user1567@example.com,test,0,
C001568,2021-05-18,EU,Basic,Two year,37,73.16,67.31,3.0,27,,train,1,price
C001569,2020-03-24,EU,Basic,,51,20.0,18.4,0.0,3,,train,0,
C001570,2022-08-11,EU,Standard,Monthly,22,65.82,60.55,1.0,2,user1570@example.com,train,0,
C001571,2021-04-18,EU,Standard,Annual,38,72.38,66.59,1.0,15,user1571@example.com,train,0,
C001572,2020-12-19,EU,Premium,Monthly,42,20.0,18.4,2.0,16,,train,0,
C001573,2020-07-22,EU,Standard,Monthly,47,78.73,72.43,0.0,10,,train,0,
C001574,2024-02-02,EU,Basic,Annual,4,46.72,42.98,2.0,19,user1574@example.com,train,1,price
C001575,2022-12-09,EU,Basic,Monthly,18,27.51,25.31,4.0,20,user1575@example.com,train,1,competitor
C001576,2022-07-12,EU,Standard,Monthly,23,63.49,58.41,1.0,20,,train,1,service
C001577,2019-01-29,EU,Basic,Monthly,65,58.39,53.72,1.0,21,user1577@example.com,train,0,
C001578,2023-05-08,EU,Standard,Monthly,13,23.08,21.23,1.0,21,,train,1,price
C001579,2020-05-23,EU,Standard,Monthly,49,53.5,49.22,2.0,14,,train,0,
C001580,2021-07-17,EU,Basic,Annual,35,22.42,20.63,1.0,5,,train,0,
C001581,2021-01-18,EU,Premium,Monthly,41,92.56,85.16,1.0,18,user1581@example.com,train,1,price
C001582,2021-11-14,EU,Standard,,31,51.54,47.42,0.0,28,,test,0,
C001583,2024-04-02,EU,Premium,Two year,2,111.92,102.97,0.0,21,user1583@example.com,train,0,
C001584,2020-08-21,EU,Basic,Annual,46,49.69,45.71,2.0,14,user1584@example.com,train,0,
C001585,2021-09-15,EU,Standard,Monthly,33,43.27,39.81,3.0,17,user1585@example.com,test,1,competitor
C001586,2020-04-23,EU,Basic,Two year,50,48.26,44.4,1.0,0,user1586@example.com,test,0,
C001587,2021-03-19,EU,Premium,Two year,39,74.54,68.58,1.0,29,,train,0,
C001588,2021-09-15,EU,Basic,Monthly,33,97.56,89.76,1.0,9,user1588@example.com,train,0,
C001589,2022-04-13,EU,Standard,Monthly,26,81.22,74.72,0.0,28,user1589@example.com,test,0,
C001590,2020-03-24,EU,Basic,Annual,51,136.56,125.64,0.0,17,,train,0,
C001591,2022-07-12,EU,Standard,Monthly,23,50.95,46.87,1.0,4,,train,1,competitor
C001592,2018-09-01,EU,Basic,,70,125.06,115.06,0.0,12,user1592@example.com,train,0,
C001593,2023-10-05,EU,Premium,Two year,8,34.26,31.52,1.0,26,,test,0,
C001594,2023-05-08,EU,Standard,Monthly,13,36.07,33.18,1.0,14,user1594@example.com,train,1,service
C001595,2023-12-04,EU,Basic,Annual,6,71.85,66.1,1.0,6,,test,0,
C001596,2020-05-23,EU,Standard,Monthly,49,51.79,47.65,1.0,26,user1596@example.com,train,0,
C001597,2024-01-03,EU,Standard,Monthly,5,20.0,18.4,2.0,0,,train,1,competitor
C001598,2018-12-30,EU,Premium,,66,55.49,51.05,1.0,12,user1598@example.com,train,1,moved
C001599,2022-01-13,EU,Basic,Monthly,29,61.53,56.61,1.0,12,,train,1,service
C001600,2022-09-10,EU,Standard,Monthly,21,48.06,44.22,2.0,27,user1600@example.com,train,1,price
C001601,2019-03-30,EU,Standard,Monthly,63,73.9,67.99,1.0,24,user1601@example.com,train,0,
C001602,2022-04-13,EU,Premium,Annual,26,36.04,33.16,0.0,7,,train,0,
C001603,2022-09-10,EU,Basic,Monthly,21,37.9,34.87,0.0,4,user1603@example.com,train,0,
C001604,2021-12-14,EU,Basic,Annual,30,25.43,23.4,0.0,15,user1604@example.com,train,0,
C001605,2019-02-28,EU,Standard,Monthly,64,95.0,87.4,0.0,26,user1605@example.com,train,0,
C001606,2020-06-22,EU,Standard,Monthly,48,73.0,67.16,1.0,11,user1606@example.com,train,0,
C001607,2019-10-26,EU,Basic,Annual,56,83.89,77.18,1.0,27,,train,0,
C001608,2023-07-07,EU,Premium,Annual,11,127.42,117.23,0.0,fifteen,user1608@example.com,train,1,moved
C001609,2019-10-26,EU,Basic,Monthly,56,78.22,71.96,1.0,7,user1609@example.com,train,1,service
C001610,2024-04-02,EU,Standard,Monthly,2,88.68,81.59,1.0,8,,train,1,moved
C001611,2021-12-14,EU,Standard,Annual,30,65.86,60.59,2.0,28,user1611@example.com,test,1,price
C001612,2022-03-14,EU,Basic,Monthly,27,87.73,80.71,3.0,12,user1612@example.com,train,1,moved
C001613,2019-04-29,EU,Basic,,62,100.32,92.29,1.0,21,user1613@example.com,train,0,
C001614,2022-07-12,EU,Basic,Two year,23,51.44,47.32,4.0,8,,train,0,
C001615,2022-04-13,EU,Basic,Monthly,26,74.96,68.96,0.0,12,,train,0,
C001616,2022-08-11,EU,Basic,Two year,22,56.47,51.95,1.0,6,user1616@example.com,test,1,competitor
C001617,2019-06-28,EU,Basic,Monthly,60,88.53,81.45,2.0,19,,test,1,competitor
C001618,2020-12-19,EU,Basic,Monthly,42,92.76,85.34,1.0,20,,train,0,
C001619,2024-01-03,EU,Basic,Monthly,5,20.0,18.4,2.0,13,user1619@example.com,train,1,moved
C001620,2020-06-22,EU,Premium,Two year,48,109.99,101.19,2.0,19,,train,0,
C001621,2018-10-01,EU,Premium,Monthly,69,82.53,75.93,1.0,26,,test,0,
C001622,2019-10-26,EU,Standard,,56,67.44,62.04,1.0,2,user1622@example.com,train,0,
C001623,2022-08-11,EU,Basic,,22,43.42,39.95,0.0,twenty,user1623@example.com,test,0,
C001624,2019-03-30,EU,Basic,Monthly,63,72.24,66.46,0.0,27,user1624@example.com,train,1,service
C001625,2018-11-30,EU,Standard,Annual,67,92.79,85.37,4.0,14,user1625@example.com,test,0,
C001626,2022-12-09,EU,Basic,Monthly,18,94.61,87.04,0.0,29,user1626@example.com,test,1,moved
C001627,2022-06-12,EU,Standard,Monthly,24,104.62,96.25,0.0,9,user1627@example.com,test,0,
C001628,2021-01-18,EU,Standard,Monthly,41,72.15,66.38,1.0,19,user1628@example.com,test,0,
C001629,2022-02-12,EU,Basic,Monthly,28,50.01,46.01,1.0,9,user1629@example.com,test,0,
C001630,2023-03-09,EU,Standard,Annual,15,86.68,79.75,1.0,twenty,,train,1,service
C001631,2021-02-17,EU,Basic,,40,66.48,61.16,4.0,23,user1631@example.com,test,1,moved
C001632,2019-10-26,EU,Premium,Monthly,56,80.95,74.47,0.0,11,user1632@example.com,test,0,
C001633,2018-09-01,EU,Standard,Annual,70,117.37,107.98,4.0,18,user1633@example.com,train,1,competitor
C001634,2020-11-19,EU,Premium,Monthly,43,62.15,57.18,1.0,26,user1634@example.com,train,0,
C001635,2021-09-15,EU,Standard,Monthly,33,59.63,54.86,1.0,12,user1635@example.com,test,1,service
C001636,2019-06-28,EU,Basic,Two year,60,36.36,33.45,2.0,6,user1636@example.com,train,0,
C001637,2022-07-12,EU,Standard,Annual,23,32.67,30.06,0.0,12,user1637@example.com,train,0,
C001638,2019-10-26,EU,Basic,Annual,56,110.77,101.91,0.0,27,,test,0,
C001639,2021-06-17,EU,Basic,Two year,36,53.65,49.36,1.0,14,user1639@example.com,train,0,
C001640,2024-04-02,EU,Premium,Annual,2,44.76,41.18,0.0,4,,train,0,
C001641,2020-11-19,EU,Basic,Monthly,43,48.53,44.65,1.0,2,user1641@example.com,train,1,moved
C001642,2020-05-23,EU,Basic,Two year,49,89.57,82.4,1.0,25,,test,0,
C001643,2018-11-30,EU,Premium,Monthly,67,62.76,57.74,2.0,18,user1643@example.com,train,0,
C001644,2022-08-11,EU,Premium,Monthly,22,85.33,78.5,1.0,fifteen,user1644@example.com,test,1,moved
C001645,2023-12-04,EU,Premium,Monthly,6,41.64,38.31,0.0,0,user1645@example.com,test,0,
C001646,2018-10-31,EU,Basic,Monthly,68,89.66,82.49,1.0,13,user1646@example.com,train,1,competitor
C001647,2021-05-18,EU,Standard,Annual,37,84.12,77.39,0.0,19,,train,0,
C001648,2022-05-13,EU,Standard,Annual,25,90.3,83.08,2.0,13,user1648@example.com,train,0,
C001649,2018-09-01,EU,Basic,Monthly,70,71.27,65.57,2.0,16,,test,0,
C001650,2018-08-02,EU,Standard,Annual,71,36.95,33.99,1.0,23,user1650@example.com,train,0,
C001651,2023-08-06,EU,Basic,Monthly,10,71.34,65.63,1.0,16,user1651@example.com,train,1,service
C001652,2020-07-22,EU,Basic,Monthly,47,75.97,69.89,1.0,23,,test,0,
C001653,2022-09-10,EU,Basic,Monthly,2100,77.76,71.54,1.0,16,,train,1,competitor
C001654,2021-06-17,EU,Standard,Annual,36,49.27,45.33,3.0,25,,train,0,
C001655,2021-06-17,EU,Premium,Monthly,36,88.2,81.14,2.0,14,user1655@example.com,train,1,service
C001656,2020-04-23,EU,Basic,Annual,50,76.37,70.26,1.0,3,user1656@example.com,test,0,
C001657,2021-03-19,EU,Basic,Monthly,39,83.3,76.64,1.0,24,user1657@example.com,train,0,
C001658,2019-08-27,EU,Basic,,58,98.83,90.92,1.0,8,user1658@example.com,train,0,
C001659,2020-04-23,EU,Premium,Annual,50,58.09,53.44,0.0,25,user1659@example.com,test,0,
C001660,2021-11-14,EU,Basic,Annual,31,48.94,45.02,2.0,4,user1660@example.com,train,0,price
C001661,2022-08-11,EU,Standard,Monthly,22,71.46,65.74,2.0,14,user1661@example.com,train,1,price
C001662,2018-11-30,EU,Basic,Annual,67,59.05,54.33,0.0,10,user1662@example.com,train,0,
C001663,2019-05-29,EU,Standard,Monthly,61,103.73,95.43,3.0,25,,train,1,moved
C001664,2031-04-02,EU,Standard,Monthly,14,60.37,55.54,2.0,19,,train,0,
C001665,2019-08-27,EU,Standard,Annual,58,80.85,74.38,0.0,5,,train,0,
C001666,2023-05-08,EU,Basic,Monthly,13,56.6,52.07,1.0,13,user1666@example.com,train,1,price
C001667,2021-02-17,EU,Standard,Annual,40,56.67,52.14,1.0,1,,train,0,
C001668,2018-11-30,EU,Basic,Monthly,67,79.92,73.53,2.0,10,user1668@example.com,train,0,
C001669,2019-05-29,EU,Premium,Annual,61,27.16,24.99,0.0,29,user1669@example.com,train,0,
C001670,2022-04-13,EU,Standard,Annual,26,75.31,69.29,1.0,17,user1670@example.com,test,0,
C001671,2021-12-14,EU,Basic,Monthly,30,75.58,69.53,0.0,6,user1671@example.com,train,0,
C001672,2022-03-14,EU,Basic,Two year,27,97.79,89.97,1.0,0,,train,0,
C001673,2020-02-23,EU,Premium,Monthly,52,44.48,40.92,1.0,24,user1673@example.com,test,0,
C001674,2023-12-04,EU,Basic,Annual,6,31.04,28.56,0.0,20,user1674@example.com,train,0,
C001675,2018-11-30,EU,Basic,Monthly,67,87.37,80.38,3.0,28,,test,1,price
C001676,2020-07-22,EU,Basic,Monthly,47,69.18,63.65,1.0,1,user1676@example.com,test,1,service
C001677,2020-04-23,EU,Basic,Monthly,50,75.12,69.11,3.0,22,user1677@example.com,train,1,competitor
C001678,2018-08-02,EU,Premium,Monthly,71,22.77,20.95,2.0,19,,train,0,
C001679,2020-12-19,EU,Premium,Monthly,42,79.3,72.96,1.0,23,,test,0,
C001680,2021-04-18,EU,Standard,Monthly,38,27.49,25.29,1.0,8,user1680@example.com,train,0,
C001681,2021-08-16,EU,Basic,Monthly,34,63.89,58.78,0.0,8,user1681@example.com,train,1,price
C001682,2019-03-30,EU,Basic,,63,73.18,67.33,0.0,24,user1682@example.com,train,0,
C001683,2022-03-14,EU,Basic,Monthly,27,78.07,71.82,2.0,3,,train,1,competitor
C001684,2020-12-19,EU,Premium,Monthly,42,37.8,34.78,1.0,ten,,train,0,
C001685,2021-02-17,EU,Basic,Monthly,40,49.42,45.47,1.0,15,,train,0,
C001686,2020-06-22,EU,Basic,Annual,48,59.38,54.63,2.0,2,user1686@example.com,train,0,
C001687,2019-05-29,EU,Basic,Monthly,61,44.28,40.74,2.0,7,user1687@example.com,train,0,
C001688,2022-02-12,EU,Standard,Two year,28,150.0,138.0,1.0,15,,train,1,moved
C001689,2021-04-18,EU,Basic,Monthly,38,77.22,71.04,0.0,1,,train,1,price
C001690,2020-06-22,EU,Premium,Monthly,48,82.09,75.52,1.0,7,user1690@example.com,test,0,
C001691,2019-11-25,EU,Basic,Monthly,55,115.93,106.66,0.0,18,user1691@example.com,train,0,
C001692,2022-06-12,EU,Standard,Monthly,24,55.33,50.9,2.0,7,,train,0,
C001693,2018-08-02,EU,Basic,Monthly,71,42.3,38.92,2.0,14,user1693@example.com,train,0,
C001694,2020-11-19,EU,Basic,Annual,43,64.11,58.98,3.0,ten,,test,1,price
C001695,2019-12-25,EU,Standard,Annual,54,83.35,76.68,1.0,13,,train,0,
C001696,2022-04-13,EU,Basic,Monthly,26,83.11,76.46,0.0,28,user1696@example.com,train,1,moved
C001697,2022-10-10,EU,Standard,Two year,20,98.16,90.31,0.0,9,,train,0,
C001698,2018-08-02,EU,Standard,Monthly,71,54.79,50.41,2.0,20,user1698@example.com,test,0,
C001699,2022-04-13,EU,Basic,Two year,26,24.48,22.52,2.0,21,user1699@example.com,train,0,
C001700,2019-04-29,EU,Basic,Monthly,62,91.05,83.77,2.0,29,user1700@example.com,train,0,
C001701,2018-12-30,EU,Basic,Annual,66,66.61,61.28,1.0,0,user1701@example.com,train,0,
C001702,2018-09-01,EU,Basic,Two year,70,50.04,46.04,2.0,9,,train,0,
C001703,2020-02-23,EU,Standard,Two year,52,36.63,33.7,0.0,24,user1703@example.com,train,0,
C001704,2023-06-07,EU,Standard,Monthly,12,44.12,40.59,0.0,fifteen,,test,1,price
C001705,2024-03-03,EU,Standard,Annual,3,74.02,68.1,1.0,13,user1705@example.com,train,1,competitor
C001706,2020-03-24,EU,Basic,Monthly,51,61.67,56.74,0.0,0,user1706@example.com,train,0,
C001707,2022-10-10,EU,Standard,Annual,20,43.33,39.86,3.0,7,user1707@example.com,train,1,competitor
C001708,2020-03-24,EU,Standard,Annual,51,108.08,99.43,0.0,11,user1708@example.com,train,0,
C001709,2019-10-26,EU,Premium,Monthly,56,49.93,45.94,1.0,5,,test,0,
C001710,2021-05-18,EU, Premium ,Two year,37,111.13,102.24,2.0,2,,train,1,price
C001711,2021-01-18,EU,Standard,Monthly,41,26.68,24.55,1.0,1,user1711@example.com,train,1,price
C001712,2018-12-30,EU,Basic,Monthly,66,37.81,34.79,1.0,14,,test,0,
C001713,2020-04-23,EU,Basic,Monthly,50,45.74,42.08,0.0,fifteen,user1713@example.com,train,0,
C001714,2022-06-12,EU,Standard,Monthly,24,115.84,106.57,2.0,16,user1714@example.com,train,1,competitor
C001715,2023-12-04,EU,Standard,Annual,6,57.79,53.17,0.0,6,,train,1,competitor
C001716,2023-04-08,EU,Basic,Annual,14,35.26,32.44,1.0,13,,train,1,service
C001717,2019-01-29,EU,Basic,Two year,65,79.61,73.24,2.0,6,user1717@example.com,train,0,
C001718,2022-02-12,EU,Standard,Annual,28,79.12,72.79,0.0,3,,test,0,
C001719,2019-07-28,EU,Basic,Two year,59,99.4,91.45,0.0,28,user1719@example.com,test,0,
C001720,2022-12-09,EU,Basic,Annual,18,69.0,63.48,0.0,23,user1720@example.com,train,1,service
C001721,2020-11-19,EU, Premium ,Monthly,43,81.66,75.13,1.0,2,user1721@example.com,test,1,competitor
C001722,2020-06-22,EU,Standard,Annual,48,47.27,43.49,2.0,12,user1722@example.com,train,0,
C001723,2020-04-23,EU,Basic,Monthly,50,106.07,97.58,2.0,24,user1723@example.com,train,1,competitor
C001724,2020-02-23,EU,Premium,Annual,52,56.64,52.11,1.0,28,,test,0,
C001725,2021-09-15,EU,Premium,Two year,33,57.15,52.58,1.0,18,,train,1,competitor
C001726,2022-03-14,EU,Basic,Monthly,27,85.68,78.83,4.0,6,user1726@example.com,train,1,service
C001727,2022-11-09,EU,Basic,Two year,19,114.35,105.2,3.0,14,user1727@example.com,test,1,competitor
C001728,2022-07-12,EU,Basic,,23,42.87,39.44,0.0,24,user1728@example.com,test,0,
C001729,2023-09-05,EU,Standard,Two year,9,61.75,56.81,1.0,18,,train,0,
C001730,2020-01-24,EU,Standard,Monthly,53,113.65,104.56,3.0,22,user1730@example.com,train,1,service
C001731,2021-03-19,EU,Basic,Monthly,39,30.23,27.81,4.0,21,,train,0,
C001732,2020-06-22,EU,Basic,Monthly,48,117.61,108.2,4.0,5,,test,1,price
C001733,2023-10-05,EU,Standard,Annual,8,47.58,43.77,3.0,12,user1733@example.com,test,1,price
C001734,2020-10-20,EU,Premium,Two year,44,51.15,47.06,0.0,1,user1734@example.com,train,1,service
C001735,2021-03-19,EU,Standard,Annual,39,87.41,80.42,0.0,26,user1735@example.com,train,1,competitor
C001736,2018-09-01,EU,Basic,Monthly,70,67.05,61.69,0.0,25,user1736@example.com,train,0,
C001737,2023-05-08,EU,Standard,,13,96.46,88.74,0.0,1,,test,0,competitor
C001738,2019-11-25,EU,Basic,Monthly,55,53.54,49.26,1.0,29,user1738@example.com,test,0,
C001739,2019-06-28,EU,Standard,Monthly,60,73.22,67.36,2.0,17,user1739@example.com,train,1,price
C001740,2021-12-14,EU,Premium,Monthly,30,83.19,76.53,1.0,2,user1740@example.com,train,1,price
C001741,2023-01-08,EU,Basic,Monthly,17,38.36,35.29,0.0,21,,train,0,
C001742,2020-04-23,EU, Premium ,,50,42.93,39.5,1.0,17,user1742@example.com,test,0,
C001743,2022-09-10,EU,Basic,Monthly,21,54.04,49.72,1.0,22,user1743@example.com,train,1,price
C001744,2020-06-22,EU,Basic,Annual,48,66.84,61.49,1.0,29,user1744@example.com,train,0,
C001745,2021-04-18,EU,Basic,Monthly,38,78.35,72.08,1.0,1,,train,0,
C001746,2018-12-30,EU,Standard,Monthly,66,61.24,56.34,4.0,22,,train,1,service
C001747,2020-08-21,EU,Standard,Monthly,46,53.16,48.91,0.0,18,user1747@example.com,train,0,
C001748,2023-12-04,EU, Premium ,Monthly,6,56.87,52.32,0.0,20,,test,1,price
C001749,2024-03-03,EU,Basic,,3,89.51,82.35,2.0,7,,train,1,competitor
C001750,2022-12-09,EU,Standard,Two year,18,97.65,89.84,5.0,13,user1750@example.com,train,1,price
C001751,2022-04-13,EU,Premium,Monthly,26,43.99,40.47,1.0,15,user1751@example.com,train,1,service
C001752,2020-12-19,EU,Basic,Monthly,42,56.46,51.94,3.0,14,user1752@example.com,train,1,price
C001753,2023-02-07,EU,Basic,Two year,16,82.25,75.67,2.0,4,,test,1,moved
C001754,2019-10-26,EU,Basic,Monthly,56,52.68,48.47,1.0,27,user1754@example.com,test,0,
C001755,2022-02-12,EU,Basic,Monthly,28,54.78,50.4,0.0,23,,train,0,
C001756,2022-07-12,EU,Basic,Monthly,23,74.44,68.48,2.0,23,user1756@example.com,train,1,price
C001757,2023-10-05,EU,Premium,Monthly,8,20.0,18.4,1.0,24,user1757@example.com,train,1,price
C001758,2022-06-12,EU,Premium,Annual,24,103.39,95.12,1.0,10,user1758@example.com,train,1,price
C001759,2023-10-05,EU,Standard,Annual,8,78.2,71.94,2.0,15,,train,0,
C001760,2023-07-07,EU,Basic,Two year,11,58.08,53.43,0.0,25,user1760@example.com,train,1,
C001761,,EU,,,21,,,,,,train,1,competitor
C001762,2021-05-18,EU,Standard,Monthly,37,35.42,32.59,2.0,29,,train,0,
C001763,2018-11-30,EU,Basic,Annual,67,85.09,78.28,1.0,28,user1763@example.com,train,0,
C001764,2023-09-05,EU,Basic,Monthly,9,88.37,81.3,2.0,27,user1764@example.com,train,1,competitor
C001765,2021-08-16,EU,Basic,Monthly,34,91.46,84.14,2.0,15,user1765@example.com,test,1,price
C001766,2019-07-28,EU,Standard,Monthly,59,56.99,52.43,2.0,14,user1766@example.com,train,0,
C001767,2019-08-27,EU,Standard,Annual,58,91.24,83.94,3.0,4,user1767@example.com,train,1,competitor
C001768,2019-03-30,EU,Premium,Annual,63,73.74,67.84,1.0,26,,train,0,
C001769,2019-11-25,EU,Standard,Monthly,55,91.0,83.72,3.0,5,,train,0,
C001770,2019-05-29,EU,Standard,Monthly,61,72.03,66.27,1.0,24,user1770@example.com,train,0,
C001771,2023-03-09,EU,Standard,Two year,15,98.94,91.02,1.0,6,,train,1,price
C001772,2023-12-04,EU,Standard,Monthly,6,59.89,55.1,2.0,19,,train,1,price
C001773,2021-05-18,EU,Premium,Annual,37,35.19,32.37,2.0,22,user1773@example.com,train,0,
C001774,2023-12-04,EU,Basic,Two year,6,66.35,61.04,1.0,21,,test,1,price
C001775,2023-03-09,EU,Basic,Monthly,15,125.31,115.29,0.0,fifteen,,train,1,competitor
C001776,2021-01-18,EU,Standard,Annual,41,47.44,43.64,1.0,27,user1776@example.com,train,0,
C001777,2022-02-12,EU,Basic,Monthly,28,76.13,70.04,0.0,18,user1777@example.com,train,1,price
C001778,2023-03-09,EU,Basic,Monthly,15,22.92,21.09,0.0,fifteen,,train,1,service
C001779,2022-07-12,EU,Basic,Monthly,23,45.29,41.67,1.0,5,user1779@example.com,train,0,
C001780,2020-11-19,EU,Standard,Monthly,43,95.68,88.03,4.0,27,user1780@example.com,train,1,service
C001781,2022-06-12,EU,Basic,Monthly,24,50.31,46.29,3.0,22,,test,1,moved
C001782,2022-05-13,EU,Standard,Monthly,25,89.68,82.51,1.0,0,user1782@example.com,train,1,moved
C001783,2021-06-17,EU,Basic,Monthly,36,56.23,51.73,1.0,11,,test,0,
C001784,2023-12-04,EU,Standard,Monthly,6,131.93,121.38,0.0,20,,test,1,competitor
C001785,2022-01-13,EU,Standard,Monthly,29,66.89,61.54,1.0,13,,train,1,competitor
C001786,2019-11-25,EU,Basic,Monthly,55,62.59,57.58,1.0,15,,train,0,
C001787,2020-10-20,EU,Basic,Monthly,44,105.07,96.66,2.0,27,user1787@example.com,train,0,
C001788,2021-05-18,EU,Basic,Monthly,37,84.45,77.69,2.0,7,,train,1,competitor
C001789,2021-03-19,EU,Standard,Annual,39,66.64,61.31,1.0,ten,user1789@example.com,train,1,price
C001790,2021-07-17,EU,Basic,Monthly,35,64.94,59.74,2.0,twenty,user1790@example.com,train,1,price
C001791,2021-03-19,EU,Standard,Monthly,39,51.15,47.06,1.0,14,,train,0,
C001792,2020-07-22,EU,Basic,Monthly,47,87.94,80.9,1.0,10,user1792@example.com,test,1,price
C001793,2023-02-07,EU,Basic,Annual,16,60.16,55.35,2.0,5,user1793@example.com,train,0,
C001794,2021-12-14,EU,Basic,Monthly,30,84.06,77.34,1.0,12,user1794@example.com,train,1,service
C001795,2019-12-25,EU,Premium,,54,111.12,102.23,1.0,19,user1795@example.com,train,0,
C001796,2024-04-02,EU,Standard,Annual,2,81.11,74.62,0.0,9,,train,1,moved
C001797,2019-05-29,EU,Basic,Monthly,61,68.09,62.64,0.0,15,,test,0,
C001798,2024-03-03,EU,Basic,Monthly,3,88.14,81.09,0.0,23,,test,1,competitor
C001799,2022-10-10,EU,Basic,Annual,20,38.91,35.8,0.0,10,user1799@example.com,test,1,price
C001800,2021-09-15,EU,Basic,Monthly,33,120.32,110.69,2.0,22,,train,1,price
C001801,2019-01-29,EU,Premium,Monthly,65,83.13,76.48,0.0,19,user1801@example.com,train,1,competitor
C001802,2023-03-09,EU,Standard,Annual,15,67.3,61.92,0.0,5,user1802@example.com,train,1,competitor
C001803,2021-02-17,EU,Basic,Monthly,40,77.53,71.33,2.0,22,user1803@example.com,train,0,
C001804,2023-06-07,EU,Basic,Annual,12,79.71,73.33,1.0,29,user1804@example.com,train,0,
C001805,2020-05-23,EU,Basic,Monthly,49,99.99,91.99,0.0,4,user1805@example.com,train,1,
C001806,2020-06-22,EU,Basic,Two year,48,81.22,74.72,0.0,9,user1806@example.com,test,0,
C001807,2023-05-08,EU,Basic,,13,92.61,85.2,3.0,27,,train,1,price
C001808,2018-10-31,EU,Standard,Monthly,68,52.59,48.38,1.0,6,user1808@example.com,test,0,
C001809,2022-04-13,EU,Standard,,26,43.63,40.14,2.0,ten,,train,0,
C001810,2020-12-19,EU,Standard,Monthly,42,42.86,39.43,2.0,11,user1810@example.com,test,0,
C001811,2023-01-08,EU,Basic,Monthly,17,101.01,92.93,1.0,22,,test,1,moved
C001812,2021-01-18,EU,Standard,Monthly,41,51.4,47.29,1.0,23,user1812@example.com,test,0,
C001813,2022-09-10,EU,Premium,Annual,21,33.92,31.21,3.0,10,user1813@example.com,train,1,service
C001814,2018-10-01,EU,Standard,Monthly,69,46.11,42.42,1.0,6,user1814@example.com,test,1,moved
C001815,2022-02-12,EU,Standard,Two year,28,79.58,73.21,0.0,16,user1815@example.com,test,0,
C001816,2023-03-09,EU,Standard,Annual,15,25.4,23.37,1.0,20,user1816@example.com,train,0,
C001817,2021-06-17,EU,Basic,Monthly,36,107.22,98.64,3.0,21,user1817@example.com,train,1,service
C001818,2024-03-03,EU,Basic,Annual,3,20.0,18.4,2.0,22,,test,0,
C001819,2024-03-03,EU,Premium,Monthly,3,88.3,81.24,2.0,8,,train,1,competitor
C001820,2020-10-20,EU,Basic,,44,76.55,70.43,1.0,8,,train,0,
C001821,2021-07-17,EU,Basic,Two year,35,97.94,90.1,2.0,14,user1821@example.com,train,1,service
C001822,2018-10-31,EU,Standard,Monthly,68,68.16,62.71,0.0,23,,train,0,
C001823,2022-09-10,EU,Standard,Monthly,21,79.1,72.77,0.0,22,,train,1,moved
C001824,2019-08-27,EU,Standard,Annual,58,52.01,47.85,2.0,4,user1824@example.com,train,0,
C001825,2023-05-08,EU,Standard,Monthly,13,65.77,60.51,1.0,27,user1825@example.com,train,1,competitor
C001826,2022-07-12,EU,Basic,Monthly,23,39.16,36.03,3.0,11,user1826@example.com,train,0,
C001827,2021-03-19,EU,Standard,,39,89.44,82.28,2.0,23,user1827@example.com,train,1,moved
C001828,2023-10-05,EU,Standard,,8,90.55,83.31,2.0,25,user1828@example.com,train,1,moved
C001829,2021-10-15,EU,Standard,Monthly,32,65.42,60.19,1.0,15,,test,1,competitor
C001830,2022-06-12,EU,Basic,Monthly,24,94.5,86.94,2.0,1,user1830@example.com,train,1,service
C001831,2022-09-10,EU,Standard,Two year,21,110.29,101.47,2.0,4,user1831@example.com,train,1,service
C001832,2019-12-25,EU,Standard,Annual,54,49.37,45.42,0.0,0,user1832@example.com,train,0,
C001833,2023-12-04,EU,Basic,Annual,6,106.43,97.92,0.0,13,user1833@example.com,train,1,moved
C001834,2020-04-23,EU,Basic,Monthly,50,59.18,54.45,1.0,16,,train,1,moved
C001835,2021-01-18,EU,Premium,Annual,41,99.7,91.72,1.0,15,user1835@example.com,test,0,price
C001836,2022-04-13,EU,premium,Annual,26,74.55,68.59,1.0,12,user1836@example.com,train,0,
C001837,2020-09-20,EU,Basic,,45,89.64,82.47,2.0,7,,train,1,moved
C001838,2023-08-06,EU,Basic,Annual,10,94.33,86.78,1.0,10,user1838@example.com,train,1,service
C001839,2023-02-07,EU,Standard,Monthly,16,123.04,113.2,0.0,5,user1839@example.com,train,1,service
C001840,2019-05-29,EU,Premium,Two year,61,61.48,56.56,1.0,0,user1840@example.com,test,0,
C001841,2021-07-17,EU,Standard,Annual,35,112.46,103.46,1.0,14,user1841@example.com,train,0,
C001842,2020-02-23,EU,Basic,Monthly,52,45.59,41.94,0.0,0,user1842@example.com,test,0,
C001843,2018-10-31,EU,Standard,Monthly,68,73.24,67.38,2.0,10,user1843@example.com,train,1,service
C001844,2020-06-22,EU,Standard,,48,77.75,71.53,0.0,24,user1844@example.com,train,0,
C001845,2019-05-29,EU,Basic,Monthly,61,110.04,101.24,2.0,5,user1845@example.com,train,1,price
C001846,2022-09-10,EU,Premium,Annual,21,56.27,51.77,1.0,0,user1846@example.com,test,1,price
C001847,2023-07-07,EU,Basic,,11,64.36,59.21,2.0,0,user1847@example.com,train,1,service
C001848,2019-07-28,EU,Basic,Annual,59,49.19,45.25,2.0,18,,train,0,
C001849,2022-02-12,EU,Standard,Monthly,28,109.54,100.78,1.0,9,,test,1,price
C001850,2022-08-11,EU,Basic,Annual,22,86.46,79.54,1.0,ten,,train,1,moved
C001851,2023-09-05,EU,Standard,,9,131.55,121.03,3.0,20,,train,1,moved
C001852,2019-06-28,EU,Standard,Two year,60,64.55,59.39,2.0,15,user1852@example.com,train,0,
C001853,2024-04-02,EU,Basic,Monthly,2,70.06,64.46,0.0,9,,test,0,
C001854,2023-07-07,EU,Basic,Monthly,11,95.94,88.26,2.0,8,,train,1,price
C001855,2023-08-06,EU,Standard,Annual,10,36.01,33.13,0.0,19,user1855@example.com,train,0,
C001856,2021-01-18,EU,Basic,Monthly,41,100.22,92.2,2.0,10,user1856@example.com,train,1,moved
C001857,2018-12-30,EU,Basic,Two year,66,64.93,59.74,0.0,fifteen,,train,0,
C001858,2021-02-17,EU,Premium,Annual,40,74.33,68.38,0.0,12,user1858@example.com,train,0,
C001859,2019-02-28,EU,Basic,Two year,64,66.55,61.23,0.0,18,user1859@example.com,train,0,
C001860,2023-04-08,EU,Standard,,14,53.46,49.18,0.0,twenty,user1860@example.com,train,0,
C001861,2018-11-30,EU,Standard,Monthly,67,77.84,71.61,1.0,7,,train,0,
C001862,2023-10-05,EU,Basic,Monthly,8,91.26,83.96,1.0,15,user1862@example.com,train,1,competitor
C001863,2022-01-13,EU,Standard,Monthly,29,68.03,62.59,1.0,26,user1863@example.com,test,0,
C001864,2020-07-22,EU,Standard,Two year,47,54.57,50.2,1.0,fifteen,user1864@example.com,train,0,
C001865,2019-09-26,EU,Standard,Monthly,57,70.66,65.01,1.0,13,user1865@example.com,train,1,price
C001866,2021-12-14,EU,Basic,Monthly,30,67.82,62.39,1.0,15,,train,1,price
C001867,2022-05-13,EU,Basic,Monthly,25,85.65,78.8,0.0,13,user1867@example.com,train,0,
C001868,2020-03-24,EU,Basic,Annual,51,86.06,79.18,1.0,2,user1868@example.com,train,0,
C001869,2018-08-02,EU,Basic,Annual,71,56.83,52.28,0.0,15,user1869@example.com,train,0,
C001870,2020-05-23,EU,Premium,Monthly,49,75.52,69.48,2.0,29,user1870@example.com,train,1,competitor
C001871,2018-10-31,EU,Standard,Monthly,68,82.4,75.81,1.0,11,user1871@example.com,train,0,
C001872,2019-03-30,EU,Standard,Annual,63,25.05,23.05,2.0,fifteen,,train,0,
C001873,2022-12-09,EU,Basic,Two year,18,63.95,58.83,1.0,27,,train,1,price
C001874,2021-03-19,EU,Premium,Monthly,39,64.14,59.01,3.0,10,,train,1,price
C001875,2021-12-14,EU,Premium,Monthly,30,64.27,59.13,3.0,28,user1875@example.com,train,1,moved
C001876,2021-11-14,EU,Basic,,31,74.91,68.92,3.0,27,,train,1,price
C001877,2022-09-10,EU,Premium,Monthly,21,20.29,18.67,0.0,14,user1877@example.com,test,0,
C001878,2024-02-02,EU,PREMIUM,Monthly,4,62.14,57.17,4.0,2,user1878@example.com,test,1,competitor
C001879,2024-03-03,EU,Standard,,3,94.28,86.74,2.0,8,,train,1,service
C001880,2023-08-06,EU,Basic,Annual,10,59.73,54.95,1.0,25,user1880@example.com,train,1,moved
C001881,2024-03-03,EU,Basic,Two year,3,73.37,67.5,1.0,23,user1881@example.com,test,0,
C001882,2020-09-20,EU,Standard,Annual,45,86.15,79.26,2.0,9,user1882@example.com,train,1,competitor
C001883,2024-05-02,EU,Basic,Annual,1,36.28,33.38,0.0,25,,train,0,
C001884,2020-02-23,EU,Basic,Monthly,52,86.78,79.84,1.0,28,user1884@example.com,train,0,
C001885,2024-05-02,EU,Standard,Monthly,1,84.99,78.19,3.0,1,,train,1,service
C001886,2020-11-19,EU,Basic,,43,90.06,82.86,3.0,28,,train,0,moved
C001887,2023-08-06,EU,Standard,Monthly,10,32.51,29.91,0.0,fifteen,user1887@example.com,train,0,
C001888,2022-07-12,EU,Standard,Two year,23,86.79,79.85,2.0,16,,train,1,moved
C001889,2019-11-25,EU,Basic,Annual,55,92.2,84.82,0.0,22,user1889@example.com,train,0,
C001890,2024-03-03,EU,Standard,Monthly,3,38.51,35.43,1.0,19,user1890@example.com,train,0,
C001891,2022-10-10,EU,Standard,Monthly,20,103.42,95.15,1.0,16,user1891@example.com,train,0,
C001892,2023-11-04,EU,Standard,Annual,7,55.48,51.04,2.0,twenty,,train,1,competitor
C001893,2024-03-03,EU,Basic,Annual,3,68.8,63.3,3.0,16,,train,1,moved
C001894,2020-12-19,EU,Standard,Two year,42,72.39,66.6,2.0,11,user1894@example.com,test,1,moved
C001895,2023-11-04,EU,Premium,Monthly,7,80.13,73.72,2.0,11,user1895@example.com,train,1,moved
C001896,2020-01-24,EU,Basic,Monthly,53,77.64,71.43,0.0,19,user1896@example.com,train,0,
C001897,2019-10-26,EU,Standard,Monthly,56,68.16,62.71,1.0,20,user1897@example.com,train,0,
C001898,2021-10-15,EU,Basic,Annual,32,42.88,39.45,2.0,28,,test,0,
C001899,2021-11-14,EU,Premium,Monthly,31,48.09,44.24,0.0,24,user1899@example.com,train,1,service
C001900,2023-01-08,EU,Standard,Monthly,17,84.5,77.74,1.0,8,user1900@example.com,train,1,price
C001901,2023-08-06,EU,Premium,Annual,10,60.19,55.37,2.0,24,user1901@example.com,test,1,service
C001902,2020-05-23,EU,Standard,Monthly,49,20.0,18.4,0.0,2,user1902@example.com,train,0,
C001903,2020-06-22,EU,Basic,Monthly,48,53.31,49.05,3.0,20,,train,0,
C001904,2022-07-12,EU,Basic,Monthly,23,60.49,55.65,2.0,20,user1904@example.com,train,1,competitor
C001905,2019-03-30,EU,Basic,Monthly,63,73.48,67.6,1.0,1,user1905@example.com,train,0,
C001906,2021-08-16,EU,Basic,,34,67.41,62.02,0.0,0,user1906@example.com,train,0,
C001907,2021-04-18,EU,Basic,,38,26.13,24.04,0.0,0,,train,0,
C001908,2022-10-10,EU,Premium,Annual,20,73.08,67.23,1.0,26,user1908@example.com,test,0,
C001909,2019-06-28,EU,Premium,Monthly,60,89.25,82.11,1.0,20,user1909@example.com,train,0,
C001910,2020-03-24,EU,Premium,,51,62.11,57.14,3.0,twenty,user1910@example.com,train,0,
C001911,2019-10-26,EU,Standard,Monthly,56,75.27,69.25,1.0,28,,train,1,price
C001912,2021-01-18,EU,Basic,Monthly,41,21.26,19.56,0.0,27,,train,0,
C001913,2021-09-15,EU,Basic,Monthly,33,80.04,73.64,1.0,12,,train,1,price
C001914,2022-08-11,EU,Premium,Monthly,22,70.81,65.15,2.0,13,user1914@example.com,train,1,competitor
C001915,2019-07-28,EU,Basic,Annual,59,48.71,44.81,0.0,1,,train,0,
C001916,2018-09-01,EU,Premium,Two year,70,75.44,69.4,2.0,3,user1916@example.com,train,0,
C001917,2019-05-29,EU,Premium,Annual,61,77.78,71.56,0.0,ten,user1917@example.com,train,0,
C001918,2019-11-25,EU,Standard,Two year,55,76.17,70.08,2.0,1,user1918@example.com,train,0,
C001919,2021-01-18,EU,Premium,Monthly,41,75.74,69.68,2.0,14,user1919@example.com,test,1,price
C001920,2020-12-19,EU,Basic,Annual,42,63.88,58.77,3.0,26,user1920@example.com,train,1,price
C001921,2020-04-23,EU,Standard,Annual,50,52.95,48.71,0.0,18,,train,0,
C001922,2020-01-24,EU,Basic,,53,115.58,106.33,0.0,1,user1922@example.com,train,0,
C001923,2019-11-25,EU,Basic,Monthly,55,37.18,34.21,2.0,23,user1923@example.com,train,0,
C001924,2018-08-02,EU,Basic,Monthly,71,62.06,57.1,0.0,29,user1924@example.com,train,0,
C001925,2022-09-10,EU,Basic,Monthly,21,53.85,49.54,0.0,12,,train,1,price
C001926,2019-04-29,EU,Standard,Annual,62,92.31,84.93,0.0,1,,test,0,
C001927,2020-12-19,EU,Premium,Monthly,42,50.49,46.45,1.0,10,user1927@example.com,train,0,
C001928,2022-01-13,EU,Basic,Monthly,29,98.15,90.3,1.0,3,user1928@example.com,train,1,price
C001929,2019-03-30,EU,Basic,Two year,63,64.5,59.34,3.0,2,,test,0,
C001930,2021-02-17,EU,Standard,,40,61.26,56.36,2.0,5,user1930@example.com,train,1,price
C001931,2018-09-01,EU,Standard,Monthly,70,48.25,44.39,0.0,9,,train,0,
C001932,2019-10-26,EU,Standard,Two year,56,75.37,69.34,3.0,6,user1932@example.com,train,1,moved
C001933,2020-02-23,EU,Premium,Annual,52,81.84,75.29,1.0,18,user1933@example.com,test,0,
C001934,2024-01-03,EU,Standard,Monthly,5,77.4,71.21,0.0,16,user1934@example.com,train,1,moved
C001935,2022-04-13,EU,Standard,Two year,26,20.0,18.4,1.0,8,,train,0,
C001936,2020-02-23,EU,Basic,Monthly,52,55.91,51.44,0.0,16,,train,0,
C001937,2020-05-23,EU,Standard,Monthly,49,93.5,86.02,1.0,0,user1937@example.com,train,1,service
C001938,2023-10-05,EU,Standard,Annual,8,92.74,85.32,1.0,24,user1938@example.com,train,1,moved
C001939,2023-01-08,EU,Standard,Two year,17,80.81,74.35,1.0,8,,test,1,price
C001940,2019-10-26,EU,Standard,Two year,56,86.25,79.35,2.0,10,user1940@example.com,test,0,
C001941,2019-04-29,EU,Standard,Monthly,62,102.27,94.09,0.0,21,user1941@example.com,train,1,competitor
C001942,2023-08-06,EU,Standard,Monthly,10,117.38,107.99,1.0,15,,train,1,price
C001943,2023-12-04,EU, Premium ,Annual,6,71.98,66.22,1.0,18,user1943@example.com,test,1,price
C001944,2021-01-18,EU,Standard,Monthly,41,69.7,64.12,2.0,3,,train,0,
C001945,2021-02-17,EU,Standard,Monthly,40,107.7,99.08,2.0,27,user1945@example.com,test,1,price
C001946,2023-07-07,EU,Basic,Annual,11,65.92,60.65,1.0,13,user1946@example.com,test,0,
C001947,2023-09-05,EU,Standard,Annual,9,46.93,43.18,2.0,3,,train,0,
C001948,2022-03-14,EU,Premium,Monthly,27,97.87,90.04,1.0,11,,train,1,moved
C001949,2019-10-26,EU,Basic,Monthly,56,20.0,18.4,0.0,20,user1949@example.com,test,0,
C001950,2019-05-29,EU,Basic,Monthly,61,101.19,93.09,1.0,fifteen,user1950@example.com,train,1,competitor
C001951,2020-07-22,EU,Basic,Annual,47,117.93,108.5,0.0,3,user1951@example.com,train,0,
C001952,2019-07-28,EU,Standard,Monthly,59,75.68,69.63,2.0,29,user1952@example.com,test,1,service
C001953,2021-01-18,EU,Standard,Monthly,41,102.73,94.51,0.0,5,,train,0,
C001954,2021-10-15,EU,Standard,Monthly,32,92.25,84.87,1.0,twenty,,train,0,
C001955,2022-07-12,EU,Basic,Two year,23,75.68,69.63,0.0,12,user1955@example.com,train,0,
C001956,2020-09-20,EU,Premium,Annual,45,36.03,33.15,1.0,28,user1956@example.com,test,0,
C001957,2022-03-14,EU,Standard,Annual,27,66.48,61.16,1.0,23,user1957@example.com,train,1,service
C001958,2023-06-07,EU,Standard,Monthly,12,55.34,50.91,3.0,18,,test,1,service
C001959,2019-10-26,EU,Standard,Annual,56,67.51,62.11,3.0,26,user1959@example.com,train,0,
C001960,2023-03-09,EU,Basic,Monthly,1500,121.92,112.17,0.0,5,user1960@example.com,train,0,
C001961,2023-05-08,EU,Standard,Monthly,13,55.54,51.1,0.0,26,user1961@example.com,train,1,service
C001962,2022-01-13,EU,Basic,Two year,29,53.56,49.28,1.0,25,,train,0,
C001963,2018-11-30,EU,Basic,Annual,67,81.92,75.37,1.0,27,,train,0,
C001964,2023-11-04,EU,Premium,Two year,7,28.55,26.27,1.0,25,user1964@example.com,train,0,
C001965,2019-05-29,EU,Premium,Two year,61,55.25,50.83,1.0,6,,train,1,moved
C001966,2024-04-02,EU,Premium,Monthly,2,58.98,54.26,3.0,3,,train,1,moved
C001967,2023-12-04,EU,Standard,Monthly,6,23.08,21.23,0.0,26,,test,0,
C001968,2021-05-18,EU,Basic,Annual,37,75.53,69.49,2.0,3,user1968@example.com,train,0,
C001969,2020-04-23,EU,Basic,Monthly,50,61.74,56.8,1.0,16,user1969@example.com,test,0,
C001970,2020-11-19,EU,Premium,Annual,43,52.63,48.42,2.0,8,user1970@example.com,train,1,price
C001971,2021-06-17,EU,Standard,Two year,36,59.96,55.16,1.0,14,user1971@example.com,train,0,
C001972,2018-09-01,EU,Basic,Monthly,70,114.66,105.49,1.0,ten,user1972@example.com,test,0,
C001973,2020-05-23,EU,premium,Monthly,49,81.07,74.58,1.0,8,user1973@example.com,train,1,moved
C001974,2022-08-11,EU,Standard,Annual,22,64.38,59.23,0.0,14,,train,1,price
C001975,2019-07-28,EU,Standard,Annual,59,41.0,37.72,4.0,2,user1975@example.com,train,1,competitor
C001976,2024-03-03,EU,Standard,Two year,3,72.26,66.48,2.0,27,user1976@example.com,train,1,moved
C001977,2020-10-20,EU,Premium,Two year,44,54.3,49.96,2.0,15,user1977@example.com,train,1,moved
C001978,2021-01-18,EU,Standard,Monthly,41,99.85,91.86,2.0,15,user1978@example.com,test,0,
C001979,2019-02-28,EU,Basic,Annual,64,56.91,52.36,4.0,7,,train,0,
C001980,2021-06-17,EU,Standard,Monthly,36,56.96,52.4,2.0,26,user1980@example.com,train,0,
C001981,2019-10-26,EU,Standard,,56,64.19,59.05,2.0,24,,test,0,
C001982,2019-06-28,EU,Standard,Two year,60,90.72,83.46,0.0,16,,train,0,
C001983,2020-03-24,EU,Basic,Annual,51,64.11,58.98,0.0,25,user1983@example.com,train,0,
C001984,2021-08-16,EU,Standard,Monthly,34,33.96,31.24,1.0,26,user1984@example.com,test,0,
C001985,2018-10-01,EU,Standard,Two year,69,59.09,54.36,1.0,29,user1985@example.com,train,0,
C001986,2023-01-08,EU,Standard,Monthly,17,80.2,73.78,2.0,fifteen,user1986@example.com,train,0,
C001987,2023-12-04,EU,Basic,Monthly,6,66.84,61.49,0.0,21,,train,1,competitor
C001988,2018-09-01,EU,Standard,Monthly,70,72.69,66.87,0.0,20,user1988@example.com,train,0,
C001989,2022-12-09,EU,Standard,Monthly,18,90.14,82.93,2.0,24,user1989@example.com,train,1,price
C001990,2019-04-29,EU,Basic,Two year,62,80.29,73.87,1.0,20,,test,0,
C001991,2020-07-22,EU,Basic,Annual,47,111.81,102.87,0.0,11,user1991@example.com,train,0,
C001992,2022-04-13,EU,Standard,Two year,26,20.0,18.4,0.0,11,,test,0,
C001993,2021-12-14,EU,Standard,Monthly,30,20.0,18.4,3.0,21,user1993@example.com,train,0,
C001994,2020-02-23,EU,Basic,,52,86.84,79.89,0.0,8,user1994@example.com,train,0,
C001995,2023-12-04,EU,Basic,Monthly,6,128.84,118.53,0.0,24,user1995@example.com,train,1,service
C001996,2019-01-29,EU,Standard,Annual,65,95.25,87.63,1.0,27,user1996@example.com,train,0,
C001997,2019-07-28,EU,Basic,Monthly,59,77.61,71.4,2.0,3,,test,0,
C001998,2020-09-20,EU,Basic,Two year,45,58.04,53.4,2.0,6,user1998@example.com,train,0,
C001999,2019-06-28,EU,Standard,Annual,60,115.78,106.52,0.0,4,,test,0,
C002000,2023-09-05,EU,Basic,Monthly,9,59.78,55.0,0.0,0,user2000@example.com,train,0,
C002001,2023-08-06,EU,Premium,Annual,10,82.85,76.22,1.0,11,user2001@example.com,test,1,moved
C002002,2022-01-13,EU,Basic,Two year,29,38.0,34.96,1.0,19,,train,1,competitor
C002003,2020-06-22,EU,Standard,Annual,48,54.21,49.87,2.0,27,user2003@example.com,train,0,
C002004,2020-02-23,EU,Premium,Two year,52,71.38,65.67,2.0,8,user2004@example.com,test,0,
C002005,2022-02-12,EU,Standard,Annual,28,68.31,62.85,1.0,23,user2005@example.com,train,1,service
C002006,2020-09-20,EU,Basic,Monthly,45,71.1,65.41,1.0,15,user2006@example.com,train,0,
C002007,2022-02-12,EU,Basic,,28,91.17,83.88,1.0,4,user2007@example.com,train,0,
C002008,2022-04-13,EU,Premium,Two year,26,80.63,74.18,1.0,10,,train,1,competitor
C002009,2022-11-09,EU,Basic,,19,120.36,110.73,1.0,21,user2009@example.com,train,0,
C002010,2020-04-23,EU,Basic,Monthly,50,122.39,112.6,0.0,19,user2010@example.com,test,0,
C002011,2019-09-26,EU,Premium,,57,84.42,77.67,4.0,4,,train,1,price
C002012,2023-01-08,EU,Basic,Monthly,17,29.42,27.07,2.0,1,,train,1,price
C002013,2021-12-14,EU,Basic,Annual,30,52.08,47.91,2.0,15,user2013@example.com,train,1,price
C002014,2020-08-21,EU,Basic,Monthly,46,68.11,62.66,2.0,24,user2014@example.com,test,0,
C002015,2022-07-12,EU,Standard,Monthly,23,60.13,55.32,1.0,4,user2015@example.com,train,1,competitor
C002016,2019-07-28,EU,Premium,Monthly,59,75.37,69.34,3.0,17,,train,1,service
C002017,2020-12-19,EU,Basic,Monthly,42,69.16,63.63,2.0,8,user2017@example.com,train,1,price
C002018,2019-08-27,EU,Standard,Monthly,58,65.5,60.26,0.0,17,user2018@example.com,train,0,
C002019,2023-02-07,EU,Basic,Monthly,16,73.74,67.84,2.0,3,,train,1,moved
C002020,2024-03-03,EU,Basic,Monthly,3,63.25,58.19,3.0,23,user2020@example.com,train,1,moved
C002021,2020-12-19,EU,Basic,Monthly,42,75.25,69.23,1.0,22,user2021@example.com,train,0,
C002022,2022-08-11,EU,Standard,Two year,22,73.31,67.45,3.0,26,,train,1,competitor
C002023,2020-04-23,EU,Basic,Monthly,50,55.72,51.26,0.0,25,,train,0,
C002024,2023-03-09,EU,Standard,Monthly,15,69.27,63.73,0.0,26,user2024@example.com,train,1,service
C002025,2019-04-29,EU,Premium,Annual,62,57.54,52.94,0.0,28,user2025@example.com,train,0,
C002026,2022-10-10,EU,Standard,Annual,20,73.86,67.95,1.0,8,user2026@example.com,test,1,competitor
C002027,2024-04-02,EU,Basic,Monthly,2,20.09,18.48,0.0,24,,train,1,moved
C002028,2022-11-09,EU,Basic,Annual,19,23.83,21.92,2.0,ten,,train,0,
C002029,2021-01-18,EU,Standard,Monthly,41,34.63,31.86,1.0,ten,user2029@example.com,train,1,moved
C002030,2023-10-05,EU,Premium,Monthly,8,75.98,69.9,3.0,29,user2030@example.com,train,1,moved
C002031,2023-11-04,EU,Standard,Annual,7,56.11,51.62,0.0,ten,,train,0,
C002032,2020-05-23,EU,Basic,Two year,49,38.37,35.3,1.0,17,user2032@example.com,test,0,
C002033,2020-01-24,EU,Basic,Annual,53,77.07,70.9,1.0,24,user2033@example.com,train,1,competitor
C002034,2023-02-07,EU,Basic,Monthly,16,34.3,31.56,2.0,10,user2034@example.com,test,1,price
C002035,2021-10-15,EU,Basic,Monthly,32,71.58,65.85,0.0,23,user2035@example.com,train,0,
C002036,2023-09-05,EU,Standard,Monthly,9,62.65,57.64,0.0,7,,train,1,price
C002037,2020-09-20,EU,Basic,Two year,45,48.12,44.27,1.0,25,user2037@example.com,train,0,
C002038,2019-10-26,EU,Standard,Two year,56,81.5,74.98,1.0,ten,user2038@example.com,test,0,
C002039,2021-10-15,EU,Basic,Annual,32,63.46,58.38,5.0,8,user2039@example.com,train,0,
C002040,2019-04-29,EU,Basic,Two year,62,64.81,59.63,1.0,fifteen,user2040@example.com,train,0,
C002041,2022-09-10,EU,Basic,Monthly,21,88.07,81.02,0.0,15,user2041@example.com,test,0,
C002042,2023-06-07,EU,Premium,Monthly,12,66.19,60.89,0.0,fifteen,,train,0,
C002043,2019-01-29,EU,Basic,Annual,65,77.05,70.89,3.0,18,user2043@example.com,test,0,
C002044,2019-06-28,EU,Standard,Monthly,60,67.3,61.92,2.0,13,user2044@example.com,train,0,
C002045,2019-11-25,EU,Basic,,55,39.84,36.65,1.0,14,user2045@example.com,train,0,
C002046,2024-05-02,EU,Standard,Monthly,1,88.6,81.51,1.0,ten,user2046@example.com,train,1,service
C002047,2019-05-29,EU,Standard,Annual,61,71.13,65.44,0.0,16,user2047@example.com,train,0,
C002048,2022-04-13,EU,Basic,Monthly,26,89.46,82.3,0.0,17,,train,1,moved
C002049,2021-01-18,EU,Basic,,41,73.52,67.64,0.0,9,user2049@example.com,test,1,moved
C002050,2021-11-14,EU,Basic,Monthly,31,63.91,58.8,1.0,1,,train,1,service
C002051,2020-04-23,EU,Standard,Monthly,50,99.65,91.68,1.0,29,user2051@example.com,train,1,price
C002052,2023-12-04,EU,Basic,Two year,6,43.59,40.1,0.0,17,,train,1,moved
C002053,2023-03-09,EU,Standard,Monthly,15,69.16,63.63,0.0,10,user2053@example.com,train,0,
C002054,2020-10-20,EU,Premium,Monthly,44,75.97,69.89,2.0,23,,train,1,service
C002055,2023-07-07,EU,Basic,Monthly,11,99.58,91.61,0.0,8,,train,1,service
C002056,2018-09-01,EU,Basic,Monthly,70,105.76,97.3,1.0,21,user2056@example.com,test,0,
C002057,2020-11-19,EU,Standard,Annual,43,79.82,73.43,2.0,fifteen,user2057@example.com,train,1,competitor
C002058,2021-09-15,EU,Standard,Two year,33,61.49,56.57,0.0,6,user2058@example.com,train,0,
C002059,2023-03-09,EU,Basic,Monthly,15,103.61,95.32,4.0,29,user2059@example.com,train,1,service
C002060,2020-01-24,EU,Standard,Monthly,53,59.65,54.88,4.0,24,user2060@example.com,test,1,service
C002061,2020-08-21,EU,Standard,Annual,46,78.65,72.36,1.0,8,user2061@example.com,test,1,
C002062,2020-09-20,EU,Basic,Monthly,45,48.85,44.94,3.0,17,,test,0,
C002063,2020-08-21,EU,Standard,Monthly,46,69.96,64.36,1.0,21,user2063@example.com,train,1,moved
C002064,2020-06-22,EU,Standard,Monthly,48,92.03,84.67,3.0,28,user2064@example.com,train,0,
C002065,2019-04-29,EU,Standard,Annual,62,61.78,56.84,2.0,ten,user2065@example.com,train,0,
C002066,2022-11-09,EU,Standard,Monthly,19,42.21,38.83,1.0,7,user2066@example.com,train,0,
C002067,2020-06-22,EU,Standard,Monthly,48,41.43,38.12,2.0,3,user2067@example.com,train,0,
C002068,2022-10-10,EU,premium,Monthly,20,63.0,57.96,1.0,9,,train,0,
C002069,2019-10-26,EU,Standard,Monthly,56,57.01,52.45,0.0,2,user2069@example.com,train,0,
C002070,2023-07-07,EU,Standard,Monthly,11,62.66,57.65,1.0,24,user2070@example.com,train,1,moved
C002071,2020-03-24,EU,Basic,Annual,51,51.28,47.18,4.0,23,user2071@example.com,train,1,price
C002072,2023-05-08,EU,Standard,Annual,13,52.4,48.21,0.0,19,user2072@example.com,train,0,
C002073,2018-11-30,EU,Basic,Monthly,67,72.55,66.75,2.0,22,user2073@example.com,test,0,
C002074,2020-05-23,EU,Premium,,49,87.42,80.43,0.0,10,user2074@example.com,test,0,
C002075,2024-02-02,EU,Standard,Monthly,4,103.62,95.33,2.0,24,,train,1,price
C002076,2023-07-07,EU,Premium,Monthly,11,56.09,51.6,1.0,12,user2076@example.com,train,1,service
C002077,2021-07-17,EU,Basic,Monthly,35,54.94,50.54,2.0,22,user2077@example.com,train,1,service
C002078,2024-05-02,EU,Premium,Monthly,1,72.84,67.01,0.0,29,user2078@example.com,train,1,price
C002079,2023-07-07,EU,Basic,Monthly,11,90.74,83.48,2.0,1,user2079@example.com,train,1,service
C002080,2023-11-04,EU,Standard,Monthly,7,52.19,48.01,1.0,17,,test,1,price
C002081,2018-10-01,EU,Basic,Monthly,69,104.59,96.22,1.0,1,user2081@example.com,train,0,
C002082,2020-05-23,EU,Standard,Annual,49,94.05,86.53,2.0,29,user2082@example.com,train,0,
C002083,2024-04-02,EU,Premium,Monthly,2,43.99,40.47,2.0,4,user2083@example.com,train,1,competitor
C002084,2018-10-01,EU,Basic,Monthly,69,117.13,107.76,0.0,11,,train,0,
C002085,2022-05-13,EU,Basic,Monthly,25,23.54,21.66,2.0,22,,train,1,competitor
C002086,2021-06-17,EU,Standard,,36,31.22,28.72,0.0,ten,,train,0,
C002087,2021-11-14,EU,Standard,Two year,31,60.54,55.7,1.0,25,user2087@example.com,test,0,
C002088,2021-03-19,EU,Basic,Annual,39,115.64,106.39,0.0,twenty,,train,0,
C002089,2020-05-23,EU,Basic,Monthly,49,74.52,68.56,3.0,18,user2089@example.com,train,1,competitor
C002090,2019-04-29,EU,Standard,Annual,62,77.61,71.4,3.0,15,user2090@example.com,train,0,
C002091,2024-05-02,EU,Standard,Monthly,1,66.77,61.43,1.0,5,,train,1,service
C002092,2018-09-01,EU,Standard,Annual,70,43.46,39.98,0.0,10,user2092@example.com,test,0,
C002093,2018-12-30,EU,Standard,Annual,66,73.1,67.25,0.0,22,,train,0,
C002094,2019-01-29,EU,Basic,Monthly,65,71.27,65.57,2.0,7,user2094@example.com,train,0,
C002095,2020-03-24,EU,Basic,Two year,51,50.87,46.8,2.0,twenty,user2095@example.com,train,0,
C002096,2023-11-04,EU,Basic,Annual,7,48.38,44.51,1.0,6,user2096@example.com,train,1,price
C002097,2020-03-24,EU,Premium,Two year,51,56.33,51.82,3.0,6,,test,0,
C002098,2021-07-17,EU,Basic,Monthly,35,67.02,61.66,1.0,26,user2098@example.com,train,1,competitor
C002099,2022-12-09,EU,Standard,Monthly,18,47.01,43.25,0.0,14,user2099@example.com,train,1,service
C002100,2023-12-04,EU,Basic,Annual,6,98.73,90.83,1.0,7,user2100@example.com,train,1,price
C002101,2018-08-02,EU,Basic,Annual,71,54.81,50.43,2.0,23,user2101@example.com,test,0,
C002102,2019-07-28,EU,Premium,Monthly,59,92.27,84.89,1.0,28,,test,0,
C002103,2021-06-17,EU,Basic,Monthly,36,77.24,71.06,1.0,15,user2103@example.com,train,0,
C002104,2019-03-30,EU,Basic,Monthly,63,67.71,62.29,2.0,22,user2104@example.com,train,0,
C002105,2022-07-12,EU,Standard,Annual,23,96.6,88.87,2.0,1,,train,1,moved
C002106,2023-06-07,EU,Basic,Annual,12,70.77,65.11,1.0,14,user2106@example.com,train,1,moved
C002107,2022-03-14,EU,Standard,Monthly,27,82.44,75.84,1.0,18,,train,1,competitor
C002108,2024-05-02,EU,Basic,Monthly,1,103.0,94.76,1.0,14,,test,0,
C002109,2019-04-29,EU,Basic,,62,37.22,34.24,0.0,13,user2109@example.com,train,0,
C002110,2023-05-08,EU,Premium,Monthly,13,57.69,53.07,0.0,11,,test,1,competitor
C002111,2021-11-14,EU,Standard,Monthly,31,20.0,18.4,2.0,7,user2111@example.com,test,0,moved
C002112,2019-09-26,EU,Basic,Monthly,57,35.43,32.6,5.0,23,,test,1,competitor
C002113,2019-07-28,EU,Standard,Annual,59,41.27,37.97,1.0,16,user2113@example.com,train,0,
C002114,2022-07-12,EU,Standard,Monthly,23,38.38,35.31,0.0,23,user2114@example.com,train,1,price
C002115,2023-09-05,EU,Premium,Monthly,9,46.35,42.64,2.0,28,user2115@example.com,train,1,price
C002116,2022-09-10,EU,Premium,Monthly,21,99.01,91.09,0.0,2,user2116@example.com,test,0,
C002117,2021-01-18,EU,Standard,Monthly,41,68.66,63.17,1.0,26,user2117@example.com,train,0,
C002118,2023-09-05,EU,Basic,,9,52.91,48.68,2.0,16,user2118@example.com,test,1,competitor
C002119,2022-12-09,EU,Basic,Two year,18,97.15,89.38,1.0,ten,user2119@example.com,test,0,
C002120,2019-08-27,EU,Standard,Annual,58,92.41,85.02,2.0,28,user2120@example.com,test,1,price
C002121,2024-01-03,EU,Standard,Monthly,5,69.5,63.94,3.0,27,user2121@example.com,train,1,service
C002122,2019-10-26,EU,premium,Annual,56,117.15,107.78,1.0,20,,train,0,
C002123,2024-05-02,EU,Standard,Two year,1,64.62,59.45,0.0,19,user2123@example.com,test,0,
C002124,2020-04-23,EU,Standard,Annual,50,74.06,68.14,2.0,26,user2124@example.com,train,1,moved
C002125,2024-02-02,EU,Basic,,4,62.96,57.92,1.0,19,user2125@example.com,train,1,service
C002126,2020-01-24,EU,Basic,Two year,53,67.56,62.16,0.0,22,user2126@example.com,train,0,
C002127,2022-07-12,EU,Basic,Monthly,23,59.73,54.95,0.0,28,,train,1,moved
C002128,2022-01-13,EU,Standard,Monthly,29,82.19,75.61,2.0,6,user2128@example.com,train,1,
C002129,2023-12-04,EU,Standard,Annual,6,72.02,66.26,1.0,6,,train,0,
C002130,2022-12-09,EU,Standard,Two year,18,92.88,85.45,0.0,13,user2130@example.com,test,1,service
C002131,2020-01-24,EU,Premium,Annual,53,69.82,64.23,2.0,14,,train,0,
C002132,2019-07-28,EU,Standard,Two year,59,62.77,57.75,1.0,8,user2132@example.com,train,0,
C002133,2020-10-20,EU,Basic,Annual,44,67.12,61.75,1.0,23,user2133@example.com,train,0,
C002134,2020-10-20,EU,Basic,Two year,44,140.76,129.5,1.0,12,,test,0,
C002135,2019-08-27,EU,Basic,Annual,58,80.66,74.21,0.0,27,user2135@example.com,train,1,service
C002136,2018-11-30,EU,Standard,Monthly,67,20.0,18.4,1.0,2,user2136@example.com,test,1,competitor
C002137,2020-03-24,EU,Standard,Annual,51,109.74,100.96,1.0,29,,train,0,
C002138,2022-03-14,EU,Basic,Annual,27,64.87,59.68,2.0,4,user2138@example.com,test,0,
C002139,2024-02-02,EU,Basic,Two year,4,80.47,74.03,0.0,17,user2139@example.com,train,1,price
C002140,2021-02-17,EU,Premium,Monthly,40,67.99,62.55,0.0,19,user2140@example.com,train,1,
C002141,2021-12-14,EU,Standard,Monthly,30,75.65,69.6,2.0,3,user2141@example.com,train,1,moved
C002142,2023-07-07,EU,Standard,Annual,11,83.84,77.13,0.0,29,,test,0,
C002143,2019-06-28,EU,Premium,,60,111.72,102.78,0.0,7,user2143@example.com,train,0,
C002144,2022-12-09,EU,Standard,Annual,18,45.08,41.47,0.0,fifteen,user2144@example.com,train,0,
C002145,2021-12-14,EU,Basic,Two year,30,94.96,87.36,1.0,24,,train,0,
C002146,2023-09-05,EU,Basic,Monthly,9,74.14,68.21,2.0,13,,train,1,service
C002147,2020-04-23,EU,Premium,Two year,50,44.68,41.11,2.0,11,user2147@example.com,test,1,competitor
C002148,2022-06-12,EU,Standard,Monthly,24,33.9,31.19,4.0,4,,train,1,price
C002149,2020-07-22,EU,Standard,Annual,47,51.18,47.09,0.0,29,user2149@example.com,train,0,
C002150,2018-10-31,EU,Standard,Two year,68,48.09,44.24,1.0,26,,test,0,
C002151,2022-05-13,EU,Premium,Annual,25,44.83,41.24,0.0,22,,train,0,
C002152,2024-02-02,EU,Standard,Monthly,4,90.33,83.1,1.0,11,user2152@example.com,train,1,moved
C002153,2020-12-19,EU,Basic,Two year,42,72.67,66.86,1.0,1,user2153@example.com,train,0,
C002154,2023-04-08,EU,Premium,Annual,14,57.15,52.58,1.0,14,,train,1,moved
C002155,2018-12-30,EU,Basic,Monthly,66,95.94,88.26,0.0,11,user2155@example.com,train,0,
C002156,2023-07-07,EU,Standard,Annual,11,20.0,18.4,1.0,7,,train,0,
C002157,2023-05-08,EU,Basic,Two year,13,121.83,112.08,0.0,0,user2157@example.com,train,1,price
C002158,2021-03-19,EU,Standard,Annual,39,96.34,88.63,2.0,9,user2158@example.com,train,0,
C002159,2023-01-08,EU,Standard,Monthly,1700,87.56,80.56,1.0,1,,train,1,price
C002160,2024-05-02,EU,Standard,Monthly,1,82.78,76.16,2.0,5,user2160@example.com,train,1,moved
C002161,2022-12-09,EU,Basic,Monthly,18,78.32,72.05,4.0,1,user2161@example.com,train,1,service
C002162,2018-10-01,EU,Standard,,69,93.69,86.19,0.0,2,user2162@example.com,train,0,
C002163,2022-08-11,EU,Standard,Annual,22,112.32,103.33,1.0,22,user2163@example.com,train,1,service
C002164,2021-09-15,EU,Premium,Monthly,33,64.78,59.6,2.0,15,user2164@example.com,test,1,price
C002165,2024-02-02,EU,Basic,Monthly,4,80.28,73.86,1.0,5,user2165@example.com,train,1,competitor
C002166,2022-08-11,EU,Basic,Monthly,22,85.92,79.05,1.0,0,user2166@example.com,train,0,
C002167,2018-08-02,EU,Basic,Two year,71,80.22,73.8,0.0,15,,test,0,
C002168,2022-05-13,EU,Standard,,25,62.48,57.48,0.0,26,,train,0,
C002169,2019-02-28,EU,Premium,Monthly,64,67.23,61.85,2.0,11,,test,0,
C002170,2019-08-27,EU,Premium,Annual,58,43.42,39.95,1.0,29,user2170@example.com,train,0,
C002171,2018-10-31,EU,Basic,Two year,68,93.77,86.27,2.0,10,,test,0,
C002172,2021-10-15,EU,Standard,Monthly,32,81.22,74.72,3.0,ten,user2172@example.com,train,1,price
C002173,2022-02-12,EU,Standard,Monthly,28,37.28,34.3,0.0,14,user2173@example.com,train,0,
C002174,2024-04-02,EU,Standard,Monthly,2,68.44,62.96,1.0,29,user2174@example.com,train,1,price
C002175,2024-02-02,EU,Basic,Monthly,4,79.84,73.45,1.0,5,user2175@example.com,train,1,moved
C002176,2023-11-04,EU,Basic,Annual,7,26.37,24.26,4.0,19,user2176@example.com,train,0,
C002177,2021-05-18,EU,Basic,Two year,37,21.2,19.5,0.0,8,,test,0,
C002178,2018-08-02,EU,Basic,Monthly,71,69.66,64.09,1.0,22,user2178@example.com,train,0,
C002179,2024-03-03,EU,Standard,Monthly,3,102.87,94.64,0.0,4,user2179@example.com,train,1,service
C002180,2021-07-17,EU,Standard,Annual,35,77.9,71.67,3.0,14,user2180@example.com,train,0,
C002181,2019-08-27,EU,Premium,Monthly,58,69.45,63.89,1.0,25,,train,0,
C002182,2021-04-18,EU,Premium,Two year,38,51.74,47.6,3.0,22,user2182@example.com,train,0,
C002183,2021-05-18,EU,Basic,,37,80.07,73.66,0.0,27,user2183@example.com,train,0,
C002184,2023-08-06,EU,Standard,,10,39.22,36.08,0.0,10,user2184@example.com,test,1,competitor
C002185,2022-04-13,EU,Basic,Annual,26,66.67,61.34,1.0,1,,train,0,
C002186,2019-10-26,EU,Basic,Monthly,56,42.14,38.77,4.0,5,user2186@example.com,train,0,
C002187,2020-04-23,EU,Premium,Monthly,50,88.81,81.71,1.0,4,user2187@example.com,train,0,
C002188,2018-10-31,EU,Standard,Two year,68,52.23,48.05,3.0,29,user2188@example.com,train,1,service
C002189,2024-03-03,EU,Standard,Monthly,3,20.0,18.4,1.0,18,user2189@example.com,test,1,competitor
C002190,2018-10-01,EU,Basic,Monthly,69,37.76,34.74,1.0,28,user2190@example.com,train,0,
C002191,2021-09-15,EU,Standard,Annual,33,68.01,62.57,1.0,17,user2191@example.com,test,0,
C002192,2018-12-30,EU,Standard,Monthly,66,89.14,82.01,0.0,18,,train,0,
C002193,2020-09-20,EU,Basic,Monthly,45,92.17,84.8,0.0,10,user2193@example.com,train,0,
C002194,2019-08-27,EU,Premium,Monthly,58,46.62,42.89,0.0,24,user2194@example.com,train,0,
C002195,2018-10-01,EU,Basic,Monthly,69,68.65,63.16,1.0,27,user2195@example.com,train,0,
C002196,2018-10-01,EU,Basic,Annual,69,56.97,52.41,1.0,11,,test,0,
C002197,2022-03-14,EU,Standard,Annual,27,62.81,57.79,1.0,10,user2197@example.com,train,1,price
C002198,2024-02-02,EU,Basic,Annual,4,59.4,54.65,1.0,11,,test,1,service
C002199,2019-05-29,EU,Premium,Two year,61,91.14,83.85,1.0,29,user2199@example.com,train,1,price
C002200,2019-07-28,EU,Standard,Monthly,59,60.83,55.96,1.0,13,user2200@example.com,train,0,
C002201,2020-10-20,EU,Standard,Annual,44,103.88,95.57,0.0,17,user2201@example.com,train,0,
C002202,2023-09-05,EU,Basic,Two year,9,77.2,71.02,1.0,21,,train,1,service
C002203,2020-03-24,EU,Basic,Annual,51,56.35,51.84,1.0,4,user2203@example.com,train,0,
C002204,2023-07-07,EU,Standard,,11,56.85,52.3,2.0,10,user2204@example.com,train,1,moved
C002205,2019-03-30,EU,Standard,,63,86.76,79.82,1.0,twenty,user2205@example.com,train,0,
C002206,2024-02-02,EU,Standard,,4,67.94,62.5,2.0,8,,train,1,service
C002207,2018-09-01,EU,Premium,Monthly,70,81.15,74.66,2.0,15,user2207@example.com,train,1,price
C002208,2022-07-12,EU,Basic,Monthly,23,72.81,66.99,2.0,25,,test,1,price
C002209,2020-06-22,EU,Standard,Annual,48,49.55,45.59,0.0,24,user2209@example.com,train,0,
C002210,2018-09-01,EU,Standard,Monthly,70,70.41,64.78,2.0,13,user2210@example.com,train,1,moved
C002211,2021-06-17,EU,Premium,Two year,36,86.85,79.9,2.0,3,user2211@example.com,train,0,
C002212,2024-05-02,EU,Standard,Monthly,1,130.11,119.7,0.0,27,,train,1,service
C002213,2022-06-12,EU,Standard,Annual,24,27.58,25.37,2.0,3,user2213@example.com,train,0,
C002214,2023-11-04,EU,Standard,Annual,7,31.66,29.13,1.0,25,,test,0,
C002215,2022-06-12,EU,Basic,Monthly,24,53.94,49.62,1.0,17,user2215@example.com,train,0,
C002216,2021-12-14,EU,Premium,Annual,30,118.24,108.78,4.0,3,,train,0,
C002217,2023-05-08,EU,Basic,Annual,13,35.59,32.74,1.0,23,user2217@example.com,train,1,moved
C002218,2020-10-20,EU,Basic,Two year,44,61.43,56.52,4.0,13,,test,0,
C002219,2023-06-07,EU,Premium,Monthly,12,77.16,70.99,1.0,17,user2219@example.com,train,1,price
C002220,2022-06-12,EU,Premium,Monthly,24,60.7,55.84,1.0,20,user2220@example.com,test,1,moved
C002221,2018-10-01,EU,Standard,Monthly,69,71.6,65.87,1.0,21,user2221@example.com,train,0,
C002222,2024-01-03,EU,Basic,Two year,5,76.73,70.59,1.0,8,,test,1,service
C002223,2022-07-12,EU,Premium,Monthly,23,71.33,65.62,0.0,13,user2223@example.com,train,1,competitor
C002224,2022-07-12,EU,Standard,Annual,23,44.59,41.02,1.0,15,user2224@example.com,train,1,moved
C002225,2020-03-24,EU,Basic,Monthly,51,89.79,82.61,0.0,17,,train,1,price
C002226,2023-05-08,EU,Standard,Annual,13,58.7,54.0,2.0,11,user2226@example.com,test,0,
C002227,2023-02-07,EU,Basic,,16,81.58,75.05,1.0,25,,test,1,service
C002228,2019-09-26,EU,Standard,Monthly,57,74.05,68.13,1.0,3,user2228@example.com,train,0,
C002229,2020-07-22,EU,Basic,Monthly,47,92.88,85.45,1.0,11,user2229@example.com,train,1,competitor
C002230,2021-01-18,EU,Premium,Monthly,41,57.35,52.76,1.0,19,user2230@example.com,train,0,
C002231,2019-08-27,EU,Basic,Two year,58,73.97,68.05,3.0,11,user2231@example.com,train,0,
C002232,2019-05-29,EU,Standard,Annual,61,70.68,65.03,0.0,0,,train,0,
C002233,2022-12-09,EU,Basic,Monthly,18,32.07,29.5,1.0,11,user2233@example.com,train,0,
C002234,2020-08-21,EU,Standard,Annual,46,62.02,57.06,0.0,19,user2234@example.com,test,0,
C002235,2020-02-23,EU,Standard,Two year,52,118.9,109.39,1.0,26,user2235@example.com,test,0,
C002236,2023-02-07,EU,Basic,Annual,16,52.49,48.29,1.0,28,user2236@example.com,train,1,price
C002237,2023-11-04,EU,Standard,Monthly,7,32.33,29.74,2.0,8,,train,1,moved
C002238,2022-11-09,EU,Standard,,19,95.31,87.69,4.0,6,user2238@example.com,train,1,price
C002239,2020-11-19,EU,Standard,Annual,43,123.96,114.04,1.0,24,user2239@example.com,train,1,price
C002240,2021-10-15,EU,Standard,Monthly,32,62.06,57.1,2.0,fifteen,user2240@example.com,train,1,moved
C002241,2018-08-02,EU,Basic,Monthly,71,91.27,83.97,1.0,ten,user2241@example.com,train,0,
C002242,2018-09-01,EU,Basic,Two year,70,93.75,86.25,2.0,28,,train,0,
C002243,2018-11-30,EU,Basic,Monthly,67,69.96,64.36,2.0,1,user2243@example.com,train,0,
C002244,2021-06-17,EU,Basic,Annual,36,59.12,54.39,0.0,10,,train,0,
C002245,2020-03-24,EU,Basic,,51,87.63,80.62,1.0,1,,train,1,price
C002246,2024-04-02,EU,Standard,Annual,2,108.21,99.55,0.0,ten,user2246@example.com,train,1,service
C002247,2018-12-30,EU,Basic,Monthly,66,93.6,86.11,2.0,6,,train,1,competitor
C002248,2024-03-03,EU,Basic,Monthly,3,64.27,59.13,0.0,20,user2248@example.com,train,1,price
C002249,2020-04-23,EU,Basic,Monthly,50,52.25,48.07,1.0,ten,user2249@example.com,test,1,competitor
C002250,2021-01-18,EU,Standard,Annual,41,56.99,52.43,1.0,4,user2250@example.com,test,1,service
C002251,2019-05-29,EU,Standard,Annual,61,55.61,51.16,1.0,twenty,user2251@example.com,train,0,
C002252,2020-03-24,EU,Premium,Monthly,51,90.68,83.43,0.0,27,user2252@example.com,train,0,
C002253,2022-07-12,EU,Standard,Monthly,23,124.03,114.11,1.0,23,,train,1,price
C002254,2022-02-12,EU,Standard,Annual,28,67.97,62.53,1.0,24,user2254@example.com,train,0,
C002255,2021-01-18,EU,Basic,,41,82.47,75.87,0.0,24,user2255@example.com,train,0,
C002256,2024-02-02,EU,Basic,Monthly,4,85.9,79.03,0.0,3,user2256@example.com,train,1,service
C002257,2022-11-09,EU,Basic,Monthly,19,72.23,66.45,0.0,25,user2257@example.com,train,1,price
C002258,2019-08-27,EU,Basic,Annual,58,88.52,81.44,1.0,0,user2258@example.com,train,0,
C002259,2024-01-03,EU,Basic,Monthly,5,58.49,53.81,0.0,22,user2259@example.com,train,0,
C002260,2022-07-12,EU,Standard,Two year,23,86.87,79.92,0.0,8,,train,0,
C002261,2019-02-28,EU,Basic,Annual,64,60.59,55.74,0.0,25,,train,1,
C002262,2022-06-12,EU,Standard,Two year,24,45.54,41.9,0.0,16,user2262@example.com,train,0,
C002263,2024-03-03,EU,Standard,Monthly,3,75.67,69.62,1.0,8,,train,1,service
C002264,2023-05-08,EU,Premium,Monthly,13,56.74,52.2,1.0,29,user2264@example.com,train,1,price
C002265,2023-07-07,EU,Basic,Monthly,11,51.2,47.1,2.0,18,,train,1,moved
C002266,2020-01-24,EU,Basic,Two year,53,58.29,53.63,2.0,10,,train,0,
C002267,2019-06-28,EU,Basic,Monthly,60,95.41,87.78,1.0,24,user2267@example.com,train,0,
C002268,2020-11-19,EU,Standard,Annual,43,127.73,117.51,1.0,18,,test,0,
C002269,2024-05-02,EU,Standard,Monthly,1,51.14,47.05,1.0,21,,train,1,price
C002270,2024-02-02,EU,Standard,Monthly,4,93.41,85.94,1.0,5,,train,1,moved
C002271,2022-05-13,EU,Basic,Monthly,25,75.31,69.29,0.0,17,user2271@example.com,train,0,
C002272,2023-10-05,EU,Basic,Annual,8,102.37,94.18,0.0,11,user2272@example.com,test,1,moved
C002273,2023-02-07,EU,Basic,Monthly,16,20.0,18.4,1.0,15,user2273@example.com,train,1,moved
C002274,2024-03-03,EU,Basic,Monthly,3,75.58,69.53,2.0,7,user2274@example.com,train,1,competitor
C002275,2024-04-02,EU,Standard,Annual,2,93.87,86.36,0.0,22,user2275@example.com,train,0,
C002276,2021-05-18,EU,Basic,Two year,37,20.35,18.72,2.0,18,,train,0,
C002277,2021-04-18,EU,Basic,Two year,38,102.32,94.13,1.0,twenty,user2277@example.com,train,0,
C002278,2019-03-30,EU,Standard,Monthly,63,44.8,41.22,1.0,5,,train,0,
C002279,2019-11-25,EU,Premium,Monthly,55,58.63,53.94,2.0,22,user2279@example.com,train,0,
C002280,2023-07-07,EU,Basic,Annual,11,56.61,52.08,1.0,20,,train,1,competitor
C002281,2022-01-13,EU,Basic,Monthly,29,67.44,62.04,0.0,21,user2281@example.com,train,1,moved
C002282,2020-02-23,EU,Standard,Monthly,52,95.72,88.06,1.0,21,user2282@example.com,train,0,
C002283,2020-01-24,EU,Standard,Two year,53,50.87,46.8,1.0,10,user2283@example.com,train,0,
C002284,2019-12-25,EU,Basic,Monthly,54,97.31,89.53,2.0,23,,test,0,
C002285,2021-08-16,EU,Basic,Monthly,34,89.18,82.05,0.0,23,user2285@example.com,train,0,
C002286,2021-02-17,EU,Standard,Two year,40,83.23,76.57,1.0,7,,train,0,
C002287,2018-08-02,EU,Premium,Monthly,71,97.56,89.76,0.0,9,,test,0,
C002288,2023-04-08,EU,Standard,Monthly,14,102.71,94.49,3.0,3,,train,1,price
C002289,2023-07-07,EU, Premium ,Monthly,11,48.87,44.96,0.0,19,user2289@example.com,train,0,
C002290,2021-04-18,EU,Basic,Monthly,38,84.33,77.58,2.0,17,user2290@example.com,train,1,service
C002291,2020-05-23,EU,Standard,Annual,49,59.69,54.91,2.0,19,,train,1,price
C002292,2022-09-10,EU,Basic,Monthly,21,37.42,34.43,0.0,11,user2292@example.com,test,1,moved
C002293,2023-07-07,EU,Standard,Monthly,11,45.88,42.21,2.0,22,user2293@example.com,train,1,moved
C002294,2019-08-27,EU,Premium,Monthly,58,51.84,47.69,2.0,0,user2294@example.com,train,1,moved
C002295,2020-07-22,EU,Premium,Monthly,47,45.71,42.05,0.0,13,user2295@example.com,train,0,
C002296,2019-10-26,EU,Standard,Annual,56,57.1,52.53,1.0,25,user2296@example.com,train,0,
C002297,2023-12-04,EU,Basic,Two year,6,72.88,67.05,2.0,27,,train,1,price
C002298,2022-10-10,EU,Basic,Monthly,20,35.79,32.93,3.0,13,,test,0,
C002299,2023-07-07,EU,Basic,Monthly,11,102.8,94.58,3.0,20,,train,1,service
C002300,2023-06-07,EU,Standard,Monthly,12,69.43,63.88,1.0,8,user2300@example.com,test,0,
C002301,2022-01-13,EU,Standard,Monthly,29,109.89,101.1,0.0,20,,train,0,
C002302,2022-09-10,EU,Standard,,21,85.34,78.51,1.0,15,user2302@example.com,train,1,competitor
C002303,2018-10-01,EU,Basic,Annual,69,71.14,65.45,1.0,28,user2303@example.com,train,0,
C002304,2021-05-18,EU,Standard,Annual,37,70.43,64.8,0.0,0,user2304@example.com,train,0,
C002305,2020-05-23,EU,Standard,Two year,49,25.22,23.2,1.0,17,user2305@example.com,train,1,price
C002306,2024-01-03,EU,Standard,Annual,5,43.46,39.98,0.0,11,user2306@example.com,train,1,service
C002307,2020-10-20,EU,Basic,Monthly,44,32.77,30.15,0.0,6,user2307@example.com,train,0,
C002308,2018-11-30,EU,Standard,Annual,67,104.35,96.0,0.0,twenty,user2308@example.com,train,0,
C002309,2020-06-22,EU,Standard,Monthly,48,51.84,47.69,1.0,10,,train,0,
C002310,2023-02-07,EU,Standard,Annual,16,92.92,85.49,1.0,0,,train,1,price
C002311,2020-03-24,EU,Basic,Monthly,51,71.71,65.97,1.0,20,user2311@example.com,test,0,
C002312,2019-03-30,EU,Basic,Annual,63,71.24,65.54,3.0,27,user2312@example.com,test,0,
C002313,2020-10-20,EU,Basic,,44,87.63,80.62,1.0,11,,train,0,
C002314,2022-11-09,EU,Basic,Two year,19,62.39,57.4,2.0,2,,train,0,
C002315,2021-07-17,EU,Standard,Annual,35,40.6,37.35,1.0,4,user2315@example.com,train,1,competitor
C002316,2020-01-24,EU,Standard,Annual,53,51.7,47.56,0.0,29,,test,0,
C002317,2021-07-17,EU,Standard,Monthly,35,127.24,117.06,0.0,18,user2317@example.com,train,0,
C002318,2020-08-21,EU,Basic,,46,108.82,100.11,0.0,0,user2318@example.com,test,1,competitor
C002319,2022-05-13,EU,Standard,Monthly,25,66.56,61.24,2.0,4,user2319@example.com,train,0,moved
C002320,2021-08-16,EU,Standard,Annual,34,60.14,55.33,1.0,8,user2320@example.com,train,0,
C002321,2021-12-14,EU,Basic,Annual,30,78.45,72.17,2.0,13,,train,0,
C002322,2019-02-28,EU,Standard,Monthly,64,119.58,110.01,2.0,12,user2322@example.com,train,1,price
C002323,2019-06-28,EU,Standard,Monthly,60,82.66,76.05,1.0,28,,train,0,
C002324,2019-03-30,EU,Standard,Annual,63,62.07,57.1,0.0,14,,train,0,
C002325,2024-05-02,EU,Standard,Monthly,1,58.13,53.48,2.0,4,user2325@example.com,test,1,moved
C002326,2023-05-08,EU,Standard,Monthly,13,41.16,37.87,0.0,11,,test,0,
C002327,2020-10-20,EU,Basic,Annual,44,83.58,76.89,1.0,27,,test,0,
C002328,2019-12-25,EU,Basic,,54,56.59,52.06,0.0,28,user2328@example.com,train,0,
C002329,2023-05-08,EU,Standard,Two year,13,55.06,50.66,0.0,4,user2329@example.com,train,0,
C002330,2022-11-09,EU,Basic,Monthly,19,113.85,104.74,1.0,2,user2330@example.com,train,0,
C002331,2018-10-01,EU,Premium,Monthly,69,62.79,57.77,1.0,0,user2331@example.com,train,0,
C002332,2020-12-19,EU,Basic,Monthly,42,38.96,35.84,0.0,26,user2332@example.com,train,0,
C002333,2022-01-13,EU,Premium,Two year,29,106.08,97.59,0.0,29,,train,0,
C002334,2024-02-02,EU,Basic,Annual,4,52.14,47.97,2.0,28,,test,1,price
C002335,2021-02-17,EU,Standard,Monthly,40,119.72,110.14,1.0,24,user2335@example.com,train,1,price
C002336,2024-05-02,EU,Standard,Monthly,1,124.38,114.43,1.0,15,user2336@example.com,test,1,price
C002337,2021-05-18,EU,Basic,Monthly,37,40.8,37.54,0.0,15,,test,0,
C002338,2023-03-09,EU,Standard,Annual,15,72.54,66.74,2.0,6,user2338@example.com,train,1,moved
C002339,2020-01-24,EU,Premium,Monthly,53,49.11,45.18,0.0,28,user2339@example.com,train,0,
C002340,2022-12-09,EU,Basic,Monthly,18,95.0,87.4,1.0,20,user2340@example.com,test,1,service
C002341,2023-01-08,EU,Standard,Annual,17,81.35,74.84,0.0,4,,train,0,
C002342,2021-03-19,EU,Premium,,39,96.07,88.38,2.0,13,,train,0,
C002343,2023-08-06,EU,Standard,Monthly,10,77.57,71.36,2.0,10,,train,0,
C002344,2022-12-09,EU,Basic,Annual,18,83.58,76.89,0.0,22,,train,0,
C002345,2023-04-08,EU,Basic,Two year,14,49.21,45.27,1.0,15,user2345@example.com,test,0,
C002346,2021-02-17,EU,Basic,Monthly,40,105.6,97.15,4.0,21,,train,1,price
C002347,2019-02-28,EU,Standard,,64,77.13,70.96,3.0,18,user2347@example.com,train,1,competitor
C002348,2022-06-12,EU,Standard,Annual,24,43.69,40.19,3.0,17,user2348@example.com,train,1,price
C002349,2019-03-30,EU,Premium,Monthly,63,51.85,47.7,1.0,18,user2349@example.com,train,0,
C002350,2022-08-11,EU,Standard,Two year,22,59.28,54.54,1.0,15,,train,1,price
C002351,2023-09-05,EU,Premium,Annual,9,137.37,126.38,4.0,16,user2351@example.com,train,1,price
C002352,2019-03-30,EU,Standard,Monthly,63,70.13,64.52,2.0,ten,,train,1,price
C002353,2023-02-07,EU,Basic,Monthly,16,126.78,116.64,1.0,10,user2353@example.com,train,0,
C002354,2021-01-18,EU,Basic,Annual,41,40.88,37.61,0.0,18,user2354@example.com,train,0,
C002355,2023-12-04,EU,Standard,Annual,6,116.89,107.54,3.0,10,user2355@example.com,test,1,competitor
C002356,2022-01-13,EU,Basic,Monthly,29,97.31,89.53,0.0,0,,train,0,
C002357,2022-02-12,EU,Basic,Monthly,28,96.2,88.5,0.0,22,user2357@example.com,train,1,price
C002358,2020-11-19,EU,Basic,Monthly,43,48.51,44.63,2.0,27,user2358@example.com,train,0,
C002359,2024-05-02,EU,Basic,Annual,1,38.34,35.27,3.0,4,user2359@example.com,train,1,service
C002360,2024-02-02,EU,Standard,Monthly,4,145.9,134.23,0.0,4,user2360@example.com,train,1,price
C002361,2021-06-17,EU,Standard,Annual,36,100.74,92.68,0.0,ten,user2361@example.com,train,0,
C002362,2022-11-09,EU,Standard,Two year,19,56.94,52.38,0.0,29,,train,0,
C002363,2019-09-26,EU,Standard,Annual,57,35.62,32.77,3.0,19,,test,0,
C002364,2021-08-16,EU,Basic,,34,53.71,49.41,0.0,24,user2364@example.com,test,0,
C002365,2021-04-18,EU,Basic,Monthly,38,91.76,84.42,1.0,12,user2365@example.com,train,1,competitor
C002366,2020-10-20,EU,Basic,Two year,44,84.26,77.52,1.0,5,user2366@example.com,train,0,
C002367,2022-12-09,EU,Premium,,18,82.41,75.82,0.0,13,,train,1,service
C002368,2020-08-21,EU,Standard,Monthly,46,90.76,83.5,2.0,18,,train,1,price
C002369,2024-04-02,EU,Premium,Monthly,2,40.74,37.48,2.0,ten,user2369@example.com,train,1,price
C002370,2021-08-16,EU,Basic,Annual,34,91.99,84.63,0.0,1,,test,1,moved
C002371,2019-03-30,EU,Basic,,63,73.13,67.28,1.0,20,,train,1,service
C002372,2020-11-19,EU,Premium,Monthly,43,65.7,60.44,1.0,10,user2372@example.com,train,0,
C002373,2021-01-18,EU,Standard,Annual,41,93.38,85.91,0.0,2,,test,1,service
C002374,2019-09-26,EU,Standard,Two year,57,65.32,60.09,2.0,13,,test,0,
C002375,2020-01-24,EU,Standard,Two year,53,95.72,88.06,1.0,2,user2375@example.com,train,0,
C002376,2022-05-13,EU,Premium,Monthly,25,81.86,75.31,0.0,9,user2376@example.com,train,1,moved
C002377,2021-11-14,EU,Standard,Annual,31,58.23,53.57,1.0,3,user2377@example.com,train,1,moved
C002378,2022-07-12,EU,Basic,Annual,23,57.62,53.01,1.0,20,,test,0,
C002379,2021-09-15,EU,Standard,Monthly,33,20.0,18.4,2.0,2,,train,0,price
C002380,2021-11-14,EU,Basic,Monthly,31,118.24,108.78,3.0,24,user2380@example.com,train,1,moved
C002381,2022-06-12,EU,Standard,Monthly,24,85.49,78.65,0.0,11,user2381@example.com,train,1,price
C002382,2018-12-30,EU,Standard,,66,65.24,60.02,1.0,5,user2382@example.com,train,0,
C002383,2019-12-25,EU,Premium,Monthly,54,61.56,56.64,1.0,26,user2383@example.com,train,0,
C002384,2024-02-02,EU,Standard,Monthly,4,78.86,72.55,0.0,22,user2384@example.com,train,0,
C002385,2023-03-09,EU,Basic,Monthly,15,82.92,76.29,0.0,7,,train,0,
C002386,2024-04-02,EU,Basic,,2,68.56,63.08,0.0,25,user2386@example.com,train,1,price
C002387,2024-05-02,EU,Basic,Monthly,1,40.79,37.53,1.0,11,user2387@example.com,test,1,price
C002388,2023-06-07,EU,Basic,Annual,12,82.09,75.52,2.0,3,user2388@example.com,test,1,moved
C002389,2019-10-26,EU,Premium,Monthly,56,58.69,53.99,2.0,fifteen,user2389@example.com,train,0,
C002390,2023-07-07,EU,Basic,Monthly,11,41.44,38.12,2.0,18,,train,1,price
C002391,2019-11-25,EU,Basic,Monthly,55,60.71,55.85,0.0,21,user2391@example.com,test,0,
C002392,2019-02-28,EU,Basic,,64,70.45,64.81,0.0,16,user2392@example.com,test,0,
C002393,2023-03-09,EU,Standard,Annual,15,105.31,96.89,1.0,6,user2393@example.com,train,0,
C002394,2021-08-16,EU,Premium,Monthly,34,42.31,38.93,1.0,20,,test,0,
C002395,2022-01-13,EU,Premium,Monthly,29,107.09,98.52,0.0,23,user2395@example.com,test,1,competitor
C002396,2018-08-02,EU,Standard,Monthly,71,29.11,26.78,0.0,twenty,user2396@example.com,test,0,
C002397,2020-01-24,EU,Basic,Monthly,53,40.86,37.59,2.0,1,,train,0,
C002398,2021-10-15,EU,Standard,Annual,32,126.86,116.71,1.0,22,,train,0,
C002399,2022-07-12,EU,Standard,Monthly,23,66.08,60.79,1.0,19,user2399@example.com,train,1,moved
C002400,2024-04-02,EU,Basic,Monthly,2,42.21,38.83,1.0,0,user2400@example.com,train,0,
C002401,2023-12-04,EU,Standard,Monthly,6,20.0,18.4,1.0,7,user2401@example.com,train,1,moved
C002402,2022-10-10,EU,Standard,Monthly,20,76.27,70.17,2.0,19,user2402@example.com,train,1,price
C002403,2019-01-29,EU,Premium,Annual,65,79.36,73.01,3.0,29,user2403@example.com,test,0,
C002404,2019-06-28,EU,Basic,Annual,60,87.87,80.84,2.0,14,,train,1,service
C002405,2023-02-07,EU,Basic,Monthly,16,70.68,65.03,2.0,29,user2405@example.com,train,1,competitor
C002406,2024-01-03,EU,Standard,Annual,5,77.23,71.05,2.0,23,,train,1,price
C002407,2021-06-17,EU,Standard,Monthly,36,97.83,90.0,2.0,1,,train,1,price
C002408,2021-01-18,EU,Premium,Annual,41,44.54,40.98,1.0,12,user2408@example.com,train,0,
C002409,2022-12-09,EU,Basic,,18,48.29,44.43,0.0,12,user2409@example.com,train,1,service
C002410,2018-08-02,EU,Basic,Two year,71,95.99,88.31,3.0,16,user2410@example.com,train,0,
C002411,2023-12-04,EU,Basic,Monthly,6,71.73,65.99,1.0,3,user2411@example.com,train,1,price
C002412,2019-11-25,EU,Basic,Monthly,55,60.14,55.33,0.0,4,,train,1,service
C002413,2023-09-05,EU,Basic,Monthly,9,65.89,60.62,3.0,10,user2413@example.com,train,1,moved
C002414,2023-07-07,EU,Basic,Two year,11,56.49,51.97,0.0,19,user2414@example.com,train,1,service
C002415,2022-11-09,EU,Basic,Monthly,19,124.06,114.14,2.0,27,,train,0,
C002416,2023-09-05,EU,Basic,Annual,9,58.15,53.5,1.0,2,user2416@example.com,test,1,price
C002417,2022-02-12,EU,Standard,Monthly,28,63.03,57.99,0.0,25,user2417@example.com,train,0,
C002418,2022-03-14,EU,Basic,Monthly,27,83.85,77.14,2.0,13,user2418@example.com,train,1,service
C002419,2019-03-30,EU,Basic,Monthly,63,55.46,51.02,1.0,4,,test,0,
C002420,2022-07-12,EU,Premium,Annual,23,63.12,58.07,2.0,26,user2420@example.com,train,1,price
C002421,2019-10-26,EU,Basic,Monthly,56,106.49,97.97,2.0,24,,train,0,
C002422,2021-11-14,EU,Premium,Two year,31,114.56,105.4,1.0,2,,train,0,
C002423,2024-03-03,EU,Premium,Annual,3,39.66,36.49,2.0,5,,test,1,price
C002424,2019-03-30,EU,Basic,,63,80.07,73.66,1.0,11,user2424@example.com,test,1,service
C002425,2019-11-25,EU,Basic,Monthly,55,107.44,98.84,2.0,12,user2425@example.com,train,0,
C002426,2023-11-04,EU,Basic,Monthly,7,109.13,100.4,1.0,12,user2426@example.com,train,1,competitor
C002427,2022-11-09,EU,Basic,Monthly,19,50.79,46.73,3.0,16,user2427@example.com,train,1,moved
C002428,2023-12-04,EU,Standard,Monthly,6,94.25,86.71,2.0,14,user2428@example.com,train,1,service
C002429,2020-08-21,EU,Basic,Two year,46,89.61,82.44,1.0,5,,train,0,
C002430,2019-02-28,EU,Standard,Monthly,64,89.45,82.29,1.0,22,user2430@example.com,train,0,
C002431,2020-03-24,EU,Basic,,51,95.11,87.5,0.0,0,user2431@example.com,test,0,
C002432,2022-05-13,EU,Basic,Monthly,25,51.13,47.04,2.0,14,user2432@example.com,test,1,price
C002433,2023-08-06,EU,Premium,,10,65.14,59.93,1.0,13,user2433@example.com,train,1,competitor
C002434,2018-12-30,EU,Basic,,66,100.67,92.62,0.0,22,user2434@example.com,train,0,
C002435,2022-07-12,EU,Premium,Monthly,23,89.44,82.28,1.0,3,user2435@example.com,test,1,competitor
C002436,2023-02-07,EU,Basic,Monthly,16,62.89,57.86,2.0,13,,train,1,moved
C002437,2020-07-22,EU,Basic,Two year,47,54.43,50.08,5.0,10,,train,0,
C002438,2021-05-18,EU,Standard,Annual,37,81.58,75.05,1.0,17,,test,1,competitor
C002439,2020-05-23,EU,Basic,Monthly,49,109.19,100.45,1.0,11,user2439@example.com,train,1,price
C002440,2023-01-08,EU,Standard,Monthly,17,49.22,45.28,0.0,26,user2440@example.com,train,1,service
C002441,2022-12-09,EU,Standard,Monthly,18,102.37,94.18,3.0,19,,train,1,service
C002442,2019-09-26,EU,Standard,Annual,57,75.94,69.86,1.0,24,user2442@example.com,test,0,
C002443,2020-03-24,EU,Premium,,51,31.43,28.92,2.0,1,user2443@example.com,train,0,
C002444,2021-11-14,EU,premium,Two year,31,95.19,87.57,1.0,9,user2444@example.com,test,1,price
C002445,2021-04-18,EU,Basic,Monthly,38,78.08,71.83,2.0,19,,train,1,service
C002446,2020-11-19,EU,Basic,Monthly,43,58.27,53.61,1.0,4,user2446@example.com,train,1,moved
C002447,2020-09-20,EU,Basic,Annual,45,111.52,102.6,1.0,11,user2447@example.com,train,0,
C002448,2022-05-13,EU,Basic,Monthly,25,69.02,63.5,1.0,23,user2448@example.com,train,1,service
C002449,2021-12-14,EU,Basic,Two year,30,82.8,76.18,1.0,18,,test,1,price
C002450,2019-11-25,EU,Basic,Monthly,55,87.18,80.21,2.0,24,user2450@example.com,train,1,service
C002451,2021-12-14,EU,Standard,Annual,30,59.38,54.63,1.0,23,user2451@example.com,train,0,
C002452,2021-05-18,EU,Basic,Monthly,37,20.0,18.4,0.0,0,,train,0,
C002453,2019-08-27,EU,Standard,,58,66.04,60.76,0.0,7,user2453@example.com,train,0,
C002454,2024-02-02,EU,Standard,Annual,4,73.32,67.45,1.0,18,,train,1,price
C002455,2031-04-02,EU,Standard,Annual,71,37.27,34.29,1.0,18,,train,0,
C002456,2018-10-01,EU,Premium,Annual,69,92.49,85.09,1.0,4,user2456@example.com,train,0,
C002457,2024-05-02,EU,Basic,Monthly,1,73.48,67.6,0.0,1,,train,1,price
C002458,2020-09-20,EU,Premium,Monthly,45,30.52,28.08,0.0,10,user2458@example.com,train,0,
C002459,2020-06-22,EU,Basic,Annual,48,71.14,65.45,2.0,13,,train,1,price
C002460,2022-08-11,EU,Standard,Monthly,22,81.24,74.74,1.0,22,user2460@example.com,train,1,service
C002461,2022-01-13,EU,Basic,Two year,29,60.0,55.2,2.0,7,user2461@example.com,train,1,service
C002462,2018-12-30,EU,Standard,Two year,66,79.71,73.33,2.0,22,,train,1,moved
C002463,2019-11-25,EU,Standard,Monthly,55,117.27,107.89,0.0,3,,train,0,
C002464,2023-07-07,EU,Basic,Annual,11,82.43,75.84,1.0,0,,test,1,competitor
C002465,2019-08-27,EU,Premium,Monthly,58,99.31,91.37,1.0,27,user2465@example.com,train,1,moved
C002466,2023-02-07,EU,Premium,Monthly,16,79.77,73.39,1.0,12,,train,1,competitor
C002467,2023-02-07,EU,Premium,Monthly,16,76.7,70.56,2.0,25,user2467@example.com,train,1,moved
C002468,2022-11-09,EU,Standard,Monthly,19,83.56,76.88,1.0,0,user2468@example.com,train,1,competitor
C002469,2022-03-14,EU,Premium,Annual,27,88.1,81.05,0.0,16,,train,1,service
C002470,2022-05-13,EU,Standard,Annual,25,41.36,38.05,1.0,0,user2470@example.com,train,0,
C002471,2018-10-01,EU,Premium,Monthly,69,68.0,62.56,5.0,11,user2471@example.com,train,1,service
C002472,2018-10-31,EU,Basic,Monthly,68,77.66,71.45,3.0,1,user2472@example.com,train,1,moved
C002473,2024-02-02,EU,Standard,Monthly,4,97.19,89.41,1.0,8,user2473@example.com,train,1,moved
C002474,2021-05-18,EU,Basic,Two year,37,40.03,36.83,0.0,11,user2474@example.com,test,1,competitor
C002475,2021-07-17,EU,Basic,Monthly,35,120.17,110.56,1.0,24,user2475@example.com,train,1,service
C002476,2020-02-23,EU,Basic,,52,89.26,82.12,1.0,11,,train,1,moved
C002477,2023-02-07,EU,Basic,Monthly,16,55.83,51.36,0.0,21,,train,0,
C002478,2018-09-01,EU,Basic,Monthly,70,20.0,18.4,0.0,15,user2478@example.com,train,0,
C002479,2019-10-26,EU,Premium,Monthly,56,62.85,57.82,3.0,25,user2479@example.com,train,1,competitor
C002480,2023-02-07,EU,Premium,,16,141.23,129.93,2.0,25,user2480@example.com,test,1,service
C002481,2021-09-15,EU,Basic,Monthly,33,60.37,55.54,3.0,6,user2481@example.com,test,1,service
C002482,2020-06-22,EU,Premium,Monthly,48,64.36,59.21,0.0,21,,train,0,
C002483,2018-10-31,EU,Basic,Monthly,68,85.83,78.96,1.0,3,user2483@example.com,train,0,
C002484,2022-03-14,EU,Basic,Monthly,27,82.76,76.14,2.0,14,,test,1,moved
C002485,2023-12-04,EU,Basic,Monthly,6,55.93,51.46,2.0,29,user2485@example.com,train,1,service
C002486,2021-03-19,EU,Basic,Monthly,39,91.01,83.73,1.0,19,user2486@example.com,train,0,
C002487,2021-08-16,EU,Basic,Annual,34,49.4,45.45,0.0,17,user2487@example.com,train,0,
C002488,2023-07-07,EU,Basic,Monthly,11,96.05,88.37,2.0,14,user2488@example.com,train,1,service
C002489,2022-03-14,EU,Premium,Two year,27,99.46,91.5,0.0,18,user2489@example.com,train,0,
C002490,2020-07-22,EU,Basic,Annual,47,134.81,124.03,2.0,6,user2490@example.com,train,1,moved
C002491,2021-02-17,EU,Standard,Monthly,40,68.7,63.2,3.0,19,user2491@example.com,train,1,competitor
C002492,2018-10-31,EU,Standard,Monthly,68,32.34,29.75,1.0,4,user2492@example.com,train,0,
C002493,2023-03-09,EU,Basic,Monthly,15,30.65,28.2,1.0,6,,train,1,service
C002494,2020-08-21,EU,Standard,Annual,46,54.5,50.14,2.0,22,user2494@example.com,train,0,
C002495,2022-11-09,EU,Basic,Annual,19,63.87,58.76,0.0,19,,train,1,price
C002496,2024-01-03,EU,Premium,Two year,5,88.71,81.61,1.0,29,user2496@example.com,test,1,competitor
C002497,2022-04-13,EU,Standard,Monthly,26,94.33,86.78,1.0,2,user2497@example.com,train,1,moved
C002498,2022-04-13,EU,Standard,,26,32.09,29.52,1.0,8,,test,0,
C002499,2023-02-07,EU,Standard,Monthly,16,31.53,29.01,2.0,6,user2499@example.com,train,1,moved
C002500,2018-10-31,EU,Basic,,68,87.95,80.91,1.0,7,user2500@example.com,train,0,
C002501,2023-09-05,EU,Basic,Monthly,9,31.65,29.12,2.0,22,user2501@example.com,train,1,service
C002502,2022-12-09,EU,Basic,Monthly,18,91.9,84.55,0.0,9,user2502@example.com,train,1,
C002503,2022-02-12,EU,Basic,Annual,28,28.03,25.79,1.0,20,user2503@example.com,train,0,
C002504,2021-03-19,EU,Standard,Monthly,39,47.27,43.49,0.0,27,user2504@example.com,train,0,
C002505,2024-02-02,EU,Standard,Monthly,4,73.34,67.47,1.0,3,user2505@example.com,train,1,competitor
C002506,2023-07-07,EU,Standard,Two year,11,87.84,80.81,1.0,16,user2506@example.com,train,0,price
C002507,2023-09-05,EU,Standard,Monthly,9,20.0,18.4,1.0,4,user2507@example.com,test,1,moved
C002508,2019-05-29,EU,Basic,Monthly,61,69.14,63.61,1.0,3,,train,0,
C002509,2021-03-19,EU,Standard,Monthly,39,73.87,67.96,1.0,5,,train,1,price
C002510,2022-12-09,EU,Premium,Monthly,18,87.19,80.21,0.0,19,,train,1,service
C002511,2022-05-13,EU,Premium,Monthly,25,80.0,73.6,0.0,21,,train,1,price
C002512,2020-05-23,EU,Standard,Monthly,49,54.33,49.98,1.0,27,user2512@example.com,train,1,service
C002513,2021-04-18,EU,Basic,Monthly,38,20.0,18.4,1.0,26,user2513@example.com,train,0,
C002514,2019-02-28,EU,Basic,Two year,64,104.89,96.5,1.0,10,user2514@example.com,train,0,
C002515,2021-12-14,EU,premium,Annual,30,50.55,46.51,0.0,17,user2515@example.com,train,0,
C002516,2018-09-01,EU,Basic,Two year,70,83.57,76.88,1.0,23,,train,0,
C002517,2019-11-25,EU,Basic,Monthly,55,66.2,60.9,2.0,17,user2517@example.com,train,1,moved
C002518,2021-07-17,EU,Basic,Monthly,35,46.55,42.83,2.0,19,user2518@example.com,train,1,service
C002519,2019-09-26,EU,Basic,,57,73.53,67.65,1.0,12,,train,0,
C002520,2024-02-02,EU,Standard,Monthly,4,50.94,46.86,0.0,21,user2520@example.com,test,1,price
C002521,2021-11-14,EU,Standard,Monthly,31,89.48,82.32,0.0,0,user2521@example.com,train,0,
C002522,2021-11-14,EU,Basic,Monthly,31,84.46,77.7,0.0,7,,train,1,competitor
C002523,2019-06-28,EU,Basic,Monthly,60,90.2,82.98,0.0,5,,test,0,
C002524,2022-11-09,EU,Standard,Two year,19,68.76,63.26,1.0,0,user2524@example.com,test,1,moved
C002525,2020-02-23,EU,Basic,Annual,52,67.86,62.43,1.0,6,,test,1,moved
C002526,2024-04-02,EU,Basic,Monthly,2,51.73,47.59,1.0,7,,train,1,moved
C002527,2022-01-13,EU,Basic,Monthly,29,70.31,64.69,1.0,15,user2527@example.com,train,1,price
C002528,2022-09-10,EU,Basic,Two year,21,79.64,73.27,0.0,0,,test,0,
C002529,2020-02-23,EU,Standard,Annual,52,21.32,19.61,3.0,19,user2529@example.com,train,0,
C002530,2023-09-05,EU,Standard,Annual,9,75.93,69.86,1.0,8,user2530@example.com,train,1,moved
C002531,2022-04-13,EU,Basic,Monthly,26,53.32,49.05,2.0,2,user2531@example.com,train,1,moved
C002532,2024-01-03,EU,Standard,Monthly,5,82.08,75.51,1.0,26,user2532@example.com,train,1,moved
C002533,2024-02-02,EU,Standard,Monthly,4,34.32,31.57,1.0,26,user2533@example.com,train,0,
C002534,2022-08-11,EU,Standard,Annual,22,76.67,70.54,4.0,6,user2534@example.com,test,0,
C002535,2019-05-29,EU,Basic,Annual,61,55.18,50.77,3.0,ten,user2535@example.com,train,0,
C002536,2022-07-12,EU,Basic,Monthly,23,57.2,52.62,0.0,26,user2536@example.com,test,1,price
C002537,2023-12-04,EU,Standard,Annual,6,73.22,67.36,0.0,11,user2537@example.com,test,0,
C002538,2021-10-15,EU, Premium ,Monthly,32,83.71,77.01,3.0,7,user2538@example.com,train,1,price
C002539,2021-01-18,EU,Standard,Two year,41,100.74,92.68,0.0,28,user2539@example.com,test,1,price
C002540,2018-09-01,EU,Premium,Annual,70,58.0,53.36,0.0,20,,test,0,
C002541,2022-11-09,EU,Premium,Annual,19,89.14,82.01,1.0,0,,train,0,
C002542,2020-08-21,EU,Standard,Annual,46,89.48,82.32,1.0,25,,train,0,
C002543,2020-01-24,EU,Standard,Two year,53,59.0,54.28,1.0,22,user2543@example.com,train,0,
C002544,2020-09-20,EU,Standard,Two year,45,60.18,55.37,1.0,4,,train,0,
C002545,2020-09-20,EU,Basic,Two year,45,51.88,47.73,1.0,5,user2545@example.com,train,0,
C002546,,EU,,,53,,,,,,test,0,
C002547,2020-01-24,EU,Standard,Monthly,53,55.12,50.71,0.0,15,,test,0,
C002548,2020-08-21,EU,Premium,Annual,46,133.92,123.21,0.0,17,,train,1,price
C002549,2021-03-19,EU,Standard,Monthly,39,39.51,36.35,2.0,18,user2549@example.com,test,1,competitor
C002550,2019-09-26,EU,Basic,Monthly,57,72.66,66.85,1.0,10,,train,0,
C002551,2022-03-14,EU,Premium,Two year,27,46.01,42.33,1.0,15,,train,1,price
C002552,2022-07-12,EU,Standard,Two year,23,91.71,84.37,1.0,8,,train,1,moved
C002553,2020-03-24,EU,Standard,Monthly,51,80.19,73.77,1.0,24,user2553@example.com,test,0,
C002554,2021-05-18,EU,Basic,Annual,37,48.64,44.75,0.0,8,user2554@example.com,train,0,
C002555,2023-01-08,EU,Standard,,17,86.6,79.67,1.0,24,user2555@example.com,train,0,
C002556,2019-10-26,EU,Basic,Monthly,56,41.05,37.77,1.0,0,,train,0,
C002557,2019-06-28,EU,Basic,Monthly,60,90.92,83.65,0.0,26,user2557@example.com,train,1,service
C002558,2022-01-13,EU,Basic,Annual,29,48.54,44.66,0.0,ten,user2558@example.com,train,0,
C002559,2020-03-24,EU,Basic,Monthly,51,107.78,99.16,2.0,16,user2559@example.com,train,0,
C002560,2019-10-26,EU,Basic,Monthly,56,34.35,31.6,1.0,18,,train,0,
C002561,2024-05-02,EU,Basic,Annual,1,89.51,82.35,0.0,7,,train,1,price
C002562,2020-06-22,EU,Premium,Monthly,48,61.08,56.19,0.0,8,user2562@example.com,train,0,
C002563,2019-04-29,EU,Standard,Monthly,62,86.25,79.35,1.0,26,user2563@example.com,train,0,
C002564,2020-12-19,EU,Basic,Monthly,42,33.62,30.93,1.0,fifteen,user2564@example.com,train,1,service
C002565,2019-08-27,EU,Standard,Annual,58,46.13,42.44,0.0,11,,train,0,
C002566,2023-01-08,EU,Standard,Monthly,17,95.24,87.62,2.0,27,user2566@example.com,train,1,competitor
C002567,2020-05-23,EU,PREMIUM,Annual,49,74.26,68.32,2.0,fifteen,,test,0,
C002568,2019-01-29,EU,Basic,Annual,65,69.16,63.63,1.0,16,user2568@example.com,test,0,
C002569,2021-04-18,EU,Standard,Monthly,38,20.0,18.4,4.0,7,user2569@example.com,train,1,service
C002570,2020-02-23,EU,Basic,Monthly,52,86.79,79.85,1.0,4,user2570@example.com,train,0,
C002571,2020-01-24,EU,Standard,Monthly,53,127.03,116.87,3.0,27,user2571@example.com,train,0,
C002572,2022-05-13,EU,Basic,Annual,25,92.14,84.77,1.0,fifteen,,test,0,
C002573,2018-11-30,EU,Standard,Monthly,67,61.3,56.4,0.0,16,,test,0,
C002574,2020-10-20,EU,Standard,Annual,44,89.41,82.26,1.0,22,,test,0,
C002575,2023-12-04,EU,Standard,Monthly,6,66.66,61.33,2.0,28,user2575@example.com,train,1,service
C002576,2021-11-14,EU,Standard,Annual,31,107.1,98.53,1.0,28,user2576@example.com,test,1,competitor
C002577,2020-03-24,EU,Basic,Two year,51,56.73,52.19,0.0,5,user2577@example.com,train,0,
C002578,2023-08-06,EU,Basic,Annual,10,42.47,39.07,0.0,29,user2578@example.com,train,0,
C002579,2021-10-15,EU,Standard,Two year,32,120.6,110.95,2.0,4,,train,1,competitor
C002580,2023-12-04,EU,Premium,Annual,6,42.04,38.68,0.0,27,,train,1,competitor
C002581,2020-07-22,EU,Basic,Annual,47,82.0,75.44,1.0,5,,test,1,moved
C002582,2022-11-09,EU,Standard,Annual,19,118.44,108.96,1.0,11,user2582@example.com,train,1,price
C002583,2019-12-25,EU,Standard,Monthly,54,57.02,52.46,1.0,14,user2583@example.com,test,1,service
C002584,2020-03-24,EU,Basic,Annual,51,101.28,93.18,0.0,0,user2584@example.com,test,0,
C002585,2023-09-05,EU,Basic,Monthly,9,89.98,82.78,0.0,3,user2585@example.com,train,1,service
C002586,2021-09-15,EU,Basic,,33,76.24,70.14,0.0,17,user2586@example.com,test,1,price
C002587,2021-06-17,EU,Basic,Annual,36,46.87,43.12,2.0,15,user2587@example.com,train,0,
C002588,2020-11-19,EU,Standard,Monthly,43,70.9,65.23,0.0,29,user2588@example.com,train,0,
C002589,2023-03-09,EU,Basic,Annual,15,53.12,48.87,1.0,23,,train,0,
C002590,2022-10-10,EU,Basic,Annual,20,78.13,71.88,2.0,20,user2590@example.com,test,1,moved
C002591,2019-11-25,EU,Standard,Annual,55,85.56,78.72,1.0,9,user2591@example.com,test,0,
C002592,2022-10-10,EU,Premium,Monthly,20,55.16,50.75,0.0,8,user2592@example.com,train,1,competitor
C002593,2018-10-31,EU, Premium ,Monthly,68,72.62,66.81,2.0,fifteen,,train,0,
C002594,2021-05-18,EU,Premium,Monthly,37,104.63,96.26,1.0,24,user2594@example.com,train,1,price
C002595,2021-08-16,EU,Basic,Annual,34,79.02,72.7,0.0,9,user2595@example.com,test,0,
C002596,2023-07-07,EU,Standard,Two year,11,81.6,75.07,0.0,18,,train,0,
C002597,2023-02-07,EU,Standard,Annual,16,53.7,49.4,1.0,14,user2597@example.com,train,0,
C002598,2018-10-31,EU,Standard,Annual,68,85.69,78.83,0.0,18,user2598@example.com,train,0,
C002599,2023-05-08,EU,Basic,Two year,13,74.46,68.5,2.0,0,user2599@example.com,test,1,moved
C002600,2022-09-10,EU,Basic,Annual,21,51.8,47.66,0.0,16,,test,0,
C002601,2022-09-10,EU,Basic,Two year,21,51.12,47.03,1.0,24,,train,0,
C002602,2021-03-19,EU,Standard,Annual,39,84.92,78.13,1.0,27,user2602@example.com,train,0,
C002603,2018-10-31,EU,Basic,Monthly,68,72.44,66.64,0.0,18,user2603@example.com,train,0,
C002604,2023-10-05,EU,Standard,,8,109.79,101.01,1.0,24,,test,1,service
C002605,2018-10-31,EU,Standard,Monthly,68,83.47,76.79,1.0,29,user2605@example.com,train,0,
C002606,2022-08-11,EU,Basic,Annual,22,100.42,92.39,0.0,3,user2606@example.com,train,0,
C002607,2020-09-20,EU,Basic,Monthly,45,52.29,48.11,1.0,2,user2607@example.com,test,1,price
C002608,2019-01-29,EU,Standard,,65,76.98,70.82,2.0,15,user2608@example.com,train,0,
C002609,2022-08-11,EU,Basic,Monthly,22,85.07,78.26,0.0,13,,train,0,
C002610,2020-01-24,EU,Standard,Monthly,53,105.09,96.68,1.0,0,user2610@example.com,train,1,price
C002611,2022-09-10,EU,Standard,Monthly,21,39.34,36.19,0.0,18,,test,0,
C002612,2019-02-28,EU,Premium,Two year,64,70.7,65.04,2.0,1,user2612@example.com,train,0,
C002613,2019-10-26,EU,Standard,Two year,56,66.02,60.74,0.0,18,user2613@example.com,train,0,
C002614,2021-09-15,EU,Premium,Monthly,33,72.39,66.6,1.0,twenty,,train,1,moved
C002615,2020-05-23,EU,PREMIUM,Two year,49,108.2,99.54,0.0,28,user2615@example.com,train,0,
C002616,2021-04-18,EU,PREMIUM,,38,75.46,69.42,1.0,17,user2616@example.com,test,1,moved
C002617,2022-01-13,EU,Basic,Two year,29,111.82,102.87,1.0,11,user2617@example.com,train,0,
C002618,2023-09-05,EU,Premium,Monthly,9,77.95,71.71,2.0,12,user2618@example.com,train,1,service
C002619,2018-11-30,EU,PREMIUM,Monthly,67,97.01,89.25,5.0,16,user2619@example.com,train,1,price
C002620,2020-01-24,EU,Basic,Annual,53,89.29,82.15,3.0,8,,train,0,
C002621,2023-12-04,EU,Standard,Monthly,6,77.37,71.18,1.0,19,user2621@example.com,train,1,service
C002622,2021-12-14,EU,premium,Monthly,30,90.05,82.85,1.0,29,user2622@example.com,train,0,
C002623,2021-07-17,EU,Basic,,35,101.03,92.95,2.0,23,,test,1,moved
C002624,2019-01-29,EU,Standard,Monthly,65,81.61,75.08,0.0,28,user2624@example.com,train,0,
C002625,2019-03-30,EU,Standard,Annual,63,20.0,18.4,1.0,6,user2625@example.com,train,0,
C002626,2020-08-21,EU,Basic,Monthly,46,101.32,93.21,1.0,6,user2626@example.com,test,1,service
C002627,2019-05-29,EU,Standard,Monthly,61,82.95,76.31,1.0,10,,test,1,moved
C002628,2022-07-12,EU,Standard,Annual,23,92.37,84.98,1.0,2,user2628@example.com,train,1,price
C002629,2020-10-20,EU,Standard,Monthly,44,106.26,97.76,0.0,4,user2629@example.com,train,0,
C002630,2023-09-05,EU,Basic,Two year,9,83.86,77.15,0.0,11,user2630@example.com,test,1,price
C002631,2020-08-21,EU,Basic,Annual,46,106.19,97.69,0.0,16,,test,0,
C002632,2019-05-29,EU,Basic,Annual,61,58.45,53.77,1.0,15,user2632@example.com,test,0,
C002633,2019-12-25,EU,Standard,,54,91.51,84.19,2.0,2,user2633@example.com,test,0,
C002634,2024-02-02,EU,Standard,Annual,4,82.86,76.23,1.0,twenty,user2634@example.com,test,1,competitor
C002635,2021-12-14,EU,Standard,Annual,30,103.51,95.23,0.0,4,user2635@example.com,train,0,
C002636,2021-10-15,EU,Basic,Annual,32,65.04,59.84,0.0,10,,test,1,
C002637,2019-03-30,EU,Basic,Two year,63,24.47,22.51,2.0,19,,train,0,
C002638,2023-11-04,EU,Standard,Annual,7,54.7,50.32,2.0,11,,train,1,service
C002639,2022-03-14,EU,Standard,Two year,27,37.5,34.5,3.0,13,user2639@example.com,train,1,competitor
C002640,2019-01-29,EU,Standard,Annual,65,66.45,61.13,2.0,21,user2640@example.com,train,0,
C002641,2023-09-05,EU,Standard,Two year,9,56.66,52.13,1.0,7,,test,0,
C002642,2022-08-11,EU,Standard,Annual,22,63.2,58.14,2.0,3,,train,1,competitor
C002643,2019-03-30,EU,Standard,Monthly,63,105.96,97.48,2.0,18,,train,1,price
C002644,2023-05-08,EU,Standard,Two year,13,28.48,26.2,0.0,9,user2644@example.com,train,0,
C002645,2018-12-30,EU,Basic,Monthly,66,60.64,55.79,0.0,8,user2645@example.com,train,0,
C002646,2018-09-01,EU,Premium,Monthly,70,79.43,73.08,2.0,2,user2646@example.com,train,0,
C002647,2018-08-02,EU,Basic,Monthly,71,36.32,33.41,0.0,1,user2647@example.com,train,0,
C002648,2023-10-05,EU,Standard,Annual,8,72.61,66.8,0.0,13,user2648@example.com,train,1,competitor
C002649,2020-12-19,EU,Standard,Monthly,42,60.95,56.07,0.0,3,,train,0,
C002650,2020-03-24,EU,Basic,Monthly,51,50.33,46.3,2.0,23,,train,1,moved
C002651,2019-04-29,EU,Standard,Two year,62,55.64,51.19,0.0,26,user2651@example.com,train,0,
C002652,2022-07-12,EU,Standard,Two year,23,67.13,61.76,1.0,3,,test,0,
C002653,2020-06-22,EU,Standard,,48,88.39,81.32,2.0,0,user2653@example.com,train,0,
C002654,2019-12-25,EU,Standard,Monthly,54,45.25,41.63,2.0,4,user2654@example.com,train,0,
C002655,2023-02-07,EU,Basic,Annual,16,78.4,72.13,1.0,15,user2655@example.com,test,1,service
C002656,2022-07-12,EU,Standard,Monthly,23,20.78,19.12,0.0,26,user2656@example.com,train,0,
C002657,2022-09-10,EU,Basic,Monthly,21,92.95,85.51,3.0,11,user2657@example.com,train,1,service
C002658,2023-04-08,EU,Premium,Monthly,14,85.47,78.63,0.0,19,,train,1,competitor
C002659,2018-10-31,EU,Standard,Annual,68,27.75,25.53,1.0,2,user2659@example.com,train,0,
C002660,2021-11-14,EU,Premium,Annual,31,60.79,55.93,2.0,16,user2660@example.com,train,0,
C002661,2021-08-16,EU,Premium,Monthly,34,68.39,62.92,1.0,21,user2661@example.com,train,0,
C002662,2022-09-10,EU,Basic,Monthly,21,125.11,115.1,1.0,21,user2662@example.com,train,0,
C002663,2021-02-17,EU,Basic,Monthly,40,72.51,66.71,2.0,29,user2663@example.com,train,0,
C002664,2022-10-10,EU,Standard,Monthly,20,89.8,82.62,0.0,0,user2664@example.com,train,1,service
C002665,2021-07-17,EU,Standard,Annual,35,70.53,64.89,1.0,twenty,user2665@example.com,train,0,
C002666,2023-11-04,EU,Standard,Annual,7,78.95,72.63,3.0,25,,train,1,service
C002667,2022-03-14,EU,Basic,Monthly,27,56.66,52.13,3.0,23,user2667@example.com,train,1,moved
C002668,2022-03-14,EU,Basic,Monthly,27,66.09,60.8,3.0,28,,train,0,
C002669,2018-10-01,EU,PREMIUM,Monthly,69,78.88,72.57,3.0,8,,train,1,price
C002670,2020-11-19,EU,Standard,Annual,43,66.25,60.95,2.0,18,user2670@example.com,test,0,
C002671,2021-05-18,EU,Standard,Monthly,37,62.46,57.46,3.0,1,,test,1,moved
C002672,2021-02-17,EU,Basic,Two year,40,76.99,70.83,0.0,4,user2672@example.com,train,1,competitor
C002673,2022-09-10,EU,Premium,Monthly,21,20.0,18.4,2.0,18,user2673@example.com,test,1,price
C002674,2020-10-20,EU,Standard,Monthly,44,64.11,58.98,2.0,16,user2674@example.com,test,1,moved
C002675,2021-06-17,EU,Standard,Monthly,36,35.44,32.6,1.0,8,,test,0,
C002676,2024-01-03,EU,Standard,Annual,5,89.64,82.47,1.0,16,user2676@example.com,test,0,
C002677,2019-11-25,EU,Standard,Annual,55,59.8,55.02,0.0,4,,train,0,
C002678,2023-04-08,EU,Basic,Annual,14,21.64,19.91,1.0,13,,train,0,
C002679,2022-01-13,EU,Basic,Monthly,29,95.22,87.6,2.0,23,,train,1,service
C002680,2021-09-15,EU,Premium,Monthly,33,77.91,71.68,1.0,26,,train,0,
C002681,2023-11-04,EU,Basic,Monthly,7,81.16,74.67,0.0,16,,train,1,service
C002682,2018-11-30,EU,Standard,Annual,67,25.73,23.67,1.0,12,user2682@example.com,test,0,
C002683,2022-11-09,EU,Standard,Monthly,19,75.23,69.21,3.0,1,user2683@example.com,test,1,price
C002684,2022-07-12,EU,Standard,Annual,23,99.09,91.16,1.0,26,,train,1,service
C002685,2021-07-17,EU,Basic,Annual,35,65.34,60.11,1.0,0,user2685@example.com,test,0,
C002686,2019-01-29,EU,Standard,Monthly,65,98.38,90.51,1.0,9,user2686@example.com,train,0,
C002687,2021-11-14,EU,Standard,Annual,31,42.39,39.0,0.0,8,user2687@example.com,train,0,
C002688,2023-07-07,EU,Basic,Annual,11,67.21,61.83,3.0,18,,train,1,moved
C002689,2019-01-29,EU,Standard,Annual,65,50.06,46.06,1.0,16,,test,0,
C002690,2023-02-07,EU,Standard,,16,66.28,60.98,3.0,24,user2690@example.com,train,1,service
C002691,2021-01-18,EU,Premium,Monthly,41,62.21,57.23,0.0,24,user2691@example.com,train,0,
C002692,2020-08-21,EU,Standard,Monthly,46,41.1,37.81,0.0,4,user2692@example.com,train,0,
C002693,2020-11-19,EU,Basic,Monthly,43,86.19,79.29,1.0,24,user2693@example.com,test,0,
C002694,2022-07-12,EU,Basic,Monthly,23,43.81,40.31,0.0,20,user2694@example.com,test,1,moved
C002695,2021-12-14,EU,Standard,Monthly,30,77.04,70.88,2.0,15,,train,1,price
C002696,2020-05-23,EU,Standard,Monthly,49,56.98,52.42,0.0,twenty,,train,0,
C002697,2024-02-02,EU,Standard,Monthly,4,66.93,61.58,0.0,fifteen,user2697@example.com,test,1,service
C002698,2018-10-01,EU,Basic,Monthly,69,82.93,76.3,0.0,29,,test,0,
C002699,2021-04-18,EU,Standard,Annual,38,94.28,86.74,0.0,10,,train,0,
C002700,2019-10-26,EU,Basic,Annual,56,48.28,44.42,2.0,4,,train,0,
C002701,2023-06-07,EU,Standard,Monthly,12,83.28,76.62,1.0,15,user2701@example.com,train,0,
C002702,2018-11-30,EU,Premium,Monthly,67,75.18,69.17,1.0,22,,train,0,
C002703,2019-01-29,EU,Premium,Annual,65,49.48,45.52,1.0,13,user2703@example.com,train,0,
C002704,2019-09-26,EU,Premium,Annual,57,72.22,66.44,0.0,12,,test,0,
C002705,,EU,,,14,,,,,,train,0,
C002706,2021-10-15,EU,Basic,Monthly,32,35.49,32.65,2.0,11,user2706@example.com,train,1,moved
C002707,2023-11-04,EU,Basic,,7,63.53,58.45,0.0,28,,train,1,moved
C002708,2019-02-28,EU,Basic,Two year,64,83.29,76.63,0.0,17,user2708@example.com,train,0,
C002709,2022-06-12,EU,Standard,Annual,24,58.78,54.08,0.0,fifteen,,train,1,service
C002710,2022-08-11,EU,Standard,Monthly,22,20.0,18.4,1.0,25,user2710@example.com,train,0,
C002711,2022-01-13,EU,Basic,Annual,29,47.09,43.32,1.0,22,user2711@example.com,test,0,
C002712,2020-01-24,EU,Basic,,53,78.66,72.37,2.0,29,,test,0,
C002713,2020-07-22,EU,Premium,Monthly,47,98.88,90.97,0.0,16,,train,1,price
C002714,2023-10-05,EU,Premium,Monthly,8,41.25,37.95,1.0,13,,test,0,
C002715,2020-12-19,EU,Basic,Annual,42,85.25,78.43,2.0,7,user2715@example.com,test,0,
C002716,2021-03-19,EU,Standard,,39,87.03,80.07,1.0,18,user2716@example.com,train,0,
C002717,2020-04-23,EU,Basic,Annual,50,71.71,65.97,0.0,fifteen,user2717@example.com,train,0,
C002718,2023-03-09,EU,Basic,,15,117.69,108.27,1.0,22,user2718@example.com,test,1,moved
C002719,2024-02-02,EU,Basic,Monthly,4,62.09,57.12,1.0,1,user2719@example.com,train,1,service
C002720,2019-06-28,EU,PREMIUM,Monthly,60,88.84,81.73,2.0,8,user2720@example.com,test,0,
C002721,2019-05-29,EU,Standard,Annual,61,79.26,72.92,3.0,11,user2721@example.com,train,0,
C002722,2020-03-24,EU,Premium,Annual,51,69.14,63.61,1.0,14,user2722@example.com,train,0,
C002723,2023-02-07,EU,Basic,Monthly,16,59.61,54.84,1.0,15,user2723@example.com,train,1,service
C002724,2020-10-20,EU,Basic,Two year,44,81.02,74.54,2.0,7,,train,1,price
C002725,2020-08-21,EU,Standard,Monthly,46,43.32,39.85,0.0,23,,train,0,
C002726,2023-07-07,EU,Basic,Monthly,11,123.01,113.17,0.0,12,user2726@example.com,test,1,price
C002727,2022-08-11,EU,Basic,Two year,22,82.6,75.99,1.0,1,user2727@example.com,test,0,
C002728,2021-01-18,EU,Standard,Monthly,41,91.39,84.08,3.0,13,,test,0,
C002729,2022-01-13,EU,Premium,Monthly,29,83.63,76.94,2.0,7,user2729@example.com,train,1,competitor
C002730,2019-12-25,EU,Basic,Monthly,54,87.19,80.21,2.0,21,user2730@example.com,test,1,price
C002731,2021-08-16,EU,Standard,Monthly,34,104.47,96.11,0.0,27,user2731@example.com,train,1,moved
C002732,2020-06-22,EU,Basic,Monthly,48,97.4,89.61,1.0,13,user2732@example.com,train,1,competitor
C002733,2022-06-12,EU,Premium,Annual,24,104.36,96.01,0.0,14,user2733@example.com,train,0,
C002734,2023-02-07,EU,Basic,Monthly,16,80.55,74.11,1.0,13,user2734@example.com,test,0,
C002735,2019-02-28,EU,Standard,Two year,64,55.37,50.94,1.0,twenty,user2735@example.com,train,0,
C002736,2023-06-07,EU,Premium,Monthly,12,26.64,24.51,1.0,28,user2736@example.com,train,0,
C002737,2019-03-30,EU,Basic,Monthly,63,86.77,79.83,1.0,5,user2737@example.com,train,0,
C002738,2019-03-30,EU,Basic,Monthly,63,51.58,47.45,1.0,21,,train,1,moved
C002739,2021-03-19,EU,Basic,Annual,39,86.84,79.89,3.0,27,user2739@example.com,train,0,
C002740,2019-06-28,EU,Basic,Annual,60,116.68,107.35,1.0,26,,test,0,
C002741,2024-03-03,EU,Premium,Monthly,3,31.95,29.39,1.0,8,user2741@example.com,train,1,moved
C002742,2019-04-29,EU,Standard,Annual,62,57.19,52.61,0.0,1,,train,0,
C002743,2023-12-04,EU,Standard,Monthly,6,64.38,59.23,3.0,12,user2743@example.com,test,1,competitor
C002744,2018-08-02,EU,Basic,Monthly,71,124.07,114.14,1.0,21,,test,0,
C002745,2023-03-09,EU,PREMIUM,,15,107.67,99.06,1.0,25,,test,1,competitor
C002746,2022-11-09,EU,Premium,Monthly,19,22.66,20.85,1.0,15,user2746@example.com,train,1,competitor
C002747,2022-07-12,EU,Standard,Annual,23,61.27,56.37,2.0,11,user2747@example.com,test,1,price
C002748,2023-03-09,EU,Premium,Annual,15,46.41,42.7,2.0,17,user2748@example.com,train,1,service
C002749,,EU,,,6,,,,,,train,1,competitor
C002750,2018-11-30,EU,Standard,Monthly,67,97.28,89.5,1.0,28,,train,1,service
C002751,2018-10-01,EU,Basic,Annual,69,70.46,64.82,3.0,9,user2751@example.com,train,0,
C002752,2019-06-28,EU,Basic,Annual,60,104.36,96.01,1.0,21,user2752@example.com,train,0,
C002753,2023-01-08,EU,Basic,Monthly,17,90.66,83.41,2.0,7,user2753@example.com,train,1,service
C002754,2023-05-08,EU,Basic,Monthly,13,89.47,82.31,1.0,22,user2754@example.com,train,1,moved
C002755,2018-08-02,EU,Basic,Annual,71,87.52,80.52,1.0,3,,test,0,
C002756,2031-04-02,EU,Premium,Monthly,16,81.48,74.96,1.0,14,user2756@example.com,train,1,price
C002757,2023-02-07,EU,Standard,Monthly,16,76.98,70.82,0.0,12,user2757@example.com,test,1,service
C002758,2023-11-04,EU,Standard,Monthly,7,101.33,93.22,2.0,8,user2758@example.com,train,1,competitor
C002759,2023-04-08,EU,Basic,Annual,14,50.87,46.8,1.0,8,user2759@example.com,test,0,
C002760,2019-01-29,EU,Basic,Monthly,65,43.98,40.46,0.0,23,user2760@example.com,train,0,
C002761,2021-02-17,EU,Standard,Two year,40,73.15,67.3,1.0,19,user2761@example.com,train,0,
C002762,2022-02-12,EU,Standard,Monthly,28,43.32,39.85,2.0,11,user2762@example.com,train,0,
C002763,2019-04-29,EU,Standard,Monthly,62,81.34,74.83,1.0,11,user2763@example.com,train,0,
C002764,2019-11-25,EU,Standard,Annual,55,48.53,44.65,1.0,4,user2764@example.com,train,0,
C002765,2019-06-28,EU,PREMIUM,Monthly,60,81.47,74.95,2.0,13,user2765@example.com,test,0,
C002766,2020-03-24,EU,Standard,Annual,51,82.68,76.07,1.0,8,user2766@example.com,train,0,
C002767,2019-10-26,EU,Basic,,56,82.63,76.02,4.0,16,user2767@example.com,train,0,
C002768,2022-07-12,EU,Premium,Two year,23,82.23,75.65,2.0,10,,train,1,price
C002769,2021-11-14,EU,Basic,,31,67.91,62.48,2.0,13,,test,0,
C002770,2024-05-02,EU,Standard,Monthly,1,92.04,84.68,0.0,2,user2770@example.com,train,1,price
C002771,2022-05-13,EU,Basic,Two year,25,78.09,71.84,2.0,14,user2771@example.com,train,0,
C002772,2019-01-29,EU,Basic,Monthly,65,76.44,70.32,4.0,24,user2772@example.com,train,1,price
C002773,2021-11-14,EU,Premium,Monthly,31,52.27,48.09,1.0,10,user2773@example.com,train,1,competitor
C002774,2020-08-21,EU,Basic,Annual,46,92.69,85.27,2.0,7,user2774@example.com,train,0,
C002775,2020-02-23,EU,Basic,Annual,52,84.13,77.4,0.0,0,,test,0,
C002776,2019-01-29,EU,Standard,Monthly,65,59.19,54.45,2.0,14,user2776@example.com,train,0,
C002777,2022-10-10,EU,Standard,Monthly,20,87.1,80.13,2.0,27,user2777@example.com,train,1,service
C002778,2023-04-08,EU,Basic,Two year,14,72.2,66.42,1.0,10,user2778@example.com,test,1,moved
C002779,2021-11-14,EU,Basic,Annual,31,103.57,95.28,0.0,5,user2779@example.com,train,0,
C002780,2023-02-07,EU,Basic,Two year,16,63.12,58.07,1.0,24,user2780@example.com,train,1,price
C002781,2018-10-01,EU,Premium,,69,76.54,70.42,1.0,20,user2781@example.com,test,0,
C002782,2021-07-17,EU,Basic,Annual,35,20.0,18.4,1.0,twenty,,train,0,
C002783,2019-07-28,EU,Standard,,59,43.02,39.58,1.0,1,user2783@example.com,test,0,
C002784,2031-04-02,EU,Basic,Monthly,60,35.88,33.01,2.0,3,user2784@example.com,test,0,
C002785,2022-02-12,EU,Standard,Monthly,28,34.21,31.47,2.0,18,user2785@example.com,train,1,competitor
C002786,2019-08-27,EU,Premium,Two year,58,104.01,95.69,2.0,10,user2786@example.com,train,0,
C002787,2020-09-20,EU,Basic,Monthly,45,30.3,27.88,2.0,10,user2787@example.com,test,1,moved
C002788,2018-12-30,EU,Basic,Annual,66,104.35,96.0,0.0,20,,train,0,
C002789,2023-11-04,EU,Premium,Annual,7,82.11,75.54,0.0,14,user2789@example.com,train,1,competitor
C002790,2022-11-09,EU,Basic,Annual,19,79.41,73.06,1.0,17,user2790@example.com,train,1,competitor
C002791,2021-03-19,EU,Basic,Monthly,39,72.12,66.35,1.0,10,user2791@example.com,train,1,moved
C002792,2019-02-28,EU,Standard,Monthly,64,39.25,36.11,1.0,29,,train,0,
C002793,2022-02-12,EU,Standard,Monthly,28,70.26,64.64,0.0,8,user2793@example.com,train,1,service
C002794,2019-01-29,EU,Standard,,65,68.49,63.01,1.0,15,user2794@example.com,train,0,
C002795,2018-09-01,EU,Standard,Monthly,70,95.32,87.69,0.0,15,user2795@example.com,test,0,
C002796,2022-08-11,EU,Premium,Monthly,22,123.9,113.99,1.0,17,,test,1,service
C002797,2021-06-17,EU,Standard,Annual,36,84.17,77.44,1.0,8,,test,0,
C002798,2020-07-22,EU,Basic,Annual,47,68.51,63.03,1.0,25,user2798@example.com,train,0,
C002799,2021-05-18,EU,Basic,Two year,37,53.79,49.49,1.0,1,,train,0,
C002800,2019-03-30,EU,Standard,,63,92.77,85.35,1.0,22,user2800@example.com,train,1,competitor
C002801,2021-11-14,EU,Standard,Monthly,31,37.29,34.31,1.0,26,user2801@example.com,train,0,
C002802,2020-10-20,EU,Basic,Monthly,44,69.41,63.86,1.0,5,user2802@example.com,train,0,
C002803,2021-06-17,EU,Basic,Two year,36,59.4,54.65,0.0,28,user2803@example.com,train,0,
C002804,2024-01-03,EU,Standard,Monthly,5,132.47,121.87,2.0,11,user2804@example.com,train,1,service
C002805,2024-03-03,EU,Standard,Monthly,3,43.49,40.01,0.0,15,,test,1,
C002806,2023-04-08,EU,Standard,Monthly,14,57.69,53.07,1.0,13,,train,1,competitor
C002807,2020-10-20,EU,Premium,Monthly,44,55.05,50.65,1.0,3,,train,1,moved
C002808,2024-02-02,EU,Basic,Monthly,4,52.93,48.7,2.0,17,user2808@example.com,train,1,price
C002809,2023-09-05,EU,Standard,Two year,9,54.91,50.52,1.0,1,,train,1,price
C002810,2021-11-14,EU,Standard,Monthly,31,66.92,61.57,1.0,12,,train,0,
C002811,2023-02-07,EU,Premium,Monthly,16,68.67,63.18,1.0,27,,train,1,price
C002812,2022-12-09,EU,Basic,Two year,18,74.53,68.57,1.0,2,,train,1,moved
C002813,2018-11-30,EU,Standard,Monthly,67,84.19,77.45,2.0,11,user2813@example.com,train,0,
C002814,2022-05-13,EU,Premium,Monthly,25,102.32,94.13,2.0,11,user2814@example.com,train,1,moved
C002815,2022-08-11,EU,Standard,Two year,22,46.5,42.78,2.0,twenty,user2815@example.com,test,1,price
C002816,2018-11-30,EU,Premium,Monthly,67,20.0,18.4,2.0,15,,train,0,
C002817,2022-02-12,EU,Basic,Two year,28,100.27,92.25,0.0,1,,train,0,
C002818,2018-10-01,EU,Basic,Monthly,69,54.16,49.83,1.0,5,user2818@example.com,test,0,
C002819,2024-05-02,EU,Basic,Two year,1,65.15,59.94,1.0,16,user2819@example.com,test,1,price
C002820,2019-08-27,EU,premium,Two year,58,44.41,40.86,1.0,27,,test,0,
C002821,2018-11-30,EU,Premium,Monthly,67,119.53,109.97,1.0,3,,train,0,
C002822,2022-11-09,EU,Premium,Two year,19,39.68,36.51,0.0,16,,train,1,competitor
C002823,2023-08-06,EU,PREMIUM,Monthly,10,65.0,59.8,1.0,16,user2823@example.com,train,1,competitor
C002824,2021-12-14,EU,Basic,Monthly,30,66.44,61.12,0.0,6,user2824@example.com,train,1,service
C002825,2021-06-17,EU,Standard,Monthly,36,95.47,87.83,2.0,15,,train,0,
C002826,2023-06-07,EU,Basic,,12,49.97,45.97,3.0,23,user2826@example.com,train,1,price
C002827,2022-08-11,EU,Standard,Two year,22,70.92,65.25,3.0,14,user2827@example.com,train,0,
C002828,2021-11-14,EU,Standard,Monthly,31,60.04,55.24,1.0,11,user2828@example.com,train,1,moved
C002829,2020-09-20,EU,Premium,Annual,45,56.55,52.03,0.0,27,user2829@example.com,test,0,
C002830,2018-10-31,EU,Standard,Two year,68,60.92,56.05,0.0,10,user2830@example.com,train,0,
C002831,2021-12-14,EU, Premium ,Two year,30,72.6,66.79,4.0,21,user2831@example.com,train,0,
C002832,2022-04-13,EU,Standard,Annual,26,73.0,67.16,2.0,2,,train,0,
C002833,2021-12-14,EU,Basic,Monthly,30,48.13,44.28,2.0,twenty,user2833@example.com,test,0,
C002834,2022-02-12,EU,Premium,Monthly,28,71.02,65.34,2.0,25,,train,1,service
C002835,2024-04-02,EU,Standard,Monthly,2,80.13,73.72,0.0,5,,test,1,competitor
C002836,2023-01-08,EU,Basic,Annual,17,124.43,114.48,1.0,24,,train,1,moved
C002837,2024-02-02,EU,Standard,,4,70.32,64.69,2.0,23,user2837@example.com,train,1,competitor
C002838,2020-09-20,EU,Standard,Monthly,45,115.56,106.32,2.0,23,user2838@example.com,train,1,price
C002839,2023-02-07,EU,Standard,Annual,16,77.9,71.67,2.0,18,,test,1,service
C002840,2024-02-02,EU,Standard,Two year,4,70.85,65.18,3.0,ten,user2840@example.com,test,0,
C002841,2023-01-08,EU,Standard,Monthly,17,46.31,42.61,0.0,12,user2841@example.com,train,0,
C002842,2022-01-13,EU,Basic,Annual,29,28.51,26.23,1.0,20,,train,0,
C002843,2021-09-15,EU,Premium,Two year,33,70.88,65.21,4.0,16,user2843@example.com,train,1,price
C002844,2020-06-22,EU,PREMIUM,Monthly,48,86.68,79.75,1.0,13,user2844@example.com,train,1,price
C002845,2020-06-22,EU,Standard,Annual,48,59.61,54.84,0.0,5,,train,0,
C002846,2023-09-05,EU,Premium,Annual,9,84.35,77.6,0.0,5,,train,1,service
C002847,2020-05-23,EU,Premium,Monthly,49,51.69,47.55,0.0,27,user2847@example.com,train,0,
C002848,2018-10-31,EU,Standard,Monthly,68,93.42,85.95,1.0,11,user2848@example.com,train,1,moved
C002849,2024-02-02,EU,Basic,Monthly,4,54.43,50.08,0.0,15,,train,1,service
C002850,2024-04-02,EU,Basic,Monthly,2,39.79,36.61,2.0,16,user2850@example.com,test,1,price
C002851,2019-05-29,EU,Basic,Two year,61,82.64,76.03,1.0,8,user2851@example.com,train,0,
C002852,2023-06-07,EU,Premium,Monthly,12,99.38,91.43,1.0,0,user2852@example.com,train,1,service
C002853,2019-03-30,EU,Standard,Monthly,63,87.27,80.29,0.0,14,,train,0,
C002854,2023-08-06,EU,Basic,Two year,10,73.72,67.82,3.0,twenty,,test,1,moved
C002855,2023-04-08,EU,Basic,Annual,14,76.82,70.67,3.0,12,user2855@example.com,test,1,service
C002856,2019-08-27,EU,Standard,Monthly,58,80.23,73.81,0.0,1,,test,1,price
C002857,2023-07-07,EU,Basic,,11,44.02,40.5,4.0,25,user2857@example.com,train,1,competitor
C002858,2022-07-12,EU,Standard,Monthly,23,28.85,26.54,0.0,fifteen,user2858@example.com,train,0,
C002859,2022-11-09,EU,Standard,Annual,19,45.65,42.0,1.0,1,user2859@example.com,train,1,competitor
C002860,2021-08-16,EU,Standard,Two year,34,82.65,76.04,3.0,ten,,train,1,moved
C002861,2022-07-12,EU,Basic,Monthly,23,97.24,89.46,1.0,16,,train,1,competitor
C002862,2023-04-08,EU,Standard,Monthly,14,72.89,67.06,1.0,27,user2862@example.com,train,1,price
C002863,2023-04-08,EU,Standard,Annual,14,87.52,80.52,0.0,7,,train,0,
C002864,2022-11-09,EU,Basic,Monthly,19,65.71,60.45,0.0,ten,user2864@example.com,train,0,
C002865,2020-11-19,EU,Basic,Two year,43,64.46,59.3,2.0,26,user2865@example.com,train,0,
C002866,2018-10-31,EU,Basic,Monthly,68,44.0,40.48,2.0,26,user2866@example.com,train,0,
C002867,2021-01-18,EU,Basic,Annual,41,100.27,92.25,0.0,fifteen,,train,0,
C002868,2021-05-18,EU,Standard,Annual,37,88.86,81.75,2.0,4,user2868@example.com,train,0,
C002869,2020-07-22,EU,Basic,Two year,47,26.56,24.44,0.0,fifteen,,train,0,
C002870,2019-12-25,EU,Standard,Monthly,54,63.97,58.85,1.0,6,user2870@example.com,train,0,
C002871,2018-12-30,EU,Basic,Two year,66,68.31,62.85,1.0,5,,train,0,
C002872,2019-07-28,EU,premium,Annual,59,51.6,47.47,0.0,10,,test,0,
C002873,2019-07-28,EU,Premium,,59,74.63,68.66,3.0,29,,train,1,service
C002874,2020-09-20,EU,Basic,Monthly,45,58.82,54.11,0.0,29,,train,0,
C002875,2022-02-12,EU,Standard,Monthly,28,42.74,39.32,4.0,18,user2875@example.com,test,0,
C002876,2021-09-15,EU,Basic,Monthly,33,25.9,23.83,2.0,2,user2876@example.com,test,1,moved
C002877,2020-02-23,EU,Basic,Monthly,52,20.0,18.4,0.0,6,user2877@example.com,test,1,
C002878,2019-03-30,EU,Standard,Monthly,63,48.39,44.52,2.0,6,,train,0,
C002879,2018-11-30,EU,Standard,Monthly,67,63.61,58.52,1.0,24,,train,0,
C002880,2020-07-22,EU,Standard,Monthly,47,42.88,39.45,0.0,8,user2880@example.com,train,0,
C002881,2024-03-03,EU,Standard,Annual,3,54.68,50.31,2.0,15,user2881@example.com,train,1,service
C002882,2023-10-05,EU,Standard,Annual,8,44.05,40.53,1.0,10,user2882@example.com,train,1,service
C002883,2024-01-03,EU,Basic,Two year,5,48.92,45.01,0.0,22,user2883@example.com,train,0,
C002884,2020-09-20,EU,Standard,Monthly,45,68.08,62.63,1.0,5,user2884@example.com,train,0,
C002885,2019-07-28,EU,Basic,Monthly,59,39.26,36.12,0.0,0,user2885@example.com,train,0,
C002886,2020-06-22,EU,Standard,Monthly,48,72.36,66.57,0.0,18,user2886@example.com,train,0,
C002887,2020-07-22,EU,premium,Annual,47,20.0,18.4,1.0,1,user2887@example.com,train,0,
C002888,2023-05-08,EU,PREMIUM,Annual,13,83.19,76.53,2.0,15,user2888@example.com,test,1,service
C002889,2021-12-14,EU,Basic,Monthly,30,38.0,34.96,0.0,16,,train,0,
C002890,2022-03-14,EU,Basic,Monthly,27,74.42,68.47,1.0,21,,train,1,service
C002891,2022-11-09,EU,Premium,Monthly,19,127.04,116.88,1.0,ten,,test,1,moved
C002892,2020-09-20,EU,Standard,Annual,45,89.79,82.61,0.0,20,user2892@example.com,train,0,
C002893,2019-10-26,EU,Standard,Monthly,56,98.87,90.96,0.0,29,,train,0,
C002894,2021-07-17,EU,Basic,Monthly,35,81.1,74.61,2.0,11,user2894@example.com,train,1,service
C002895,2021-06-17,EU,Standard,Monthly,36,101.64,93.51,0.0,14,user2895@example.com,train,0,
C002896,,EU,,,39,,,,,,train,0,
C002897,2024-03-03,EU,Basic,Annual,3,67.69,62.27,1.0,fifteen,,test,1,competitor
C002898,2020-01-24,EU,Basic,Monthly,53,68.2,62.74,0.0,27,,train,0,
C002899,2021-11-14,EU,Basic,Monthly,31,39.48,36.32,3.0,15,user2899@example.com,train,0,
C002900,2022-11-09,EU,Basic,Monthly,19,40.46,37.22,1.0,4,user2900@example.com,test,1,competitor
C002901,2023-05-08,EU,Standard,Annual,13,90.05,82.85,2.0,2,user2901@example.com,train,1,price
C002902,2019-09-26,EU,Premium,Two year,57,67.7,62.28,1.0,15,user2902@example.com,train,0,
C002903,2023-08-06,EU,Standard,Monthly,10,68.99,63.47,2.0,10,,train,1,moved
C002904,2018-10-31,EU,Basic,,68,46.06,42.38,0.0,3,,train,0,
C002905,2019-09-26,EU,Premium,Monthly,57,59.04,54.32,2.0,1,user2905@example.com,train,1,competitor
C002906,2019-05-29,EU,Basic,Monthly,61,98.34,90.47,1.0,twenty,,test,1,service
C002907,2020-06-22,EU,Standard,Monthly,48,103.16,94.91,2.0,19,user2907@example.com,test,1,service
C002908,2019-10-26,EU,Basic,Monthly,56,97.34,89.55,2.0,14,user2908@example.com,train,1,moved
C002909,2019-11-25,EU,Premium,Annual,55,60.34,55.51,3.0,9,user2909@example.com,test,0,
C002910,2020-11-19,EU,Standard,Monthly,43,42.95,39.51,1.0,3,user2910@example.com,train,0,
C002911,2020-12-19,EU,Standard,Monthly,42,61.29,56.39,0.0,22,user2911@example.com,train,0,
C002912,2021-01-18,EU,Standard,,41,33.04,30.4,0.0,16,user2912@example.com,test,0,
C002913,2021-11-14,EU,Premium,Monthly,31,67.81,62.39,0.0,12,user2913@example.com,train,0,
C002914,2021-10-15,EU,Standard,Monthly,32,66.13,60.84,3.0,13,user2914@example.com,test,0,
C002915,2023-07-07,EU,Standard,Two year,11,87.43,80.44,1.0,9,user2915@example.com,test,1,competitor
C002916,2021-06-17,EU,Standard,Annual,36,110.79,101.93,0.0,15,user2916@example.com,train,0,
C002917,2022-12-09,EU,Basic,Monthly,18,64.93,59.74,2.0,ten,,train,1,service
C002918,2020-10-20,EU,Standard,Annual,44,45.11,41.5,2.0,21,,train,1,moved
C002919,2023-03-09,EU,Standard,Two year,15,55.78,51.32,0.0,14,user2919@example.com,train,1,service
C002920,2023-09-05,EU,Standard,Monthly,9,71.09,65.4,2.0,26,,train,1,competitor
C002921,2018-12-30,EU,Premium,Monthly,66,43.9,40.39,0.0,24,user2921@example.com,train,0,
C002922,2022-11-09,EU,Standard,Monthly,19,43.37,39.9,0.0,25,user2922@example.com,test,0,
C002923,2021-06-17,EU,premium,Annual,36,113.12,104.07,1.0,25,user2923@example.com,test,0,
C002924,2021-02-17,EU,Standard,Monthly,40,79.88,73.49,1.0,19,,train,0,
C002925,2021-02-17,EU, Premium ,Monthly,40,93.64,86.15,0.0,8,user2925@example.com,train,1,service
C002926,2019-03-30,EU,Standard,Monthly,63,73.74,67.84,2.0,26,,train,0,
C002927,2021-05-18,EU,Standard,Two year,37,120.95,111.27,0.0,19,,train,1,price
C002928,2021-08-16,EU,Basic,Annual,34,89.53,82.37,2.0,12,user2928@example.com,train,1,moved
C002929,2022-11-09,EU,Standard,Monthly,19,64.68,59.51,2.0,13,user2929@example.com,train,1,moved
C002930,2023-02-07,EU,Standard,Annual,16,29.49,27.13,0.0,26,,train,0,
C002931,2023-01-08,EU,Standard,Annual,17,85.61,78.76,1.0,0,user2931@example.com,train,0,
C002932,2024-01-03,EU,Basic,,5,71.05,65.37,0.0,19,,train,0,
C002933,2020-02-23,EU,Standard,Monthly,52,79.7,73.32,1.0,5,,train,0,
C002934,2019-02-28,EU,Standard,Annual,64,66.86,61.51,0.0,22,user2934@example.com,train,0,
C002935,2019-08-27,EU,Standard,,58,61.79,56.85,1.0,0,,test,0,
C002936,2020-06-22,EU,Premium,Monthly,48,93.24,85.78,0.0,26,,test,1,competitor
C002937,2018-10-01,EU,Standard,Monthly,6900,72.93,67.1,1.0,0,user2937@example.com,test,0,
C002938,2020-02-23,EU,Standard,Annual,52,20.0,18.4,0.0,fifteen,user2938@example.com,train,0,
C002939,2024-02-02,EU,Basic,Annual,4,65.83,60.56,0.0,0,user2939@example.com,train,1,price
C002940,2023-06-07,EU,Standard,Monthly,12,126.7,116.56,0.0,28,user2940@example.com,train,1,service
C002941,2019-09-26,EU,Basic,Monthly,57,97.37,89.58,3.0,11,,train,0,
C002942,2021-06-17,EU,Premium,Annual,36,46.09,42.4,1.0,25,,train,1,
C002943,2019-05-29,EU,Standard,Monthly,61,103.83,95.52,1.0,ten,,test,1,moved
C002944,2023-07-07,EU,Standard,Monthly,11,20.0,18.4,1.0,2,user2944@example.com,train,1,competitor
C002945,2022-07-12,EU,Standard,Monthly,23,90.14,82.93,4.0,25,user2945@example.com,train,1,service
C002946,2020-01-24,EU,Standard,Monthly,53,48.24,44.38,3.0,21,user2946@example.com,train,1,service
C002947,2021-08-16,EU,Basic,Monthly,34,93.15,85.7,2.0,25,user2947@example.com,train,1,competitor
C002948,2022-06-12,EU,Standard,Monthly,24,72.12,66.35,1.0,4,user2948@example.com,train,1,competitor
C002949,2019-10-26,EU,Premium,Monthly,56,105.04,96.64,2.0,17,user2949@example.com,train,1,service
C002950,2023-09-05,EU,Basic,Monthly,9,73.71,67.81,0.0,8,user2950@example.com,train,0,
C002951,2023-11-04,EU,Basic,Monthly,7,74.71,68.73,2.0,13,user2951@example.com,train,1,price
C002952,2024-02-02,EU,Standard,Annual,4,109.14,100.41,1.0,2,user2952@example.com,train,0,
C002953,2024-01-03,EU,Basic,Monthly,5,70.0,64.4,1.0,7,,train,1,competitor
C002954,2022-01-13,EU,Basic,Annual,29,64.06,58.94,1.0,27,user2954@example.com,train,0,
C002955,2020-08-21,EU,Standard,Monthly,46,99.0,91.08,0.0,26,user2955@example.com,train,1,service
C002956,2021-04-18,EU,Standard,Monthly,38,32.6,29.99,2.0,20,,train,1,price
C002957,2020-01-24,EU,Basic,Two year,53,28.59,26.3,2.0,1,user2957@example.com,train,0,
C002958,2021-10-15,EU,Basic,Monthly,32,73.74,67.84,0.0,16,user2958@example.com,train,1,price
C002959,2021-11-14,EU,Premium,Annual,31,20.0,18.4,1.0,7,user2959@example.com,test,1,
C002960,2021-04-18,EU,Standard,Annual,38,81.46,74.94,0.0,20,user2960@example.com,train,0,
C002961,2023-05-08,EU,Basic,Monthly,13,41.42,38.11,5.0,19,,train,1,price
C002962,2019-11-25,EU,Basic,Monthly,55,72.07,66.3,1.0,14,,train,0,
C002963,2022-10-10,EU,Standard,Monthly,20,69.2,63.66,1.0,2,user2963@example.com,train,1,service
C002964,2022-05-13,EU,Standard,Two year,25,60.37,55.54,2.0,17,,test,0,
C002965,2020-10-20,EU,Basic,Annual,44,62.63,57.62,2.0,21,user2965@example.com,train,0,
C002966,2019-03-30,EU,Standard,Monthly,63,28.23,25.97,0.0,26,,train,0,
C002967,2019-11-25,EU,Basic,Monthly,55,52.09,47.92,2.0,18,user2967@example.com,train,0,
C002968,2020-09-20,EU,Premium,Monthly,45,87.78,80.76,1.0,20,user2968@example.com,train,0,
C002969,2019-06-28,EU,Basic,Monthly,60,55.8,51.34,1.0,21,user2969@example.com,test,0,
C002970,2020-02-23,EU,Standard,Annual,52,75.4,69.37,3.0,16,,train,0,
C002971,2018-10-31,EU,Premium,Monthly,68,59.89,55.1,0.0,13,,train,0,
C002972,2023-12-04,EU,Basic,Monthly,6,115.9,106.63,0.0,27,,test,0,
C002973,2023-07-07,EU,Standard,Annual,11,82.48,75.88,1.0,24,user2973@example.com,test,1,competitor
C002974,2022-05-13,EU,Basic,Annual,25,38.9,35.79,2.0,17,,train,0,
C002975,2022-01-13,EU,Basic,,29,91.09,83.8,3.0,28,user2975@example.com,test,1,price
C002976,2020-07-22,EU,Basic,Annual,47,92.95,85.51,0.0,18,user2976@example.com,test,0,
C002977,2018-09-01,EU,Basic,Monthly,70,66.19,60.89,2.0,5,,train,0,
C002978,2022-05-13,EU,Basic,Monthly,25,80.43,74.0,0.0,5,,train,1,service
C002979,2020-01-24,EU,Basic,Two year,53,127.85,117.62,0.0,29,user2979@example.com,train,0,
C002980,2019-05-29,EU,Standard,Monthly,61,50.35,46.32,1.0,5,user2980@example.com,test,0,
C002981,2018-12-30,EU,Basic,Two year,66,29.46,27.1,3.0,25,user2981@example.com,test,0,
C002982,2023-01-08,EU,Basic,Monthly,17,36.79,33.85,1.0,21,,test,1,moved
C002983,2022-02-12,EU,Standard,Monthly,28,48.45,44.57,2.0,12,,train,1,price
C002984,2022-04-13,EU,Standard,Monthly,26,55.16,50.75,0.0,24,user2984@example.com,train,0,
C002985,2023-11-04,EU,Premium,Monthly,7,79.03,72.71,2.0,14,user2985@example.com,train,1,service
C002986,2020-11-19,EU,Standard,Two year,43,20.0,18.4,1.0,22,,train,0,
C002987,2023-06-07,EU,Basic,Monthly,12,20.0,18.4,2.0,3,user2987@example.com,test,1,service
C002988,2023-11-04,EU,Basic,Annual,7,99.91,91.92,2.0,9,user2988@example.com,test,0,price
C002989,2019-12-25,EU,Basic,Annual,54,38.1,35.05,0.0,5,user2989@example.com,train,0,
C002990,2024-04-02,EU,Premium,Annual,2,81.14,74.65,1.0,14,user2990@example.com,train,0,
C002991,2022-08-11,EU,Standard,Annual,22,62.42,57.43,3.0,7,user2991@example.com,train,1,price
C002992,2022-09-10,EU,Basic,Two year,21,98.86,90.95,1.0,fifteen,,train,0,
C002993,2019-07-28,EU,Standard,Monthly,59,94.01,86.49,1.0,20,user2993@example.com,train,0,
C002994,2018-10-01,EU,Basic,Monthly,69,70.8,65.14,1.0,10,user2994@example.com,test,0,
C002995,2019-01-29,EU,Basic,Annual,65,46.36,42.65,0.0,13,user2995@example.com,train,0,
C002996,2022-10-10,EU,Basic,Monthly,20,95.62,87.97,0.0,3,,train,1,service
C002997,2023-08-06,EU,Basic,Monthly,10,64.35,59.2,0.0,13,user2997@example.com,train,0,
C002998,2022-08-11,EU,Premium,Monthly,22,69.4,63.85,0.0,13,user2998@example.com,train,0,
C002999,2020-01-24,EU,Standard,Monthly,53,70.41,64.78,2.0,7,user2999@example.com,train,0,
C000021,2023-08-06,EU,Basic,Monthly,10,140.98,129.7,0.0,29,user21@example.com,train,1,service
C000239,2020-09-20,EU,Standard,Annual,45,52.04,47.88,1.0,12,user239@example.com,train,0,
C000559,2021-06-17,EU,Standard,Annual,36,51.18,47.09,0.0,0,user559@example.com,train,0,
C000596,2021-07-17,EU,Standard,Annual,35,61.43,56.52,1.0,14,user596@example.com,test,0,
C000627,2022-07-12,EU,Basic,,23,57.22,52.64,1.0,29,,train,1,price
C000670,2021-05-18,EU,Basic,Monthly,37,65.76,60.5,1.0,2,user670@example.com,train,0,
C000722,2023-01-08,EU,Basic,Annual,17,54.47,50.11,1.0,27,user722@example.com,train,0,
C000849,2023-10-05,EU,Premium,Two year,8,57.99,53.35,1.0,28,,train,1,competitor
C000985,2020-12-19,EU,Standard,Annual,42,53.47,49.19,0.0,7,user985@example.com,train,0,
C001031,2020-12-19,EU,Standard,Annual,42,61.84,56.89,1.0,26,user1031@example.com,train,1,competitor
C001226,2022-08-11,EU,Basic,Annual,22,60.29,55.47,1.0,17,user1226@example.com,train,0,
C001431,2020-02-23,EU,Basic,Monthly,52,29.17,26.84,1.0,13,,train,0,
C001578,2023-05-08,EU,Standard,Monthly,13,23.08,21.23,1.0,21,,train,1,price
C001700,2019-04-29,EU,Basic,Monthly,62,91.05,83.77,2.0,29,user1700@example.com,train,0,
C001822,2018-10-31,EU,Standard,Monthly,68,68.16,62.71,0.0,23,,train,0,
C001846,2022-09-10,EU,Premium,Annual,21,56.27,51.77,1.0,0,user1846@example.com,test,1,price
C002013,2021-12-14,EU,Basic,Annual,30,52.08,47.91,2.0,15,user2013@example.com,train,1,price
C002050,2021-11-14,EU,Basic,Monthly,31,63.91,58.8,1.0,1,,train,1,service
C002075,2024-02-02,EU,Standard,Monthly,4,103.62,95.33,2.0,24,,train,1,price
C002103,2021-06-17,EU,Basic,Monthly,36,77.24,71.06,1.0,15,user2103@example.com,train,0,
C002199,2019-05-29,EU,Premium,Two year,61,91.14,83.85,1.0,29,user2199@example.com,train,1,price
C002262,2022-06-12,EU,Standard,Two year,24,45.54,41.9,0.0,16,user2262@example.com,train,0,
C002268,2020-11-19,EU,Standard,Annual,43,127.73,117.51,1.0,18,,test,0,
C002463,2019-11-25,EU,Standard,Monthly,55,117.27,107.89,0.0,3,,train,0,
C002746,2022-11-09,EU,Premium,Monthly,19,22.66,20.85,1.0,15,user2746@example.com,train,1,competitor
C002755,2018-08-02,EU,Basic,Annual,71,87.52,80.52,1.0,3,,test,0,
C002823,2023-08-06,EU,PREMIUM,Monthly,10,65.0,59.8,1.0,16,user2823@example.com,train,1,competitor
C002977,2018-09-01,EU,Basic,Monthly,70,66.19,60.89,2.0,5,,train,0,
C002979,2020-01-24,EU,Basic,Two year,53,127.85,117.62,0.0,29,user2979@example.com,train,0,
C002998,2022-08-11,EU,Premium,Monthly,22,69.4,63.85,0.0,13,user2998@example.com,train,0,
C000060,2019-01-29,EU,Basic,Annual,66,103.6,95.31,3.0,29,user60@example.com,train,1,price
C000270,2019-11-25,EU,Basic,Monthly,56,29.69,27.31,1.0,23,,train,1,moved
C000360,2020-07-22,EU,Premium,,48,96.05,88.37,0.0,0,,train,0,
C000444,2022-02-12,EU,Basic,Annual,29,79.24,72.9,3.0,2,user444@example.com,train,0,
C000448,2022-01-13,EU,Basic,,30,86.84,79.89,1.0,26,,train,1,competitor
C000794,2020-09-20,EU,Standard,Monthly,46,93.43,85.96,1.0,3,user794@example.com,train,0,
C000799,2019-07-28,EU,Basic,Annual,60,75.51,69.47,1.0,24,user799@example.com,test,0,
C001148,2019-03-30,EU,Basic,Two year,64,92.97,85.53,2.0,22,,train,0,
C001240,2023-04-08,EU,Basic,Annual,15,99.21,91.27,1.0,19,,test,0,
C001377,2018-10-01,EU,Standard,Monthly,70,70.5,64.86,2.0,16,user1377@example.com,train,0,
C001489,2021-01-18,EU,Basic,Annual,42,88.47,81.39,2.0,0,user1489@example.com,train,1,price
C001730,2020-01-24,EU,Standard,Monthly,54,113.65,104.56,3.0,22,user1730@example.com,train,1,service
C001786,2019-11-25,EU,Basic,Monthly,56,62.59,57.58,1.0,15,,train,0,
C001858,2021-02-17,EU,Premium,Annual,41,74.33,68.38,0.0,12,user1858@example.com,train,0,
C001956,2020-09-20,EU,Premium,Annual,46,36.03,33.15,1.0,28,user1956@example.com,test,0,
C002066,2022-11-09,EU,Standard,Monthly,20,42.21,38.83,1.0,7,user2066@example.com,train,0,
C002428,2023-12-04,EU,Standard,Monthly,7,94.25,86.71,2.0,14,user2428@example.com,train,1,service
C002532,2024-01-03,EU,Standard,Monthly,6,82.08,75.51,1.0,26,user2532@example.com,train,1,moved
C002853,2019-03-30,EU,Standard,Monthly,64,87.27,80.29,0.0,14,,train,0,
C002890,2022-03-14,EU,Basic,Monthly,28,74.42,68.47,1.0,21,,train,1,service
C000199,2019-03-30,EU,Basic,Two year,63,56.65,52.12,2.0,22,,test,0,
C000321,2021-06-17,EU,Premium,Monthly,36,133.51,122.83,2.0,28,user321@example.com,test,1,competitor
C000356,2018-12-30,EU,Basic,Monthly,66,64.29,59.15,1.0,0,,test,0,
C000382,2020-06-22,EU,Standard,Monthly,48,45.35,41.72,0.0,19,user382@example.com,test,0,
C000437,2021-12-14,EU,Basic,Annual,30,42.68,39.27,1.0,12,user437@example.com,test,0,
C000586,2023-07-07,EU,Basic,Monthly,11,66.82,61.47,0.0,4,user586@example.com,test,1,service
C000630,2023-03-09,EU,Basic,Two year,15,77.47,71.27,1.0,26,user630@example.com,test,1,competitor
C000682,2023-01-08,EU,Basic,Monthly,17,60.91,56.04,0.0,8,user682@example.com,test,0,
C000712,2019-05-29,EU,Standard,Annual,61,54.61,50.24,1.0,3,,test,0,
C000865,2023-10-05,EU,Standard,,8,33.9,31.19,3.0,21,user865@example.com,test,1,service
C000902,2022-09-10,EU,Basic,Annual,21,74.91,68.92,2.0,21,,test,1,price
C001016,2022-08-11,EU,Standard,Monthly,22,36.66,33.73,0.0,17,user1016@example.com,test,1,service
C001270,2018-09-01,EU,Basic,Annual,70,81.71,75.17,3.0,29,user1270@example.com,test,0,
C001349,2020-05-23,EU,Standard,,49,57.31,52.73,1.0,4,,test,1,competitor
C001508,2018-12-30,EU,Standard,Annual,66,38.25,35.19,1.0,7,user1508@example.com,test,0,
C001556,2020-08-21,EU,Basic,Annual,46,72.7,66.88,2.0,12,user1556@example.com,test,0,
C001758,2022-06-12,EU,Premium,Annual,24,103.39,95.12,1.0,10,user1758@example.com,test,1,price
C001807,2023-05-08,EU,Basic,,13,92.61,85.2,3.0,27,,test,1,price
C001891,2022-10-10,EU,Standard,Monthly,20,103.42,95.15,1.0,16,user1891@example.com,test,0,
C001922,2020-01-24,EU,Basic,,53,115.58,106.33,0.0,1,user1922@example.com,test,0,
C001975,2019-07-28,EU,Standard,Annual,59,41.0,37.72,4.0,2,user1975@example.com,test,1,competitor
C002446,2020-11-19,EU,Basic,Monthly,43,58.27,53.61,1.0,4,user2446@example.com,test,1,moved
C002531,2022-04-13,EU,Basic,Monthly,26,53.32,49.05,2.0,2,user2531@example.com,test,1,moved
C002575,2023-12-04,EU,Standard,Monthly,6,66.66,61.33,2.0,28,user2575@example.com,test,1,service
C002809,2023-09-05,EU,Standard,Two year,9,54.91,50.52,1.0,1,,test,1,price
