review_id,product_category,review_body,rating,verified,split,sentiment
R000000,Kitchen,Compared to the chair it replaced 7 weeks ago this one is defective. I would not put this in front of a guest.,2,True,train,negative
R000001,Office,The router arrived on day 1 and the build quality felt fine. There are better options if you can spend more.,3,True,test,neutral
R000002,Office,After 16 weeks of daily use the headset still looks defective. Support have ignored two emails so far.,2,True,test,negative
R000003,Audio,Honestly the monitor was acceptable for the 96 pounds I paid. It sits in a drawer more often than not.,3,True,train,neutral
R000004,Office,Setup took about 51 minutes and the whole toaster felt broken. It stopped working entirely on the fourth day.,1,False,train,negative
R000005,Audio,The kettle arrived on day 11 and the build quality felt perfect. It has become the one I reach for every morning.,4,True,train,positive
R000006,Office,Setup took about 7 minutes and the whole kettle felt perfect. Support answered my question the same afternoon.,5,False,train,positive
R000007,Audio,Compared to the mousepad it replaced 6 weeks ago this one is brilliant. Support answered my question the same afternoon.,4,False,train,positive
R000008,Kitchen,After 10 weeks of daily use the speaker still looks brilliant. Packaging was tidy and nothing was scratched.,4,True,test,positive
R000009,Kitchen,Honestly the mousepad was broken for the 184 pounds I paid. Support have ignored two emails so far.,1,True,test,negative
R000010,Kitchen,Ordered the blender on a whim for 109 pounds and the finish is perfect. Worth every bit of what I paid.,4,True,train, positive
R000011,Kitchen,I have used this router for 5 weeks now and it is excellent. Packaging was tidy and nothing was scratched.,4,False,train,Positive
R000012,Kitchen,Bought the router for my hallway 7 weeks back and found it broken. I have started a return and want my money back.,1,True,train,negative
R000013,Office,Honestly the monitor was terrible for the 25 pounds I paid. The listing photos do not match what turned up.,2,False,test,negative
R000014,Audio,"Compared to the blender it replaced 4 weeks ago this one is okay. No complaints, but no enthusiasm either.",3,True,train,neutral
R000015,Office,The chair arrived on day 11 and the build quality felt brilliant. My partner liked it enough to ask for one.,5,True,test,positive
R000016,Audio,The mousepad arrived on day 9 and the build quality felt outstanding. Packaging was tidy and nothing was scratched.,4,True,train,positive
R000017,Office,Bought the headset for my studio 5 weeks back and found it sturdy. I would order another without thinking twice.,5,True,train,positive
R000018,Office,Good product. Would buy again. Delivery took 37 days.,3,True,train,neutral
R000019,Kitchen,After 29 weeks of daily use the router still looks flimsy. Save your money and buy something else.,1,True,train,negative
R000020,Audio,Ordered the kettle on a whim for 71 pounds and the finish is useless. Mine arrived with a crack down one side.,2,True,train,negative
R000021,Office,Honestly the monitor was shoddy for the 101 pounds I paid. Support have ignored two emails so far.,2,True,train,negative
R000022,Office,Honestly the backpack was sturdy for the 27 pounds I paid. Support answered my question the same afternoon.,4,True,test,positive
R000023,Audio,I have used this router for 24 weeks now and it is useless. Save your money and buy something else.,1,False,test,negative
R000024,Kitchen,Compared to the kettle it replaced 11 weeks ago this one is useless. I have started a return and want my money back.,1,True,train,negative
R000025,Audio,The speaker arrived on day 1 and the build quality felt impressive. My partner liked it enough to ask for one.,5,False,train,positive
R000026,Kitchen,Ordered the lamp on a whim for 74 pounds and the finish is flawless. I would order another without thinking twice.,5,True,train,positive
R000027,Audio,"Honestly the router was okay for the 120 pounds I paid. Fine for the money, forgettable otherwise.",3,True,train,neutral
R000028,Office,Setup took about 10 minutes and the whole headset felt outstanding. Battery life beat what the listing promised.,4,False,train,positive
R000029,Audio,Compared to the chair it replaced 6 weeks ago this one is unusable. Save your money and buy something else.,1,True,train,negative
R000030,Kitchen,Setup took about 51 minutes and the whole router felt superb. My partner liked it enough to ask for one.,5,False,train,positive
R000031,Office,"The headset arrived on day 5 and the build quality felt average. No complaints, but no enthusiasm either.",5,False,test, neutral
R000032,Kitchen,Honestly the speaker was impressive for the 127 pounds I paid. Worth every bit of what I paid.,5,True,train,positive
R000033,Office,Ordered the kettle on a whim for 189 pounds and the finish is flimsy. Mine arrived with a crack down one side.,1,True,train,negative
R000034,Kitchen,"I have used this backpack for 13 weeks now and it is serviceable. Fine for the money, forgettable otherwise.",3,True,train,neutral
R000035,Kitchen,After 10 weeks of daily use the monitor still looks unremarkable. About what I expected at this price.,3,True,train,neutral
R000036,Office,Bought the monitor for my workshop 21 weeks back and found it awful. Mine arrived with a crack down one side.,1,True,train,negative
R000037,Audio,After 24 weeks of daily use the keyboard still looks flawless. Worth every bit of what I paid.,4,True,train,positive
R000038,Audio,"Setup took about 45 minutes and the whole keyboard felt okay. No complaints, but no enthusiasm either.",3,True,train,neutral
R000039,Office,Compared to the kettle it replaced 3 weeks ago this one is outstanding. It has survived two house moves already.,5,True,test,positive
R000040,Kitchen,Honestly the router was solid for the 124 pounds I paid. I would order another without thinking twice.,4,True,train,positive
R000041,Kitchen,Ordered the keyboard on a whim for 145 pounds and the finish is unusable. It stopped working entirely on the fourth day.,1,True,train,negative
R000042,Audio,Honestly the router was flawless for the 161 pounds I paid. Packaging was tidy and nothing was scratched.,4,True,train,positive
R000043,Office,Ordered the speaker on a whim for 90 pounds and the finish is defective. It rattles badly whenever it is switched on.,2,True,test,negative
R000044,Kitchen,The backpack arrived on day 5 and the build quality felt sturdy. Battery life beat what the listing promised.,4,True,test,positive
R000045,Office,The lamp arrived on day 9 and the build quality felt average. There are better options if you can spend more.,3,False,train,neutral
R000046,Audio,Honestly the toaster was perfect for the 55 pounds I paid. Packaging was tidy and nothing was scratched.,4,False,test,positive
R000047,Audio,Good product. Would order again. Arrived 22 days early.,5,True,test,positive
R000048,Audio,Honestly the backpack was defective for the 49 pounds I paid. Support have ignored two emails so far.,2,True,train,negative
R000049,Audio,After 13 weeks of daily use the blender still looks fantastic. It has survived two house moves already.,4,False,train,positive
R000050,Kitchen,Ordered the speaker on a whim for 13 pounds and the finish is excellent. Worth every bit of what I paid.,1,False,train,positive
R000051,Audio,Honestly the mousepad was excellent for the 153 pounds I paid. I would order another without thinking twice.,5,False,train,positive
R000052,Kitchen,I have used this monitor for 29 weeks now and it is unremarkable. There are better options if you can spend more.,3,False,train,neutral
R000053,Kitchen,Honestly the chair was solid for the 132 pounds I paid. It has become the one I reach for every morning.,5,True,test, positive
R000054,Office,Ordered the keyboard on a whim for 73 pounds and the finish is ordinary. About what I expected at this price.,4,False,test,neutral
R000055,Kitchen,After 16 weeks of daily use the headset still looks outstanding. Worth every bit of what I paid.,4,True,train,positive
R000056,Audio,The backpack arrived on day 7 and the build quality felt useless. Support have ignored two emails so far.,1,True,test,negative
R000057,Office,The backpack arrived on day 7 and the build quality felt useless. I would not put this in front of a guest.,1,True,test,negative
R000058,Office,I have used this toaster for 23 weeks now and it is unusable. Support have ignored two emails so far.,1,True,train,negative
R000059,Kitchen,After 5 weeks of daily use the router still looks perfect. It has survived two house moves already.,4,True,train,positive
R000060,Office,Honestly the backpack was sturdy for the 171 pounds I paid. Packaging was tidy and nothing was scratched.,4,True,test,positive
R000061,Office,Compared to the lamp it replaced 20 weeks ago this one is solid. Battery life beat what the listing promised.,2,True,train,Positive
R000062,Audio,Setup took about 59 minutes and the whole backpack felt fantastic. It has become the one I reach for every morning.,4,True,train,positive
R000063,Audio,"Great product, would buy again! Used it for 4 weeks so far.",1,True,train,negative
R000064,Audio,"Compared to the mousepad it replaced 11 weeks ago this one is ordinary. No complaints, but no enthusiasm either.",5,True,test,neutral
R000065,Audio,"I have used this kettle for 24 weeks now and it is adequate. No complaints, but no enthusiasm either.",3,False,train,positive
R000066,Kitchen,After 18 weeks of daily use the lamp still looks sturdy. My partner liked it enough to ask for one.,5,True,train,positive
R000067,Office,I have used this lamp for 4 weeks now and it is ordinary. It does what it says and nothing beyond that.,3,True,train,neutral
R000068,Audio,Compared to the monitor it replaced 6 weeks ago this one is fine. About what I expected at this price.,3,True,train,neutral
R000069,Audio,Bought the headset for my studio 15 weeks back and found it dreadful. It rattles badly whenever it is switched on.,2,True,train,negative
R000070,Office,After 25 weeks of daily use the speaker still looks brilliant. Packaging was tidy and nothing was scratched.,4,False,train,positive
R000071,Audio,Honestly the lamp was unremarkable for the 169 pounds I paid. It does what it says and nothing beyond that.,3,True,train,neutral
R000072,Kitchen,After 26 weeks of daily use the backpack still looks impressive. Battery life beat what the listing promised.,5,False,train,negative
R000073,Kitchen,Bought the mousepad for my studio 25 weeks back and found it excellent. Battery life beat what the listing promised.,5,True,train,positive
R000074,Audio,Ordered the speaker on a whim for 93 pounds and the finish is fantastic. Battery life beat what the listing promised.,4,True,train,positive
R000075,Kitchen,The speaker arrived on day 10 and the build quality felt defective. I have started a return and want my money back.,2,True,train,negative
R000076,Kitchen,I have used this lamp for 19 weeks now and it is sturdy. I would order another without thinking twice.,4,True,test,positive
R000077,Kitchen,After 3 weeks of daily use the mousepad still looks shoddy. Save your money and buy something else.,1,True,train,negative
R000078,Audio,I have used this router for 15 weeks now and it is flimsy. It rattles badly whenever it is switched on.,1,True,test,negative
R000079,Office,The kettle arrived on day 12 and the build quality felt brilliant. Battery life beat what the listing promised.,5,True,train,positive
R000080,Office,Bought the lamp for my spare room 25 weeks back and found it flawless. Packaging was tidy and nothing was scratched.,4,True,train,positive
R000081,Audio,Compared to the mousepad it replaced 22 weeks ago this one is excellent. Worth every bit of what I paid.,4,True,train,positive
R000082,Audio,Honestly the kettle was broken for the 134 pounds I paid. The listing photos do not match what turned up.,2,True,train,negative
R000083,Kitchen,Compared to the router it replaced 15 weeks ago this one is superb. Battery life beat what the listing promised.,4,True,train,positive
R000084,Kitchen,The chair arrived on day 3 and the build quality felt dreadful. It rattles badly whenever it is switched on.,2,True,train, negative
R000085,Audio,"Ordered the lamp on a whim for 34 pounds and the finish is serviceable. Fine for the money, forgettable otherwise.",3,False,train,neutral
R000086,Kitchen,The blender arrived on day 14 and the build quality felt impressive. It has survived two house moves already.,5,True,train,positive
R000087,Audio,Honestly the router was flawless for the 102 pounds I paid. Battery life beat what the listing promised.,5,True,test,positive
R000088,Kitchen,Ordered the toaster on a whim for 144 pounds and the finish is perfect. It has become the one I reach for every morning.,4,True,train,positive
R000089,Office,"Ordered the backpack on a whim for 46 pounds and the finish is adequate. It works, though the manual was useless.",3,True,train,positive
R000090,Kitchen,Honestly the monitor was impressive for the 113 pounds I paid. Worth every bit of what I paid.,5,True,train,positive
R000091,Kitchen,Bought the mousepad for my home office 14 weeks back and found it awful. I would not put this in front of a guest.,2,True,train,negative
R000092,Kitchen,"Bought the monitor for my workshop 5 weeks back and found it ordinary. It works, though the manual was useless.",3,False,test,Neutral
R000093,Office,Honestly the kettle was impressive for the 138 pounds I paid. I would order another without thinking twice.,5,True,train,Positive
R000094,Kitchen,Compared to the blender it replaced 2 weeks ago this one is sturdy. Worth every bit of what I paid.,2,True,train,positive
R000095,Office,The router arrived on day 13 and the build quality felt flawless. Packaging was tidy and nothing was scratched.,4,True,train,positive
R000096,Kitchen,The toaster arrived on day 14 and the build quality felt sturdy. It has become the one I reach for every morning.,4,True,train,positive
R000097,Office,I have used this chair for 7 weeks now and it is brilliant. I would order another without thinking twice.,5,True,train,positive
R000098,Audio,After 12 weeks of daily use the speaker still looks shoddy. It rattles badly whenever it is switched on.,2,True,train,negative
R000099,Office,Bought the blender for my home office 14 weeks back and found it fine. It sits in a drawer more often than not.,3,True,train,neutral
R000100,Kitchen,Nice product. Will buy again. Used it for 35 weeks so far.,5,True,train,positive
R000101,Audio,Ordered the backpack on a whim for 148 pounds and the finish is perfect. Packaging was tidy and nothing was scratched.,4,False,train,positive
R000102,Office,Ordered the kettle on a whim for 182 pounds and the finish is broken. I would not put this in front of a guest.,1,True,train,negative
R000103,Audio,After 13 weeks of daily use the router still looks sturdy. Support answered my question the same afternoon.,4,True,test,positive
R000104,Office,The backpack arrived on day 5 and the build quality felt okay. About what I expected at this price.,3,True,test,neutral
R000105,Kitchen,The keyboard arrived on day 4 and the build quality felt superb. Support answered my question the same afternoon.,2,True,test, positive
R000106,Office,The monitor arrived on day 8 and the build quality felt brilliant. I would order another without thinking twice.,5,True,train,positive
R000107,Office,Setup took about 49 minutes and the whole router felt fine. There are better options if you can spend more.,3,True,train,positive
R000108,Kitchen,Honestly the backpack was unusable for the 30 pounds I paid. The listing photos do not match what turned up.,1,True,train,negative
R000109,Kitchen,The kettle arrived on day 4 and the build quality felt adequate. It sits in a drawer more often than not.,3,False,train,neutral
R000110,Kitchen,The router arrived on day 12 and the build quality felt unusable. The listing photos do not match what turned up.,2,True,train,negative
R000111,Office,Setup took about 57 minutes and the whole chair felt fantastic. I would order another without thinking twice.,4,True,test,positive
R000112,Kitchen,After 12 weeks of daily use the toaster still looks broken. Save your money and buy something else.,2,True,test,negative
R000113,Kitchen,Honestly the keyboard was solid for the 60 pounds I paid. I would order another without thinking twice.,4,True,train,positive
R000114,Audio,"Honestly the blender was acceptable for the 172 pounds I paid. It works, though the manual was useless.",3,True,train,neutral
R000115,Kitchen,Compared to the chair it replaced 27 weeks ago this one is sturdy. Packaging was tidy and nothing was scratched.,5,True,test, positive
R000116,Kitchen,Ordered the kettle on a whim for 86 pounds and the finish is defective. The listing photos do not match what turned up.,5,True,train,negative
R000117,Office,After 5 weeks of daily use the mousepad still looks defective. It stopped working entirely on the fourth day.,1,True,train,negative
R000118,Kitchen,After 24 weeks of daily use the backpack still looks superb. I would order another without thinking twice.,5,True,test,positive
R000119,Audio,Does the job. No complaints. Used it for 21 weeks so far.,4,True,train,positive
R000120,Kitchen,"Does the job, no complaints here. Arrived 21 days early.",1,True,test,negative
R000121,Kitchen,The blender arrived on day 14 and the build quality felt perfect. My partner liked it enough to ask for one.,5,True,train,positive
R000122,Kitchen,After 18 weeks of daily use the speaker still looks awful. I have started a return and want my money back.,1,True,train,negative
R000123,Kitchen,Compared to the blender it replaced 15 weeks ago this one is okay. It sits in a drawer more often than not.,3,True,train,neutral
R000124,Audio,After 12 weeks of daily use the mousepad still looks brilliant. I would order another without thinking twice.,5,True,train,positive
R000125,Office,Honestly the blender was defective for the 58 pounds I paid. Mine arrived with a crack down one side.,2,True,train,negative
R000126,Kitchen,After 5 weeks of daily use the monitor still looks solid. It has become the one I reach for every morning.,5,False,train,positive
R000127,Office,The backpack arrived on day 5 and the build quality felt perfect. It has become the one I reach for every morning.,5,True,train,positive
R000128,Kitchen,I have used this monitor for 25 weeks now and it is outstanding. Support answered my question the same afternoon.,1,True,train,positive
R000129,Office,"Ordered the headset on a whim for 71 pounds and the finish is adequate. It works, though the manual was useless.",3,False,test,neutral
R000130,Office,I have used this backpack for 20 weeks now and it is defective. I have started a return and want my money back.,2,True,train,negative
R000131,Kitchen,Bought the monitor for my workshop 2 weeks back and found it outstanding. It has become the one I reach for every morning.,4,True,train,positive
R000132,Kitchen,Ordered the lamp on a whim for 165 pounds and the finish is dreadful. Save your money and buy something else.,1,False,test,negative
R000133,Kitchen,Setup took about 10 minutes and the whole chair felt fantastic. Packaging was tidy and nothing was scratched.,4,True,train,positive
R000134,Kitchen,After 3 weeks of daily use the backpack still looks adequate. It sits in a drawer more often than not.,3,False,test,neutral
R000135,Office,The lamp arrived on day 10 and the build quality felt brilliant. Packaging was tidy and nothing was scratched.,1,True,train,positive
R000136,Office,I have used this speaker for 22 weeks now and it is fantastic. It has become the one I reach for every morning.,5,True,test,positive
R000137,Audio,Setup took about 59 minutes and the whole kettle felt flimsy. It stopped working entirely on the fourth day.,5,True,train,negative
R000138,Office,Bought the headset for my home office 20 weeks back and found it superb. Worth every bit of what I paid.,4,True,train,positive
R000139,Audio,Ordered the headset on a whim for 109 pounds and the finish is awful. Support have ignored two emails so far.,1,True,test,negative
R000140,Audio,The lamp arrived on day 2 and the build quality felt sturdy. Support answered my question the same afternoon.,5,True,test,positive
R000141,Office,I have used this backpack for 19 weeks now and it is unusable. Mine arrived with a crack down one side.,4,True,train,negative
R000142,Kitchen,Ordered the toaster on a whim for 96 pounds and the finish is perfect. It has survived two house moves already.,5,True,train,positive
R000143,Kitchen,Ordered the speaker on a whim for 29 pounds and the finish is average. About what I expected at this price.,3,True,test,neutral
R000144,Office,I have used this blender for 19 weeks now and it is fantastic. Support answered my question the same afternoon.,4,False,test,positive
R000145,Audio,After 25 weeks of daily use the toaster still looks excellent. My partner liked it enough to ask for one.,4,False,train,positive
R000146,Kitchen,Bought the headset for my kitchen 11 weeks back and found it okay. It does what it says and nothing beyond that.,3,True,train,neutral
R000147,Audio,After 7 weeks of daily use the backpack still looks dreadful. It stopped working entirely on the fourth day.,2,False,train,negative
R000148,Kitchen,"I have used this backpack for 4 weeks now and it is average. It works, though the manual was useless.",3,True,train,neutral
R000149,Kitchen,After 21 weeks of daily use the headset still looks dreadful. It stopped working entirely on the fourth day.,1,True,test,negative
R000150,Kitchen,Ordered the blender on a whim for 30 pounds and the finish is outstanding. Worth every bit of what I paid.,4,True,train,positive
R000151,Office,Bought the monitor for my workshop 7 weeks back and found it flimsy. I would not put this in front of a guest.,1,True,test,negative
R000152,Audio,I have used this chair for 28 weeks now and it is cheap. Mine arrived with a crack down one side.,2,True,train,negative
R000153,Kitchen,Ordered the lamp on a whim for 129 pounds and the finish is terrible. Support have ignored two emails so far.,1,True,train,negative
R000154,Kitchen,Honestly the headset was superb for the 137 pounds I paid. Packaging was tidy and nothing was scratched.,5,True,train,positive
R000155,Kitchen,After 26 weeks of daily use the headset still looks brilliant. Worth every bit of what I paid.,5,True,train,positive
R000156,Office,Compared to the lamp it replaced 17 weeks ago this one is dreadful. It stopped working entirely on the fourth day.,2,True,test,negative
R000157,Kitchen,"After 16 weeks of daily use the monitor still looks unremarkable. No complaints, but no enthusiasm either.",2,True,test,Neutral
R000158,Kitchen,Honestly the lamp was outstanding for the 95 pounds I paid. My partner liked it enough to ask for one.,4,True,train,positive
R000159,Audio,"Setup took about 30 minutes and the whole kettle felt serviceable. Fine for the money, forgettable otherwise.",5,True,test,neutral
R000160,Audio,After 26 weeks of daily use the router still looks sturdy. My partner liked it enough to ask for one.,5,False,test,positive
R000161,Office,Bought the blender for my spare room 18 weeks back and found it passable. I neither regret it nor recommend it.,3,False,test,neutral
R000162,Office,Bought the monitor for my kitchen 2 weeks back and found it serviceable. There are better options if you can spend more.,3,True,train,neutral
R000163,Audio,After 21 weeks of daily use the monitor still looks acceptable. About what I expected at this price.,3,True,train,Neutral
R000164,Audio,I have used this keyboard for 18 weeks now and it is impressive. Battery life beat what the listing promised.,4,True,train,positive
R000165,Audio,The toaster arrived on day 13 and the build quality felt brilliant. Packaging was tidy and nothing was scratched.,4,True,test,positive
R000166,Office,"Bought the backpack for my home office 19 weeks back and found it unremarkable. It works, though the manual was useless.",3,True,train,neutral
R000167,Audio,Setup took about 9 minutes and the whole blender felt useless. It rattles badly whenever it is switched on.,1,True,train,negative
R000168,Kitchen,Setup took about 58 minutes and the whole blender felt outstanding. Packaging was tidy and nothing was scratched.,4,False,train,positive
R000169,Audio,Ordered the monitor on a whim for 106 pounds and the finish is superb. I would order another without thinking twice.,5,False,train,positive
R000170,Audio,Setup took about 32 minutes and the whole blender felt adequate. There are better options if you can spend more.,3,True,test,neutral
R000171,Office,After 23 weeks of daily use the mousepad still looks unremarkable. It does what it says and nothing beyond that.,3,True,train,neutral
R000172,Audio,Honestly the blender was dreadful for the 145 pounds I paid. I have started a return and want my money back.,1,True,test,negative
R000173,Kitchen,I have used this lamp for 6 weeks now and it is excellent. Worth every bit of what I paid.,5,True,train,positive
R000174,Kitchen,"Honestly the router was passable for the 120 pounds I paid. No complaints, but no enthusiasm either.",3,True,train,neutral
R000175,Audio,Ordered the backpack on a whim for 111 pounds and the finish is superb. Battery life beat what the listing promised.,4,True,test,positive
R000176,Audio,After 3 weeks of daily use the monitor still looks acceptable. It sits in a drawer more often than not.,3,True,train,neutral
R000177,Kitchen,"Setup took about 11 minutes and the whole mousepad felt fine. It works, though the manual was useless.",3,True,train,neutral
R000178,Kitchen,Setup took about 15 minutes and the whole chair felt dreadful. Support have ignored two emails so far.,1,True,train,negative
R000179,Kitchen,I have used this speaker for 26 weeks now and it is impressive. It has survived two house moves already.,5,False,test,positive
R000180,Office,The kettle arrived on day 10 and the build quality felt acceptable. It sits in a drawer more often than not.,3,True,train,neutral
R000181,Kitchen,Ordered the mousepad on a whim for 187 pounds and the finish is brilliant. Support answered my question the same afternoon.,4,True,train,positive
R000182,Office,Setup took about 29 minutes and the whole chair felt awful. I would not put this in front of a guest.,2,False,test,negative
R000183,Audio,Setup took about 34 minutes and the whole kettle felt unremarkable. It does what it says and nothing beyond that.,3,True,train,neutral
R000184,Kitchen,Honestly the toaster was defective for the 119 pounds I paid. The listing photos do not match what turned up.,1,True,test,negative
R000185,Office,"Honestly the monitor was average for the 100 pounds I paid. Fine for the money, forgettable otherwise.",1,True,test,neutral
R000186,Office,Ordered the speaker on a whim for 30 pounds and the finish is terrible. Support have ignored two emails so far.,1,True,train,negative
R000187,Audio,"Bought the kettle for my hallway 26 weeks back and found it acceptable. It works, though the manual was useless.",3,True,train,neutral
R000188,Kitchen,The router arrived on day 11 and the build quality felt dreadful. I would not put this in front of a guest.,2,True,train,negative
R000189,Office,The monitor arrived on day 11 and the build quality felt outstanding. Battery life beat what the listing promised.,4,True,train,positive
R000190,Audio,Setup took about 11 minutes and the whole kettle felt awful. It stopped working entirely on the fourth day.,4,True,train,negative
R000191,Audio,Honestly the speaker was brilliant for the 66 pounds I paid. Packaging was tidy and nothing was scratched.,4,False,train,positive
R000192,Office,Honestly the chair was excellent for the 131 pounds I paid. Worth every bit of what I paid.,5,True,train,positive
R000193,Audio,"After 26 weeks of daily use the headset still looks adequate. It works, though the manual was useless.",3,True,train,neutral
R000194,Office,Ordered the chair on a whim for 158 pounds and the finish is dreadful. Mine arrived with a crack down one side.,2,False,train,negative
R000195,Office,Ordered the mousepad on a whim for 63 pounds and the finish is defective. I have started a return and want my money back.,1,True,train,negative
R000196,Audio,Honestly the router was flawless for the 71 pounds I paid. It has become the one I reach for every morning.,4,False,train,positive
R000197,Audio,I have used this keyboard for 19 weeks now and it is okay. I neither regret it nor recommend it.,3,True,train,neutral
R000198,Audio,After 19 weeks of daily use the blender still looks unremarkable. About what I expected at this price.,1,True,test,neutral
R000199,Office,I have used this monitor for 6 weeks now and it is middling. I neither regret it nor recommend it.,3,False,train,neutral
R000200,Office,Ordered the speaker on a whim for 133 pounds and the finish is superb. Battery life beat what the listing promised.,5,False,train,positive
R000201,Audio,Ordered the lamp on a whim for 150 pounds and the finish is fantastic. Worth every bit of what I paid.,4,True,train,positive
R000202,Audio,"Honestly the chair was ordinary for the 170 pounds I paid. No complaints, but no enthusiasm either.",2,True,train,neutral
R000203,Office,Honestly the headset was sturdy for the 66 pounds I paid. Battery life beat what the listing promised.,5,True,train,positive
R000204,Kitchen,Bought the kettle for my workshop 13 weeks back and found it superb. It has become the one I reach for every morning.,5,True,train,positive
R000205,Audio,Bought the backpack for my spare room 5 weeks back and found it passable. About what I expected at this price.,3,True,train,neutral
R000206,Office,Honestly the router was flimsy for the 166 pounds I paid. Mine arrived with a crack down one side.,1,True,train,negative
R000207,Office,Ordered the kettle on a whim for 16 pounds and the finish is shoddy. It rattles badly whenever it is switched on.,1,True,test,negative
R000208,Audio,Good product. Would buy again. Arrived 32 days early.,3,True,train,positive
R000209,Office,After 19 weeks of daily use the backpack still looks fantastic. My partner liked it enough to ask for one.,5,True,train,positive
R000210,Audio,"Bought the lamp for my spare room 7 weeks back and found it serviceable. It works, though the manual was useless.",2,True,test,neutral
R000211,Kitchen,After 29 weeks of daily use the chair still looks perfect. Packaging was tidy and nothing was scratched.,4,True,train,positive
R000212,Audio,After 24 weeks of daily use the monitor still looks average. I neither regret it nor recommend it.,3,True,train,neutral
R000213,Office,Compared to the chair it replaced 3 weeks ago this one is cheap. It rattles badly whenever it is switched on.,1,True,train,negative
R000214,Kitchen,I have used this blender for 14 weeks now and it is terrible. Mine arrived with a crack down one side.,1,True,train,negative
R000215,Office,Setup took about 19 minutes and the whole kettle felt dreadful. Save your money and buy something else.,2,True,train,negative
R000216,Office,Honestly the monitor was broken for the 32 pounds I paid. Save your money and buy something else.,1,True,train,negative
R000217,Audio,I have used this mousepad for 19 weeks now and it is average. There are better options if you can spend more.,2,True,train,neutral
R000218,Audio,Honestly the toaster was acceptable for the 115 pounds I paid. It does what it says and nothing beyond that.,5,True,train,neutral
R000219,Office,I have used this lamp for 3 weeks now and it is impressive. It has become the one I reach for every morning.,4,True,train,positive
R000220,Kitchen,Ordered the blender on a whim for 55 pounds and the finish is flimsy. The listing photos do not match what turned up.,2,True,train,Negative
R000221,Kitchen,Compared to the blender it replaced 29 weeks ago this one is serviceable. It sits in a drawer more often than not.,3,True,train,neutral
R000222,Audio,Ordered the speaker on a whim for 147 pounds and the finish is solid. It has become the one I reach for every morning.,3,True,train,positive
R000223,Office,Compared to the toaster it replaced 14 weeks ago this one is broken. I have started a return and want my money back.,1,True,test,negative
R000224,Kitchen,Bought the speaker for my home office 26 weeks back and found it solid. My partner liked it enough to ask for one.,4,True,train,positive
R000225,Kitchen,Compared to the chair it replaced 25 weeks ago this one is superb. It has become the one I reach for every morning.,4,True,train,positive
R000226,Audio,The headset arrived on day 14 and the build quality felt impressive. I would order another without thinking twice.,5,False,train,Positive
R000227,Kitchen,The monitor arrived on day 4 and the build quality felt shoddy. I would not put this in front of a guest.,1,False,test,negative
R000228,Office,Setup took about 46 minutes and the whole kettle felt middling. It sits in a drawer more often than not.,3,True,train,neutral
R000229,Kitchen,Compared to the headset it replaced 11 weeks ago this one is cheap. Support have ignored two emails so far.,2,False,train,negative
R000230,Kitchen,Ordered the lamp on a whim for 14 pounds and the finish is middling. It sits in a drawer more often than not.,1,True,train,neutral
R000231,Audio,"I have used this mousepad for 25 weeks now and it is unremarkable. Fine for the money, forgettable otherwise.",3,True,train,neutral
R000232,Kitchen,I have used this speaker for 18 weeks now and it is perfect. It has survived two house moves already.,4,True,train, positive
R000233,Kitchen,Setup took about 36 minutes and the whole speaker felt adequate. It does what it says and nothing beyond that.,3,True,train,neutral
R000234,Office,I have used this headset for 4 weeks now and it is excellent. It has become the one I reach for every morning.,1,True,train,positive
R000235,Office,Ordered the lamp on a whim for 107 pounds and the finish is shoddy. I would not put this in front of a guest.,2,False,train,negative
R000236,Office,Good product. Would order again. Used it for 6 weeks so far.,4,False,train,positive
R000237,Kitchen,The headset arrived on day 13 and the build quality felt broken. I have started a return and want my money back.,1,False,train,negative
R000238,Office,Bought the speaker for my workshop 12 weeks back and found it cheap. The listing photos do not match what turned up.,2,True,test,neutral
R000239,Kitchen,After 13 weeks of daily use the headset still looks impressive. It has survived two house moves already.,3,True,train,positive
R000240,Audio,Setup took about 48 minutes and the whole keyboard felt middling. About what I expected at this price.,3,True,train,neutral
R000241,Office,I have used this speaker for 18 weeks now and it is broken. I would not put this in front of a guest.,1,False,train,negative
R000242,Kitchen,Setup took about 12 minutes and the whole lamp felt acceptable. It does what it says and nothing beyond that.,3,True,train,neutral
R000243,Kitchen,The lamp arrived on day 2 and the build quality felt useless. It stopped working entirely on the fourth day.,1,False,test,negative
R000244,Audio,Bought the monitor for my workshop 3 weeks back and found it flawless. My partner liked it enough to ask for one.,5,True,train,positive
R000245,Kitchen,Bought the kettle for my studio 12 weeks back and found it defective. I would not put this in front of a guest.,2,True,train,negative
R000246,Audio,Setup took about 33 minutes and the whole speaker felt brilliant. Battery life beat what the listing promised.,4,True,train,positive
R000247,Office,"Compared to the toaster it replaced 28 weeks ago this one is passable. Fine for the money, forgettable otherwise.",3,True,train,neutral
R000248,Office,I have used this router for 6 weeks now and it is okay. I neither regret it nor recommend it.,3,True,train,neutral
R000249,Office,Bought the chair for my spare room 17 weeks back and found it okay. There are better options if you can spend more.,3,True,train,neutral
R000250,Office,Bought the router for my spare room 5 weeks back and found it perfect. Battery life beat what the listing promised.,4,False,test,positive
R000251,Kitchen,Compared to the mousepad it replaced 20 weeks ago this one is broken. The listing photos do not match what turned up.,1,False,train,negative
R000252,Audio,"Bought the backpack for my workshop 19 weeks back and found it unremarkable. Fine for the money, forgettable otherwise.",3,True,train,neutral
R000253,Kitchen,I have used this router for 21 weeks now and it is okay. It does what it says and nothing beyond that.,3,True,train,neutral
R000254,Kitchen,I have used this router for 6 weeks now and it is unusable. It rattles badly whenever it is switched on.,1,True,train,negative
R000255,Audio,I have used this lamp for 4 weeks now and it is passable. It sits in a drawer more often than not.,3,False,train,neutral
R000256,Audio,Ordered the speaker on a whim for 76 pounds and the finish is passable. It does what it says and nothing beyond that.,3,False,train,neutral
R000257,Kitchen,I have used this mousepad for 16 weeks now and it is broken. It stopped working entirely on the fourth day.,2,True,train,negative
R000258,Audio,"Ordered the chair on a whim for 159 pounds and the finish is okay. No complaints, but no enthusiasm either.",3,True,train,neutral
R000259,Kitchen,Honestly the headset was fantastic for the 153 pounds I paid. Packaging was tidy and nothing was scratched.,5,True,train,positive
R000260,Office,I have used this chair for 6 weeks now and it is perfect. Packaging was tidy and nothing was scratched.,4,True,train,positive
R000261,Office,After 16 weeks of daily use the blender still looks superb. It has become the one I reach for every morning.,4,True,test, positive
R000262,Audio,After 5 weeks of daily use the mousepad still looks solid. It has survived two house moves already.,4,True,train,positive
R000263,Kitchen,The kettle arrived on day 13 and the build quality felt defective. It stopped working entirely on the fourth day.,3,True,train, negative
R000264,Kitchen,Setup took about 31 minutes and the whole keyboard felt solid. It has survived two house moves already.,5,True,train,positive
R000265,Audio,Ordered the kettle on a whim for 99 pounds and the finish is fantastic. I would order another without thinking twice.,4,True,train,positive
R000266,Audio,Compared to the backpack it replaced 2 weeks ago this one is dreadful. Support have ignored two emails so far.,1,True,train,negative
R000267,Office,Honestly the backpack was middling for the 160 pounds I paid. It sits in a drawer more often than not.,3,False,train,neutral
R000268,Office,"Great product, would buy again! Used it for 2 weeks so far.",4,False,train,positive
R000269,Kitchen,After 7 weeks of daily use the blender still looks brilliant. Battery life beat what the listing promised.,5,True,test,positive
R000270,Office,After 26 weeks of daily use the blender still looks brilliant. Battery life beat what the listing promised.,4,True,train,positive
R000271,Audio,Compared to the router it replaced 5 weeks ago this one is flawless. Worth every bit of what I paid.,2,True,train,positive
R000272,Office,Setup took about 28 minutes and the whole kettle felt outstanding. It has survived two house moves already.,4,True,train,positive
R000273,Audio,Bought the monitor for my spare room 6 weeks back and found it excellent. Support answered my question the same afternoon.,3,True,train,positive
R000274,Office,Honestly the chair was outstanding for the 104 pounds I paid. Battery life beat what the listing promised.,4,True,train,positive
R000275,Office,Compared to the backpack it replaced 2 weeks ago this one is middling. It sits in a drawer more often than not.,3,True,train,neutral
R000276,Office,I have used this kettle for 23 weeks now and it is passable. I neither regret it nor recommend it.,3,True,test,neutral
R000277,Office,"Bought the toaster for my studio 9 weeks back and found it serviceable. It works, though the manual was useless.",3,True,test,neutral
R000278,Audio,Bought the kettle for my hallway 25 weeks back and found it dreadful. It rattles badly whenever it is switched on.,2,True,train,negative
R000279,Kitchen,Nice product. Will buy again. Used it for 31 weeks so far.,3,True,train,neutral
R000280,Audio,Setup took about 27 minutes and the whole chair felt shoddy. I have started a return and want my money back.,1,True,train,negative
R000281,Audio,Bought the keyboard for my workshop 11 weeks back and found it solid. Battery life beat what the listing promised.,5,True,train,positive
R000282,Audio,I have used this kettle for 8 weeks now and it is unusable. It rattles badly whenever it is switched on.,2,False,test,negative
R000283,Office,Compared to the blender it replaced 14 weeks ago this one is useless. It stopped working entirely on the fourth day.,3,False,train,negative
R000284,Kitchen,Ordered the toaster on a whim for 51 pounds and the finish is impressive. Battery life beat what the listing promised.,4,True,train,positive
R000285,Audio,Ordered the headset on a whim for 170 pounds and the finish is average. About what I expected at this price.,3,True,train,Neutral
R000286,Office,Ordered the chair on a whim for 80 pounds and the finish is solid. It has survived two house moves already.,5,True,train,positive
R000287,Kitchen,After 12 weeks of daily use the toaster still looks cheap. Support have ignored two emails so far.,2,False,train,negative
R000288,Kitchen,Does the job. No complaints. Ordered 24 of them.,2,True,test,negative
R000289,Kitchen,I have used this lamp for 21 weeks now and it is defective. I have started a return and want my money back.,3,True,train,negative
R000290,Audio,The lamp arrived on day 9 and the build quality felt defective. Save your money and buy something else.,3,True,test,negative
R000291,Office,I have used this speaker for 9 weeks now and it is fantastic. It has become the one I reach for every morning.,5,True,train,positive
R000292,Audio,Honestly the lamp was shoddy for the 73 pounds I paid. Support have ignored two emails so far.,1,True,train,negative
R000293,Office,Honestly the toaster was okay for the 28 pounds I paid. It does what it says and nothing beyond that.,3,True,train,neutral
R000294,Kitchen,Honestly the kettle was flawless for the 159 pounds I paid. Battery life beat what the listing promised.,5,True,train,positive
R000295,Kitchen,Ordered the headset on a whim for 87 pounds and the finish is brilliant. My partner liked it enough to ask for one.,5,True,train,positive
R000296,Kitchen,The backpack arrived on day 6 and the build quality felt unusable. I would not put this in front of a guest.,1,True,train,negative
R000297,Kitchen,After 9 weeks of daily use the toaster still looks sturdy. Support answered my question the same afternoon.,5,True,train,positive
R000298,Audio,After 8 weeks of daily use the speaker still looks unremarkable. It does what it says and nothing beyond that.,3,True,train,neutral
R000299,Audio,Ordered the router on a whim for 161 pounds and the finish is brilliant. Support answered my question the same afternoon.,1,True,train,positive
R000300,Kitchen,After 9 weeks of daily use the speaker still looks useless. I would not put this in front of a guest.,5,True,test,negative
R000301,Audio,Compared to the toaster it replaced 2 weeks ago this one is perfect. It has survived two house moves already.,4,True,train,positive
R000302,Audio,Bought the speaker for my workshop 18 weeks back and found it flawless. Worth every bit of what I paid.,5,True,train,positive
R000303,Office,After 11 weeks of daily use the chair still looks superb. Support answered my question the same afternoon.,4,True,train,positive
R000304,Audio,After 11 weeks of daily use the lamp still looks superb. Support answered my question the same afternoon.,4,True,train,negative
R000305,Audio,Ordered the keyboard on a whim for 141 pounds and the finish is acceptable. It does what it says and nothing beyond that.,3,True,train,neutral
R000306,Kitchen,After 22 weeks of daily use the headset still looks acceptable. It sits in a drawer more often than not.,3,True,train,neutral
R000307,Office,Honestly the toaster was unusable for the 167 pounds I paid. The listing photos do not match what turned up.,1,True,train,negative
R000308,Audio,After 14 weeks of daily use the backpack still looks middling. I neither regret it nor recommend it.,3,True,test,neutral
R000309,Kitchen,Setup took about 16 minutes and the whole keyboard felt solid. Worth every bit of what I paid.,5,True,test,positive
R000310,Audio,Compared to the kettle it replaced 19 weeks ago this one is dreadful. Support have ignored two emails so far.,1,False,train,negative
R000311,Kitchen,"I have used this monitor for 7 weeks now and it is unremarkable. No complaints, but no enthusiasm either.",3,True,test,neutral
R000312,Kitchen,The lamp arrived on day 10 and the build quality felt outstanding. Packaging was tidy and nothing was scratched.,5,True,train,positive
R000313,Office,After 21 weeks of daily use the monitor still looks brilliant. It has survived two house moves already.,5,True,train, positive
R000314,Audio,The speaker arrived on day 8 and the build quality felt acceptable. About what I expected at this price.,3,True,train,neutral
R000315,Kitchen,Compared to the monitor it replaced 25 weeks ago this one is sturdy. It has become the one I reach for every morning.,4,True,train,positive
R000316,Office,The speaker arrived on day 6 and the build quality felt shoddy. It rattles badly whenever it is switched on.,2,True,train,negative
R000317,Office,After 13 weeks of daily use the chair still looks cheap. The listing photos do not match what turned up.,2,True,train,negative
R000318,Kitchen,"Setup took about 52 minutes and the whole blender felt middling. Fine for the money, forgettable otherwise.",3,False,train,neutral
R000319,Office,After 21 weeks of daily use the toaster still looks average. I neither regret it nor recommend it.,3,True,train,neutral
R000320,Audio,Bought the backpack for my workshop 9 weeks back and found it cheap. Save your money and buy something else.,2,True,train,negative
R000321,Kitchen,The headset arrived on day 2 and the build quality felt acceptable. There are better options if you can spend more.,3,True,train,neutral
R000322,Audio,The headset arrived on day 11 and the build quality felt serviceable. It sits in a drawer more often than not.,3,True,train,neutral
R000323,Audio,After 23 weeks of daily use the blender still looks perfect. Worth every bit of what I paid.,5,False,train,positive
R000324,Kitchen,Honestly the kettle was dreadful for the 88 pounds I paid. Save your money and buy something else.,1,False,test,negative
R000325,Audio,Honestly the mousepad was sturdy for the 167 pounds I paid. It has survived two house moves already.,4,True,train,negative
R000326,Office,Honestly the router was sturdy for the 158 pounds I paid. My partner liked it enough to ask for one.,4,True,train,positive
R000327,Audio,After 28 weeks of daily use the monitor still looks defective. Support have ignored two emails so far.,2,True,train,negative
R000328,Office,Ordered the kettle on a whim for 153 pounds and the finish is flimsy. It rattles badly whenever it is switched on.,2,False,train,negative
R000329,Office,The headset arrived on day 1 and the build quality felt average. It does what it says and nothing beyond that.,3,True,train,positive
R000330,Kitchen,Honestly the keyboard was sturdy for the 25 pounds I paid. It has survived two house moves already.,5,True,train,positive
R000331,Audio,Honestly the backpack was defective for the 26 pounds I paid. I would not put this in front of a guest.,1,True,train,negative
R000332,Audio,Compared to the router it replaced 27 weeks ago this one is shoddy. I have started a return and want my money back.,1,True,test,negative
R000333,Kitchen,Setup took about 49 minutes and the whole monitor felt dreadful. Save your money and buy something else.,2,True,test,negative
R000334,Office,Bought the speaker for my workshop 2 weeks back and found it dreadful. I have started a return and want my money back.,1,True,test,negative
R000335,Kitchen,After 23 weeks of daily use the toaster still looks awful. Support have ignored two emails so far.,1,True,train,negative
R000336,Kitchen,Compared to the headset it replaced 9 weeks ago this one is shoddy. Support have ignored two emails so far.,1,True,test,negative
R000337,Audio,After 23 weeks of daily use the monitor still looks superb. Battery life beat what the listing promised.,5,True,train,positive
R000338,Kitchen,"Does the job, no complaints here. Delivery took 21 days.",5,True,train,positive
R000339,Audio,Honestly the monitor was flimsy for the 142 pounds I paid. I would not put this in front of a guest.,2,True,test,negative
R000340,Audio,Bought the speaker for my spare room 18 weeks back and found it defective. The listing photos do not match what turned up.,1,True,train,negative
R000341,Audio,Setup took about 50 minutes and the whole blender felt useless. Save your money and buy something else.,3,True,train, negative
R000342,Office,I have used this chair for 7 weeks now and it is dreadful. The listing photos do not match what turned up.,1,True,train,negative
R000343,Kitchen,Compared to the keyboard it replaced 28 weeks ago this one is solid. Support answered my question the same afternoon.,4,True,train,positive
R000344,Kitchen,After 6 weeks of daily use the lamp still looks flawless. Packaging was tidy and nothing was scratched.,4,True,train,positive
R000345,Office,Honestly the chair was outstanding for the 150 pounds I paid. It has become the one I reach for every morning.,4,True,train,positive
R000346,Audio,Ordered the router on a whim for 149 pounds and the finish is passable. It sits in a drawer more often than not.,3,True,train,neutral
R000347,Audio,Bought the router for my studio 21 weeks back and found it solid. I would order another without thinking twice.,4,True,test,positive
R000348,Audio,Ordered the kettle on a whim for 99 pounds and the finish is perfect. I would order another without thinking twice.,5,True,train,positive
R000349,Office,Ordered the backpack on a whim for 33 pounds and the finish is brilliant. Battery life beat what the listing promised.,5,True,train,positive
R000350,Audio,I have used this lamp for 19 weeks now and it is dreadful. I would not put this in front of a guest.,2,True,train,negative
R000351,Kitchen,Bought the headset for my workshop 6 weeks back and found it outstanding. Worth every bit of what I paid.,5,True,train,positive
R000352,Office,Bought the backpack for my studio 22 weeks back and found it outstanding. Packaging was tidy and nothing was scratched.,5,True,train,positive
R000353,Kitchen,The speaker arrived on day 2 and the build quality felt perfect. Support answered my question the same afternoon.,5,True,train,positive
R000354,Kitchen,"Setup took about 29 minutes and the whole headset felt passable. Fine for the money, forgettable otherwise.",4,True,train,neutral
R000355,Audio,Compared to the monitor it replaced 22 weeks ago this one is dreadful. I would not put this in front of a guest.,1,True,train,negative
R000356,Audio,I have used this headset for 29 weeks now and it is sturdy. Battery life beat what the listing promised.,4,True,test,positive
R000357,Office,Honestly the headset was superb for the 121 pounds I paid. I would order another without thinking twice.,5,False,test,positive
R000358,Audio,The blender arrived on day 11 and the build quality felt solid. Support answered my question the same afternoon.,4,True,train,positive
R000359,Office,After 10 weeks of daily use the kettle still looks excellent. Worth every bit of what I paid.,4,True,train,positive
R000360,Kitchen,I have used this backpack for 2 weeks now and it is brilliant. It has become the one I reach for every morning.,4,True,train,positive
R000361,Audio,Setup took about 56 minutes and the whole keyboard felt perfect. I would order another without thinking twice.,4,True,test,positive
R000362,Audio,Honestly the keyboard was fantastic for the 161 pounds I paid. My partner liked it enough to ask for one.,5,True,train,Positive
R000363,Audio,The lamp arrived on day 3 and the build quality felt cheap. Support have ignored two emails so far.,2,True,test,negative
R000364,Office,Honestly the router was superb for the 175 pounds I paid. Packaging was tidy and nothing was scratched.,2,True,train,positive
R000365,Kitchen,Setup took about 36 minutes and the whole chair felt superb. Packaging was tidy and nothing was scratched.,4,True,test,positive
R000366,Audio,Compared to the blender it replaced 18 weeks ago this one is fantastic. Packaging was tidy and nothing was scratched.,4,False,train,positive
R000367,Office,I have used this backpack for 29 weeks now and it is fine. It does what it says and nothing beyond that.,3,True,train,neutral
R000368,Office,I have used this keyboard for 4 weeks now and it is unusable. It rattles badly whenever it is switched on.,1,True,train,negative
R000369,Kitchen,Setup took about 51 minutes and the whole speaker felt excellent. Packaging was tidy and nothing was scratched.,5,True,train,positive
R000370,Kitchen,Honestly the mousepad was dreadful for the 25 pounds I paid. Save your money and buy something else.,1,False,test,negative
R000371,Audio,"Ordered the chair on a whim for 147 pounds and the finish is unremarkable. Fine for the money, forgettable otherwise.",3,True,train,neutral
R000372,Audio,Bought the keyboard for my spare room 12 weeks back and found it okay. There are better options if you can spend more.,3,True,train,neutral
R000373,Audio,Bought the toaster for my studio 17 weeks back and found it average. There are better options if you can spend more.,3,True,train,neutral
R000374,Office,Bought the chair for my spare room 20 weeks back and found it flawless. It has survived two house moves already.,4,True,train,positive
R000375,Office,Setup took about 24 minutes and the whole monitor felt acceptable. I neither regret it nor recommend it.,2,True,train,neutral
R000376,Kitchen,Honestly the lamp was unusable for the 98 pounds I paid. I have started a return and want my money back.,2,True,train,negative
R000377,Office,Setup took about 13 minutes and the whole toaster felt outstanding. It has survived two house moves already.,5,True,test,positive
R000378,Audio,Setup took about 43 minutes and the whole headset felt impressive. It has survived two house moves already.,4,True,test,positive
R000379,Office,Ordered the headset on a whim for 179 pounds and the finish is superb. Worth every bit of what I paid.,5,True,train,positive
R000380,Audio,Setup took about 51 minutes and the whole headset felt outstanding. My partner liked it enough to ask for one.,4,True,train,positive
R000381,Kitchen,I have used this speaker for 4 weeks now and it is terrible. It stopped working entirely on the fourth day.,2,True,test,negative
R000382,Audio,Ordered the blender on a whim for 99 pounds and the finish is broken. Support have ignored two emails so far.,1,True,train,negative
R000383,Office,Bought the chair for my hallway 20 weeks back and found it solid. It has become the one I reach for every morning.,4,False,test,positive
R000384,Office,I have used this kettle for 16 weeks now and it is perfect. Worth every bit of what I paid.,5,True,test,positive
R000385,Office,After 26 weeks of daily use the kettle still looks impressive. Support answered my question the same afternoon.,4,True,train,positive
R000386,Audio,Setup took about 16 minutes and the whole headset felt shoddy. Mine arrived with a crack down one side.,2,True,train,negative
R000387,Kitchen,"Compared to the kettle it replaced 27 weeks ago this one is acceptable. Fine for the money, forgettable otherwise.",3,True,test,neutral
R000388,Kitchen,Compared to the toaster it replaced 3 weeks ago this one is passable. About what I expected at this price.,3,False,test,neutral
R000389,Audio,Bought the router for my kitchen 25 weeks back and found it brilliant. It has survived two house moves already.,4,True,train,positive
R000390,Kitchen,Compared to the backpack it replaced 17 weeks ago this one is defective. I would not put this in front of a guest.,2,True,test,negative
R000391,Kitchen,Setup took about 6 minutes and the whole chair felt outstanding. Worth every bit of what I paid.,3,True,train,positive
R000392,Office,Compared to the blender it replaced 13 weeks ago this one is broken. I have started a return and want my money back.,1,True,test,negative
R000393,Office,After 25 weeks of daily use the chair still looks outstanding. Packaging was tidy and nothing was scratched.,4,True,train,positive
R000394,Office,Ordered the router on a whim for 98 pounds and the finish is fantastic. Support answered my question the same afternoon.,5,True,train,positive
R000395,Audio,Compared to the mousepad it replaced 3 weeks ago this one is fantastic. Battery life beat what the listing promised.,5,True,train,positive
R000396,Office,Honestly the toaster was dreadful for the 84 pounds I paid. The listing photos do not match what turned up.,2,False,train,negative
R000397,Audio,Ordered the blender on a whim for 113 pounds and the finish is excellent. Support answered my question the same afternoon.,4,True,train,positive
R000398,Kitchen,After 13 weeks of daily use the router still looks shoddy. I would not put this in front of a guest.,2,True,train,Negative
R000399,Audio,I have used this speaker for 4 weeks now and it is awful. It rattles badly whenever it is switched on.,2,True,test,negative
R000400,Audio,Ordered the kettle on a whim for 165 pounds and the finish is sturdy. Support answered my question the same afternoon.,3,True,train,positive
R000401,Audio,Honestly the chair was cheap for the 45 pounds I paid. I have started a return and want my money back.,1,True,train,negative
R000402,Kitchen,The kettle arrived on day 13 and the build quality felt awful. I would not put this in front of a guest.,1,True,test,negative
R000403,Audio,Honestly the kettle was broken for the 99 pounds I paid. I have started a return and want my money back.,2,True,train,negative
R000404,Audio,Setup took about 59 minutes and the whole kettle felt excellent. It has survived two house moves already.,4,True,train,positive
R000405,Kitchen,After 11 weeks of daily use the lamp still looks sturdy. Worth every bit of what I paid.,4,True,train,positive
R000406,Audio,Setup took about 28 minutes and the whole mousepad felt solid. Worth every bit of what I paid.,4,True,train,positive
R000407,Audio,Ordered the chair on a whim for 20 pounds and the finish is sturdy. My partner liked it enough to ask for one.,4,True,train,positive
R000408,Audio,Good product. Would buy again. Ordered 12 of them.,5,True,train,positive
R000409,Office,The blender arrived on day 7 and the build quality felt flawless. Worth every bit of what I paid.,4,True,test,positive
R000410,Kitchen,Bought the monitor for my kitchen 12 weeks back and found it excellent. My partner liked it enough to ask for one.,4,True,train,positive
R000411,Audio,Ordered the speaker on a whim for 170 pounds and the finish is fine. I neither regret it nor recommend it.,3,True,train,neutral
R000412,Kitchen,The keyboard arrived on day 14 and the build quality felt ordinary. There are better options if you can spend more.,3,True,train,neutral
R000413,Audio,Setup took about 26 minutes and the whole lamp felt useless. I have started a return and want my money back.,2,True,train, negative
R000414,Office,Ordered the speaker on a whim for 29 pounds and the finish is superb. Packaging was tidy and nothing was scratched.,5,False,test,positive
R000415,Office,The headset arrived on day 6 and the build quality felt flawless. Worth every bit of what I paid.,1,True,train,positive
R000416,Office,"Ordered the toaster on a whim for 103 pounds and the finish is fine. It works, though the manual was useless.",5,True,test,neutral
R000417,Office,Bought the keyboard for my hallway 22 weeks back and found it cheap. I would not put this in front of a guest.,4,False,train,neutral
R000418,Office,I have used this blender for 23 weeks now and it is superb. Battery life beat what the listing promised.,4,True,train,positive
R000419,Kitchen,Setup took about 37 minutes and the whole headset felt solid. My partner liked it enough to ask for one.,5,False,train,positive
R000420,Audio,"Ordered the router on a whim for 56 pounds and the finish is passable. It works, though the manual was useless.",3,True,test,neutral
R000421,Audio,Honestly the blender was perfect for the 124 pounds I paid. I would order another without thinking twice.,4,True,train,positive
R000422,Office,The toaster arrived on day 10 and the build quality felt flimsy. I have started a return and want my money back.,1,True,train,negative
R000423,Kitchen,I have used this kettle for 23 weeks now and it is terrible. Mine arrived with a crack down one side.,2,True,test,negative
R000424,Audio,I have used this speaker for 26 weeks now and it is terrible. The listing photos do not match what turned up.,2,True,train,negative
R000425,Office,Ordered the monitor on a whim for 50 pounds and the finish is defective. Support have ignored two emails so far.,1,False,test,negative
R000426,Kitchen,I have used this chair for 15 weeks now and it is outstanding. Support answered my question the same afternoon.,5,True,train,positive
R000427,Kitchen,Setup took about 8 minutes and the whole mousepad felt fine. There are better options if you can spend more.,3,False,train,neutral
R000428,Audio,After 20 weeks of daily use the blender still looks superb. Worth every bit of what I paid.,5,True,train,positive
R000429,Kitchen,Setup took about 58 minutes and the whole headset felt sturdy. Battery life beat what the listing promised.,5,True,train,positive
R000430,Office,Setup took about 5 minutes and the whole router felt defective. It stopped working entirely on the fourth day.,1,False,test,negative
R000431,Audio,After 25 weeks of daily use the speaker still looks sturdy. It has become the one I reach for every morning.,5,False,test,positive
R000432,Office,After 18 weeks of daily use the headset still looks solid. I would order another without thinking twice.,4,True,train,positive
R000433,Office,The backpack arrived on day 3 and the build quality felt solid. My partner liked it enough to ask for one.,1,True,train,positive
R000434,Audio,I have used this monitor for 19 weeks now and it is average. It does what it says and nothing beyond that.,3,True,train,neutral
R000435,Office,Setup took about 6 minutes and the whole kettle felt unusable. The listing photos do not match what turned up.,1,False,train,negative
R000436,Kitchen,After 18 weeks of daily use the kettle still looks outstanding. Packaging was tidy and nothing was scratched.,5,True,test,positive
R000437,Audio,The monitor arrived on day 4 and the build quality felt flawless. Support answered my question the same afternoon.,5,True,train,positive
R000438,Audio,Good product. Would order again. Used it for 28 weeks so far.,3,True,train,neutral
R000439,Audio,Bought the mousepad for my spare room 18 weeks back and found it cheap. The listing photos do not match what turned up.,1,True,train,negative
R000440,Office,Bought the kettle for my hallway 13 weeks back and found it defective. I have started a return and want my money back.,1,True,train,negative
R000441,Office,"Compared to the toaster it replaced 16 weeks ago this one is fine. No complaints, but no enthusiasm either.",3,True,train, neutral
R000442,Audio,The speaker arrived on day 10 and the build quality felt sturdy. Worth every bit of what I paid.,4,True,train,positive
R000443,Kitchen,The kettle arrived on day 8 and the build quality felt superb. Packaging was tidy and nothing was scratched.,4,True,test,positive
R000444,Kitchen,Compared to the chair it replaced 26 weeks ago this one is flimsy. I would not put this in front of a guest.,1,True,test,negative
R000445,Kitchen,Ordered the headset on a whim for 145 pounds and the finish is awful. Mine arrived with a crack down one side.,1,True,train,negative
R000446,Office,Setup took about 49 minutes and the whole blender felt solid. I would order another without thinking twice.,4,True,train,positive
R000447,Kitchen,I have used this blender for 19 weeks now and it is flimsy. I would not put this in front of a guest.,2,True,test,negative
R000448,Office,Compared to the keyboard it replaced 20 weeks ago this one is flawless. Support answered my question the same afternoon.,3,False,train,positive
R000449,Audio,"Setup took about 45 minutes and the whole monitor felt passable. It works, though the manual was useless.",3,True,train,neutral
R000450,Kitchen,Setup took about 21 minutes and the whole monitor felt solid. I would order another without thinking twice.,5,True,train,positive
R000451,Office,Compared to the toaster it replaced 16 weeks ago this one is shoddy. Save your money and buy something else.,2,True,train,negative
R000452,Kitchen,"Ordered the keyboard on a whim for 24 pounds and the finish is acceptable. Fine for the money, forgettable otherwise.",3,True,test,neutral
R000453,Office,Bought the monitor for my workshop 18 weeks back and found it defective. Save your money and buy something else.,2,True,train,negative
R000454,Office,Compared to the speaker it replaced 25 weeks ago this one is superb. Worth every bit of what I paid.,5,True,train,positive
R000455,Office,I have used this keyboard for 15 weeks now and it is excellent. Packaging was tidy and nothing was scratched.,5,True,train,positive
R000456,Office,Compared to the mousepad it replaced 23 weeks ago this one is acceptable. There are better options if you can spend more.,3,True,train,neutral
R000457,Office,"Great product, would buy again! Arrived 23 days early.",2,True,train,negative
R000458,Kitchen,After 28 weeks of daily use the headset still looks flimsy. Support have ignored two emails so far.,1,False,test,negative
R000459,Office,Compared to the chair it replaced 28 weeks ago this one is okay. There are better options if you can spend more.,3,True,test,neutral
R000460,Office,Bought the chair for my kitchen 27 weeks back and found it cheap. Mine arrived with a crack down one side.,2,True,train,negative
R000461,Kitchen,The kettle arrived on day 1 and the build quality felt excellent. Battery life beat what the listing promised.,5,True,train,Positive
R000462,Office,Honestly the speaker was middling for the 87 pounds I paid. There are better options if you can spend more.,4,True,test,neutral
R000463,Kitchen,Bought the toaster for my spare room 6 weeks back and found it flawless. It has survived two house moves already.,4,False,test,positive
R000464,Kitchen,"The blender arrived on day 9 and the build quality felt serviceable. It works, though the manual was useless.",3,True,train,neutral
R000465,Kitchen,Compared to the mousepad it replaced 4 weeks ago this one is solid. Worth every bit of what I paid.,4,True,train,positive
R000466,Audio,I have used this chair for 23 weeks now and it is shoddy. The listing photos do not match what turned up.,1,True,test,negative
R000467,Office,Ordered the backpack on a whim for 158 pounds and the finish is adequate. There are better options if you can spend more.,3,True,train,neutral
R000468,Kitchen,After 18 weeks of daily use the monitor still looks broken. I have started a return and want my money back.,2,False,train,negative
R000469,Audio,After 19 weeks of daily use the speaker still looks adequate. There are better options if you can spend more.,3,True,train,neutral
R000470,Office,Bought the blender for my kitchen 15 weeks back and found it impressive. Packaging was tidy and nothing was scratched.,4,True,test,positive
R000471,Audio,Setup took about 59 minutes and the whole lamp felt fine. I neither regret it nor recommend it.,3,False,test,neutral
R000472,Audio,Compared to the monitor it replaced 7 weeks ago this one is sturdy. My partner liked it enough to ask for one.,5,True,train,positive
R000473,Office,Honestly the lamp was adequate for the 94 pounds I paid. There are better options if you can spend more.,3,True,train,neutral
R000474,Audio,Ordered the headset on a whim for 152 pounds and the finish is defective. The listing photos do not match what turned up.,1,True,train, negative
R000475,Audio,The speaker arrived on day 12 and the build quality felt sturdy. It has survived two house moves already.,4,True,train,positive
R000476,Kitchen,Honestly the keyboard was awful for the 119 pounds I paid. Save your money and buy something else.,2,False,train,negative
R000477,Office,Compared to the blender it replaced 27 weeks ago this one is sturdy. Support answered my question the same afternoon.,5,True,train,positive
R000478,Office,Compared to the speaker it replaced 8 weeks ago this one is excellent. Support answered my question the same afternoon.,4,False,train,positive
R000479,Kitchen,Honestly the speaker was fantastic for the 50 pounds I paid. Packaging was tidy and nothing was scratched.,1,True,test,positive
R000480,Kitchen,"Ordered the headset on a whim for 189 pounds and the finish is adequate. No complaints, but no enthusiasm either.",3,True,test,neutral
R000481,Kitchen,After 8 weeks of daily use the kettle still looks cheap. It stopped working entirely on the fourth day.,2,True,train,negative
R000482,Audio,The router arrived on day 10 and the build quality felt dreadful. I would not put this in front of a guest.,2,True,train,negative
R000483,Audio,Honestly the kettle was okay for the 111 pounds I paid. It does what it says and nothing beyond that.,3,False,train,neutral
R000484,Kitchen,Honestly the speaker was shoddy for the 33 pounds I paid. Mine arrived with a crack down one side.,1,True,train,negative
R000485,Office,Honestly the backpack was acceptable for the 122 pounds I paid. It does what it says and nothing beyond that.,3,False,train,neutral
R000486,Office,"I have used this headset for 11 weeks now and it is okay. It works, though the manual was useless.",3,True,train,neutral
R000487,Kitchen,After 26 weeks of daily use the mousepad still looks excellent. Battery life beat what the listing promised.,5,False,train,positive
R000488,Kitchen,The keyboard arrived on day 8 and the build quality felt superb. I would order another without thinking twice.,4,False,train,positive
R000489,Kitchen,Compared to the lamp it replaced 17 weeks ago this one is impressive. My partner liked it enough to ask for one.,4,True,test,negative
R000490,Kitchen,Nice product. Will buy again. Arrived 23 days early.,5,True,test,positive
R000491,Audio,The monitor arrived on day 8 and the build quality felt ordinary. There are better options if you can spend more.,3,True,test,neutral
R000492,Kitchen,The chair arrived on day 13 and the build quality felt unremarkable. It does what it says and nothing beyond that.,3,True,train,neutral
R000493,Kitchen,Setup took about 57 minutes and the whole backpack felt acceptable. There are better options if you can spend more.,3,True,train,neutral
R000494,Audio,Setup took about 7 minutes and the whole kettle felt flawless. Support answered my question the same afternoon.,4,True,train,negative
R000495,Kitchen,After 2 weeks of daily use the router still looks excellent. I would order another without thinking twice.,4,True,test,positive
R000496,Audio,The router arrived on day 8 and the build quality felt flawless. Battery life beat what the listing promised.,5,False,train,positive
R000497,Audio,The backpack arrived on day 9 and the build quality felt perfect. Battery life beat what the listing promised.,5,True,train,positive
R000498,Audio,Ordered the toaster on a whim for 18 pounds and the finish is flawless. It has become the one I reach for every morning.,2,True,train,positive
R000499,Kitchen,Compared to the lamp it replaced 28 weeks ago this one is broken. I have started a return and want my money back.,5,True,test,negative
R000500,Kitchen,Ordered the backpack on a whim for 77 pounds and the finish is acceptable. About what I expected at this price.,3,True,train,neutral
R000501,Kitchen,Setup took about 38 minutes and the whole mousepad felt ordinary. I neither regret it nor recommend it.,3,False,train,neutral
R000502,Office,I have used this lamp for 12 weeks now and it is sturdy. Packaging was tidy and nothing was scratched.,5,False,train,positive
R000503,Audio,"Ordered the chair on a whim for 62 pounds and the finish is adequate. Fine for the money, forgettable otherwise.",5,True,train,neutral
R000504,Kitchen,Compared to the chair it replaced 28 weeks ago this one is shoddy. I have started a return and want my money back.,1,False,train,negative
R000505,Audio,The blender arrived on day 1 and the build quality felt broken. It rattles badly whenever it is switched on.,2,False,train,negative
R000506,Audio,Setup took about 31 minutes and the whole speaker felt average. I neither regret it nor recommend it.,3,True,train,neutral
R000507,Office,Bought the headset for my home office 5 weeks back and found it perfect. It has survived two house moves already.,5,True,train,positive
R000508,Audio,Compared to the router it replaced 23 weeks ago this one is useless. It stopped working entirely on the fourth day.,1,True,train,negative
R000509,Kitchen,Compared to the monitor it replaced 16 weeks ago this one is adequate. About what I expected at this price.,3,True,train,neutral
R000510,Kitchen,Ordered the headset on a whim for 62 pounds and the finish is ordinary. There are better options if you can spend more.,3,True,test,neutral
R000511,Audio,Bought the router for my workshop 25 weeks back and found it passable. There are better options if you can spend more.,3,True,train,neutral
R000512,Audio,Bought the chair for my home office 19 weeks back and found it acceptable. It does what it says and nothing beyond that.,3,True,train,neutral
R000513,Office,Compared to the blender it replaced 13 weeks ago this one is fantastic. My partner liked it enough to ask for one.,4,True,train,positive
R000514,Kitchen,I have used this mousepad for 23 weeks now and it is brilliant. Worth every bit of what I paid.,5,True,test,positive
R000515,Office,Setup took about 27 minutes and the whole headset felt awful. Support have ignored two emails so far.,2,True,train,negative
R000516,Audio,Setup took about 27 minutes and the whole kettle felt useless. It rattles badly whenever it is switched on.,2,False,test,negative
R000517,Kitchen,"Ordered the chair on a whim for 161 pounds and the finish is ordinary. It works, though the manual was useless.",3,False,train,neutral
R000518,Office,Honestly the toaster was shoddy for the 115 pounds I paid. Save your money and buy something else.,3,True,train,negative
R000519,Kitchen,Compared to the chair it replaced 15 weeks ago this one is serviceable. It does what it says and nothing beyond that.,3,True,train,neutral
R000520,Kitchen,Bought the router for my kitchen 22 weeks back and found it impressive. It has survived two house moves already.,4,True,test,positive
R000521,Audio,Compared to the monitor it replaced 12 weeks ago this one is adequate. It does what it says and nothing beyond that.,3,True,train,neutral
R000522,Audio,The blender arrived on day 12 and the build quality felt superb. It has become the one I reach for every morning.,4,True,train,positive
R000523,Audio,I have used this lamp for 6 weeks now and it is adequate. It sits in a drawer more often than not.,3,True,train,neutral
R000524,Audio,Bought the monitor for my home office 12 weeks back and found it brilliant. My partner liked it enough to ask for one.,3,True,train,positive
R000525,Audio,Honestly the toaster was fantastic for the 125 pounds I paid. Support answered my question the same afternoon.,5,True,train,positive
R000526,Kitchen,Bought the toaster for my spare room 2 weeks back and found it middling. It sits in a drawer more often than not.,3,True,train,neutral
R000527,Audio,The lamp arrived on day 6 and the build quality felt perfect. Support answered my question the same afternoon.,4,False,test,positive
R000528,Audio,Does the job. No complaints. Delivery took 18 days.,5,False,test,positive
R000529,Kitchen,"After 26 weeks of daily use the mousepad still looks acceptable. No complaints, but no enthusiasm either.",3,True,train,neutral
R000530,Audio,Setup took about 23 minutes and the whole blender felt perfect. Battery life beat what the listing promised.,4,True,train,positive
R000531,Kitchen,"Bought the headset for my home office 24 weeks back and found it acceptable. Fine for the money, forgettable otherwise.",3,False,test,neutral
R000532,Kitchen,Compared to the backpack it replaced 10 weeks ago this one is perfect. Worth every bit of what I paid.,4,True,train,positive
R000533,Office,I have used this lamp for 24 weeks now and it is impressive. Battery life beat what the listing promised.,4,True,train,positive
R000534,Audio,Honestly the speaker was brilliant for the 137 pounds I paid. Worth every bit of what I paid.,5,False,train,positive
R000535,Kitchen,Compared to the chair it replaced 16 weeks ago this one is fine. I neither regret it nor recommend it.,1,True,test,neutral
R000536,Audio,The keyboard arrived on day 10 and the build quality felt impressive. My partner liked it enough to ask for one.,4,False,test,positive
R000537,Kitchen,Bought the kettle for my kitchen 26 weeks back and found it acceptable. I neither regret it nor recommend it.,3,True,train,neutral
R000538,Kitchen,"Does the job, no complaints here. Second one in 8 months.",5,True,train,negative
R000539,Audio,"Ordered the mousepad on a whim for 180 pounds and the finish is middling. Fine for the money, forgettable otherwise.",2,True,train,neutral
R000540,Office,I have used this lamp for 26 weeks now and it is flimsy. The listing photos do not match what turned up.,1,True,train,negative
R000541,Audio,The keyboard arrived on day 5 and the build quality felt brilliant. Battery life beat what the listing promised.,4,False,train,positive
R000542,Audio,Compared to the speaker it replaced 8 weeks ago this one is broken. I have started a return and want my money back.,1,True,train,negative
R000543,Office,Honestly the kettle was passable for the 100 pounds I paid. I neither regret it nor recommend it.,3,True,train,neutral
R000544,Kitchen,The mousepad arrived on day 13 and the build quality felt brilliant. I would order another without thinking twice.,4,True,test,positive
R000545,Audio,Compared to the backpack it replaced 3 weeks ago this one is solid. I would order another without thinking twice.,4,True,test,positive
R000546,Office,Ordered the monitor on a whim for 133 pounds and the finish is okay. There are better options if you can spend more.,3,True,train,neutral
R000547,Kitchen,Honestly the blender was cheap for the 154 pounds I paid. The listing photos do not match what turned up.,2,True,test,negative
R000548,Audio,Bought the chair for my studio 28 weeks back and found it impressive. Battery life beat what the listing promised.,4,False,test,positive
R000549,Kitchen,"The keyboard arrived on day 5 and the build quality felt acceptable. It works, though the manual was useless.",3,False,train,neutral
R000550,Audio,Compared to the keyboard it replaced 18 weeks ago this one is adequate. It does what it says and nothing beyond that.,3,True,train,neutral
R000551,Office,Compared to the backpack it replaced 11 weeks ago this one is dreadful. Support have ignored two emails so far.,2,False,test,negative
R000552,Audio,Bought the backpack for my home office 4 weeks back and found it fantastic. Packaging was tidy and nothing was scratched.,4,False,train,positive
R000553,Office,"I have used this monitor for 12 weeks now and it is adequate. No complaints, but no enthusiasm either.",2,True,train,neutral
R000554,Office,The speaker arrived on day 9 and the build quality felt excellent. Support answered my question the same afternoon.,5,True,train,Positive
R000555,Office,Good product. Would buy again. Delivery took 24 days.,4,False,train,negative
R000556,Audio,Bought the kettle for my hallway 28 weeks back and found it outstanding. My partner liked it enough to ask for one.,4,True,train,positive
R000557,Office,The router arrived on day 12 and the build quality felt impressive. My partner liked it enough to ask for one.,5,True,train,positive
R000558,Kitchen,I have used this chair for 26 weeks now and it is excellent. Support answered my question the same afternoon.,5,True,train,positive
R000559,Kitchen,Bought the monitor for my spare room 17 weeks back and found it sturdy. Packaging was tidy and nothing was scratched.,4,False,train,positive
R000560,Audio,The blender arrived on day 4 and the build quality felt impressive. Packaging was tidy and nothing was scratched.,4,True,train,positive
R000561,Office,The backpack arrived on day 12 and the build quality felt outstanding. Support answered my question the same afternoon.,4,True,train,positive
R000562,Audio,Setup took about 54 minutes and the whole toaster felt excellent. Worth every bit of what I paid.,1,True,test,positive
R000563,Office,"Compared to the lamp it replaced 12 weeks ago this one is fine. Fine for the money, forgettable otherwise.",3,True,train,neutral
R000564,Kitchen,Compared to the monitor it replaced 2 weeks ago this one is outstanding. It has become the one I reach for every morning.,2,True,test,positive
R000565,Audio,The blender arrived on day 14 and the build quality felt acceptable. It sits in a drawer more often than not.,3,True,test,neutral
R000566,Kitchen,"Bought the headset for my hallway 13 weeks back and found it average. Fine for the money, forgettable otherwise.",3,True,train,neutral
R000567,Audio,Ordered the chair on a whim for 72 pounds and the finish is dreadful. The listing photos do not match what turned up.,2,True,train,negative
R000568,Audio,After 18 weeks of daily use the headset still looks broken. I have started a return and want my money back.,2,True,train,negative
R000569,Office,"Setup took about 18 minutes and the whole blender felt middling. No complaints, but no enthusiasm either.",3,False,train,neutral
R000570,Office,After 5 weeks of daily use the blender still looks flimsy. It rattles badly whenever it is switched on.,1,True,train,negative
R000571,Kitchen,After 5 weeks of daily use the blender still looks defective. It rattles badly whenever it is switched on.,2,True,train,negative
R000572,Office,Honestly the blender was flawless for the 71 pounds I paid. I would order another without thinking twice.,5,True,train,positive
R000573,Office,Setup took about 25 minutes and the whole speaker felt passable. It sits in a drawer more often than not.,3,True,train,neutral
R000574,Audio,After 14 weeks of daily use the monitor still looks fine. I neither regret it nor recommend it.,3,True,test,neutral
R000575,Audio,Setup took about 6 minutes and the whole speaker felt defective. It rattles badly whenever it is switched on.,1,True,test,negative
R000576,Office,Setup took about 45 minutes and the whole chair felt outstanding. Worth every bit of what I paid.,5,True,train,positive
R000577,Audio,Compared to the backpack it replaced 20 weeks ago this one is impressive. Worth every bit of what I paid.,4,True,train,positive
R000578,Office,Good product. Would order again. Arrived 9 days early.,4,True,train,positive
R000579,Audio,Ordered the speaker on a whim for 19 pounds and the finish is excellent. It has survived two house moves already.,4,True,train,positive
R000580,Office,I have used this kettle for 16 weeks now and it is defective. The listing photos do not match what turned up.,1,True,train,negative
R000581,Office,Compared to the monitor it replaced 16 weeks ago this one is useless. I have started a return and want my money back.,2,True,train,negative
R000582,Kitchen,After 9 weeks of daily use the keyboard still looks superb. It has survived two house moves already.,5,True,train,positive
R000583,Kitchen,Bought the kettle for my home office 18 weeks back and found it excellent. Worth every bit of what I paid.,4,True,train,positive
R000584,Kitchen,Compared to the lamp it replaced 25 weeks ago this one is sturdy. Battery life beat what the listing promised.,5,True,train,positive
R000585,Kitchen,Compared to the speaker it replaced 18 weeks ago this one is defective. It stopped working entirely on the fourth day.,2,True,train,negative
R000586,Office,Setup took about 31 minutes and the whole toaster felt sturdy. Packaging was tidy and nothing was scratched.,5,False,train,positive
R000587,Office,The headset arrived on day 5 and the build quality felt awful. The listing photos do not match what turned up.,2,False,train,negative
R000588,Kitchen,The backpack arrived on day 9 and the build quality felt flawless. Packaging was tidy and nothing was scratched.,4,False,train,positive
R000589,Office,Setup took about 9 minutes and the whole blender felt unremarkable. About what I expected at this price.,3,True,train,neutral
R000590,Audio,Bought the router for my hallway 15 weeks back and found it awful. I have started a return and want my money back.,2,True,train,negative
R000591,Office,After 23 weeks of daily use the router still looks perfect. Support answered my question the same afternoon.,1,False,train,positive
R000592,Kitchen,Setup took about 55 minutes and the whole blender felt terrible. I would not put this in front of a guest.,1,False,train,negative
R000593,Kitchen,I have used this blender for 9 weeks now and it is shoddy. The listing photos do not match what turned up.,1,True,train,negative
R000594,Kitchen,Setup took about 24 minutes and the whole toaster felt broken. The listing photos do not match what turned up.,2,True,train,negative
R000595,Audio,Compared to the lamp it replaced 12 weeks ago this one is sturdy. Support answered my question the same afternoon.,4,True,test,positive
R000596,Office,After 7 weeks of daily use the chair still looks okay. I neither regret it nor recommend it.,4,False,train,neutral
R000597,Audio,Bought the chair for my home office 9 weeks back and found it defective. The listing photos do not match what turned up.,2,False,test,negative
R000598,Audio,"Compared to the keyboard it replaced 29 weeks ago this one is average. No complaints, but no enthusiasm either.",3,True,train,neutral
R000599,Kitchen,"Bought the monitor for my home office 22 weeks back and found it average. It works, though the manual was useless.",3,True,train,neutral
R000600,Office,"Great product, would buy again! Ordered 34 of them.",1,True,train,negative
R000601,Audio,Bought the router for my spare room 17 weeks back and found it acceptable. It sits in a drawer more often than not.,3,True,test,neutral
R000602,Kitchen,Honestly the headset was impressive for the 153 pounds I paid. It has become the one I reach for every morning.,5,True,test,positive
R000603,Audio,The toaster arrived on day 2 and the build quality felt awful. The listing photos do not match what turned up.,2,True,test,negative
R000604,Office,Honestly the chair was outstanding for the 32 pounds I paid. Battery life beat what the listing promised.,3,True,train,positive
R000605,Audio,Setup took about 48 minutes and the whole chair felt awful. The listing photos do not match what turned up.,1,True,train,neutral
R000606,Kitchen,I have used this toaster for 23 weeks now and it is flawless. It has survived two house moves already.,5,False,train,positive
R000607,Office,The blender arrived on day 7 and the build quality felt unremarkable. It does what it says and nothing beyond that.,3,True,train,neutral
R000608,Office,After 26 weeks of daily use the keyboard still looks impressive. Worth every bit of what I paid.,4,True,train,positive
R000609,Kitchen,Compared to the headset it replaced 21 weeks ago this one is okay. About what I expected at this price.,3,False,train,neutral
R000610,Kitchen,Bought the keyboard for my studio 12 weeks back and found it okay. About what I expected at this price.,3,True,train,neutral
R000611,Audio,Compared to the monitor it replaced 8 weeks ago this one is dreadful. Support have ignored two emails so far.,5,True,train,neutral
R000612,Office,Setup took about 40 minutes and the whole kettle felt fantastic. Battery life beat what the listing promised.,5,True,train,positive
R000613,Office,Bought the toaster for my spare room 18 weeks back and found it flimsy. It rattles badly whenever it is switched on.,5,True,train,negative
R000614,Audio,Bought the speaker for my kitchen 25 weeks back and found it adequate. About what I expected at this price.,3,True,train,neutral
R000615,Kitchen,"Bought the headset for my home office 17 weeks back and found it middling. No complaints, but no enthusiasm either.",3,False,train,neutral
R000616,Audio,Setup took about 46 minutes and the whole mousepad felt flawless. Packaging was tidy and nothing was scratched.,3,True,train,positive
R000617,Kitchen,The toaster arrived on day 10 and the build quality felt brilliant. I would order another without thinking twice.,4,True,train,positive
R000618,Office,Ordered the kettle on a whim for 115 pounds and the finish is fine. It sits in a drawer more often than not.,3,False,train,neutral
R000619,Audio,After 10 weeks of daily use the mousepad still looks cheap. I have started a return and want my money back.,1,True,test,negative
R000620,Office,Compared to the chair it replaced 23 weeks ago this one is perfect. It has survived two house moves already.,5,True,test,positive
R000621,Audio,The mousepad arrived on day 5 and the build quality felt fine. About what I expected at this price.,3,True,test,neutral
R000622,Kitchen,Ordered the speaker on a whim for 21 pounds and the finish is shoddy. Support have ignored two emails so far.,1,True,test,negative
R000623,Audio,After 9 weeks of daily use the kettle still looks perfect. Worth every bit of what I paid.,5,True,train,positive
R000624,Office,The backpack arrived on day 7 and the build quality felt useless. I have started a return and want my money back.,1,True,train,negative
R000625,Audio,Bought the kettle for my hallway 11 weeks back and found it fantastic. My partner liked it enough to ask for one.,5,True,test,positive
R000626,Kitchen,I have used this kettle for 9 weeks now and it is superb. My partner liked it enough to ask for one.,4,True,train,positive
R000627,Audio,The lamp arrived on day 1 and the build quality felt dreadful. It stopped working entirely on the fourth day.,1,True,test,negative
R000628,Audio,After 29 weeks of daily use the speaker still looks terrible. The listing photos do not match what turned up.,2,True,train,negative
R000629,Office,I have used this kettle for 20 weeks now and it is passable. About what I expected at this price.,3,True,train,neutral
R000630,Kitchen,I have used this speaker for 28 weeks now and it is unremarkable. I neither regret it nor recommend it.,3,True,train,neutral
R000631,Office,Ordered the monitor on a whim for 124 pounds and the finish is flawless. It has become the one I reach for every morning.,5,True,test,positive
R000632,Audio,Honestly the monitor was brilliant for the 159 pounds I paid. Battery life beat what the listing promised.,5,False,test,positive
R000633,Office,Bought the router for my workshop 17 weeks back and found it brilliant. Worth every bit of what I paid.,4,True,train,negative
R000634,Office,The speaker arrived on day 9 and the build quality felt shoddy. Support have ignored two emails so far.,3,True,test,negative
R000635,Audio,Compared to the router it replaced 22 weeks ago this one is okay. There are better options if you can spend more.,3,True,train,neutral
R000636,Kitchen,Honestly the backpack was terrible for the 187 pounds I paid. I would not put this in front of a guest.,1,True,train,negative
R000637,Audio,"Bought the headset for my hallway 12 weeks back and found it fine. It works, though the manual was useless.",3,False,train,neutral
R000638,Audio,Ordered the keyboard on a whim for 62 pounds and the finish is flimsy. Mine arrived with a crack down one side.,2,True,train,negative
R000639,Kitchen,Ordered the kettle on a whim for 54 pounds and the finish is acceptable. It sits in a drawer more often than not.,3,True,train,neutral
R000640,Office,Bought the headset for my spare room 22 weeks back and found it solid. I would order another without thinking twice.,4,True,test,negative
R000641,Audio,Nice product. Will buy again. Arrived 13 days early.,3,True,test,neutral
R000642,Office,I have used this mousepad for 2 weeks now and it is fantastic. My partner liked it enough to ask for one.,5,True,train,positive
R000643,Office,After 5 weeks of daily use the keyboard still looks serviceable. It sits in a drawer more often than not.,3,True,train,neutral
R000644,Office,Ordered the mousepad on a whim for 170 pounds and the finish is impressive. I would order another without thinking twice.,4,True,test,positive
R000645,Audio,The headset arrived on day 6 and the build quality felt defective. Save your money and buy something else.,2,True,train,negative
R000646,Office,"Honestly the speaker was passable for the 12 pounds I paid. No complaints, but no enthusiasm either.",3,True,train,neutral
R000647,Kitchen,Honestly the router was flimsy for the 173 pounds I paid. It rattles badly whenever it is switched on.,2,True,train,negative
R000648,Kitchen,"After 16 weeks of daily use the toaster still looks average. No complaints, but no enthusiasm either.",3,True,train,neutral
R000649,Audio,Bought the toaster for my kitchen 10 weeks back and found it fantastic. It has become the one I reach for every morning.,5,True,train,positive
R000650,Audio,Compared to the blender it replaced 11 weeks ago this one is superb. It has survived two house moves already.,4,True,test, positive
R000651,Kitchen,I have used this backpack for 12 weeks now and it is superb. Battery life beat what the listing promised.,5,True,train,positive
R000652,Office,Bought the backpack for my kitchen 24 weeks back and found it sturdy. It has become the one I reach for every morning.,5,True,test,positive
R000653,Kitchen,After 11 weeks of daily use the keyboard still looks average. There are better options if you can spend more.,3,False,train,neutral
R000654,Audio,Compared to the toaster it replaced 27 weeks ago this one is sturdy. Support answered my question the same afternoon.,4,True,train,positive
R000655,Office,I have used this router for 2 weeks now and it is fantastic. My partner liked it enough to ask for one.,5,True,train,positive
R000656,Kitchen,Does the job. No complaints. Ordered 39 of them.,4,True,train,positive
R000657,Kitchen,Ordered the toaster on a whim for 165 pounds and the finish is flawless. Worth every bit of what I paid.,5,True,train,positive
R000658,Audio,Compared to the kettle it replaced 15 weeks ago this one is perfect. Worth every bit of what I paid.,4,True,train,positive
R000659,Audio,Ordered the keyboard on a whim for 64 pounds and the finish is sturdy. It has survived two house moves already.,5,True,train,positive
R000660,Audio,After 7 weeks of daily use the speaker still looks dreadful. The listing photos do not match what turned up.,2,True,train,negative
R000661,Audio,The mousepad arrived on day 6 and the build quality felt outstanding. Packaging was tidy and nothing was scratched.,2,False,train,positive
R000662,Office,Ordered the backpack on a whim for 75 pounds and the finish is brilliant. It has become the one I reach for every morning.,1,True,train,positive
R000663,Office,I have used this headset for 7 weeks now and it is impressive. Battery life beat what the listing promised.,5,True,test,positive
R000664,Audio,The headset arrived on day 10 and the build quality felt sturdy. It has become the one I reach for every morning.,4,True,train,positive
R000665,Audio,Honestly the toaster was sturdy for the 154 pounds I paid. It has survived two house moves already.,5,True,train,positive
R000666,Audio,Bought the monitor for my home office 7 weeks back and found it brilliant. Worth every bit of what I paid.,4,True,train,positive
R000667,Office,Setup took about 58 minutes and the whole headset felt impressive. Worth every bit of what I paid.,4,True,train,positive
R000668,Office,"Does the job, no complaints here. Ordered 25 of them.",4,True,train,positive
R000669,Audio,Compared to the headset it replaced 13 weeks ago this one is flawless. Packaging was tidy and nothing was scratched.,5,False,train,positive
R000670,Kitchen,Ordered the kettle on a whim for 162 pounds and the finish is broken. The listing photos do not match what turned up.,4,True,train,negative
R000671,Kitchen,After 28 weeks of daily use the monitor still looks terrible. I would not put this in front of a guest.,1,True,train,negative
R000672,Kitchen,"Compared to the toaster it replaced 29 weeks ago this one is okay. Fine for the money, forgettable otherwise.",1,False,train,neutral
R000673,Kitchen,"Ordered the kettle on a whim for 51 pounds and the finish is unremarkable. Fine for the money, forgettable otherwise.",3,False,train,neutral
R000674,Audio,Compared to the kettle it replaced 13 weeks ago this one is fantastic. Support answered my question the same afternoon.,4,True,train,positive
R000675,Kitchen,The headset arrived on day 13 and the build quality felt cheap. Mine arrived with a crack down one side.,1,True,train,negative
R000676,Office,Honestly the monitor was solid for the 50 pounds I paid. I would order another without thinking twice.,5,True,train,positive
R000677,Kitchen,Honestly the mousepad was brilliant for the 150 pounds I paid. My partner liked it enough to ask for one.,5,True,train,positive
R000678,Audio,Setup took about 54 minutes and the whole speaker felt outstanding. It has survived two house moves already.,4,True,train,positive
R000679,Kitchen,I have used this mousepad for 11 weeks now and it is awful. It rattles badly whenever it is switched on.,2,True,train,Negative
R000680,Kitchen,Compared to the keyboard it replaced 14 weeks ago this one is flimsy. Mine arrived with a crack down one side.,1,True,test,negative
R000681,Kitchen,The monitor arrived on day 4 and the build quality felt fantastic. Battery life beat what the listing promised.,4,True,train,positive
R000682,Kitchen,Honestly the keyboard was awful for the 108 pounds I paid. I have started a return and want my money back.,2,True,test,negative
R000683,Office,Bought the keyboard for my spare room 25 weeks back and found it solid. Support answered my question the same afternoon.,4,True,test,positive
R000684,Audio,After 10 weeks of daily use the speaker still looks acceptable. It does what it says and nothing beyond that.,3,True,train,neutral
R000685,Audio,Compared to the mousepad it replaced 4 weeks ago this one is unremarkable. It does what it says and nothing beyond that.,3,True,train,neutral
R000686,Kitchen,Bought the backpack for my workshop 20 weeks back and found it outstanding. Worth every bit of what I paid.,5,True,test,positive
R000687,Kitchen,Honestly the blender was solid for the 162 pounds I paid. Battery life beat what the listing promised.,1,True,test,positive
R000688,Kitchen,I have used this monitor for 25 weeks now and it is dreadful. Save your money and buy something else.,4,True,train,negative
R000689,Kitchen,"Ordered the backpack on a whim for 189 pounds and the finish is unremarkable. No complaints, but no enthusiasm either.",2,True,train,neutral
R000690,Office,After 6 weeks of daily use the chair still looks middling. It does what it says and nothing beyond that.,3,True,train,Neutral
R000691,Audio,Honestly the kettle was solid for the 78 pounds I paid. Support answered my question the same afternoon.,4,True,train,positive
R000692,Audio,I have used this mousepad for 11 weeks now and it is flimsy. Mine arrived with a crack down one side.,1,True,test,negative
R000693,Office,After 8 weeks of daily use the chair still looks brilliant. It has survived two house moves already.,4,True,train,positive
R000694,Audio,Setup took about 19 minutes and the whole blender felt solid. It has become the one I reach for every morning.,5,False,train,positive
R000695,Office,"Compared to the lamp it replaced 26 weeks ago this one is acceptable. It works, though the manual was useless.",3,True,test,neutral
R000696,Office,I have used this chair for 17 weeks now and it is brilliant. I would order another without thinking twice.,5,True,train,positive
R000697,Office,Bought the toaster for my kitchen 12 weeks back and found it perfect. Support answered my question the same afternoon.,5,False,train,positive
R000698,Office,Ordered the blender on a whim for 61 pounds and the finish is impressive. Packaging was tidy and nothing was scratched.,5,True,train,positive
R000699,Audio,After 16 weeks of daily use the mousepad still looks brilliant. It has become the one I reach for every morning.,5,True,train,positive
R000700,Office,Setup took about 32 minutes and the whole monitor felt unusable. I would not put this in front of a guest.,1,False,train,negative
R000701,Office,The keyboard arrived on day 3 and the build quality felt shoddy. The listing photos do not match what turned up.,2,True,train,negative
R000702,Office,Bought the keyboard for my kitchen 15 weeks back and found it unremarkable. It sits in a drawer more often than not.,3,True,train,positive
R000703,Kitchen,Good product. Would buy again. Arrived 18 days early.,4,True,train,positive
R000704,Kitchen,Honestly the monitor was brilliant for the 83 pounds I paid. It has become the one I reach for every morning.,4,True,train,positive
R000705,Kitchen,Compared to the headset it replaced 21 weeks ago this one is ordinary. It does what it says and nothing beyond that.,3,True,train,neutral
R000706,Audio,After 13 weeks of daily use the toaster still looks impressive. Worth every bit of what I paid.,4,False,train, positive
R000707,Kitchen,Bought the chair for my home office 21 weeks back and found it outstanding. My partner liked it enough to ask for one.,5,True,train,positive
R000708,Office,Bought the monitor for my kitchen 25 weeks back and found it awful. Support have ignored two emails so far.,2,True,train,negative
R000709,Office,I have used this backpack for 29 weeks now and it is useless. It rattles badly whenever it is switched on.,2,True,train,negative
R000710,Office,After 25 weeks of daily use the chair still looks sturdy. My partner liked it enough to ask for one.,2,True,train,positive
R000711,Office,I have used this toaster for 24 weeks now and it is flawless. Support answered my question the same afternoon.,5,True,train,positive
R000712,Kitchen,Honestly the mousepad was fantastic for the 19 pounds I paid. My partner liked it enough to ask for one.,4,False,train,positive
R000713,Audio,The toaster arrived on day 2 and the build quality felt fine. It does what it says and nothing beyond that.,3,True,train,neutral
R000714,Audio,"Setup took about 10 minutes and the whole chair felt okay. It works, though the manual was useless.",3,True,train,neutral
R000715,Office,The chair arrived on day 10 and the build quality felt sturdy. Worth every bit of what I paid.,5,False,train,positive
R000716,Audio,Honestly the backpack was outstanding for the 78 pounds I paid. Worth every bit of what I paid.,5,True,train,positive
R000717,Audio,"Setup took about 58 minutes and the whole blender felt passable. Fine for the money, forgettable otherwise.",3,False,train,neutral
R000718,Kitchen,Compared to the blender it replaced 17 weeks ago this one is perfect. Battery life beat what the listing promised.,5,True,train,positive
R000719,Audio,I have used this toaster for 26 weeks now and it is brilliant. It has survived two house moves already.,4,True,train,positive
R000720,Office,Ordered the blender on a whim for 186 pounds and the finish is terrible. The listing photos do not match what turned up.,1,True,train,negative
R000721,Kitchen,Good product. Would order again. Delivery took 24 days.,3,True,train,neutral
R000722,Audio,After 17 weeks of daily use the mousepad still looks perfect. I would order another without thinking twice.,4,False,train,positive
R000723,Audio,Honestly the monitor was defective for the 45 pounds I paid. I have started a return and want my money back.,1,True,train,negative
R000724,Office,Setup took about 28 minutes and the whole blender felt flawless. Support answered my question the same afternoon.,5,True,train,Positive
R000725,Audio,I have used this headset for 2 weeks now and it is ordinary. It does what it says and nothing beyond that.,3,True,train,neutral
R000726,Office,The monitor arrived on day 7 and the build quality felt impressive. It has become the one I reach for every morning.,3,True,train,positive
R000727,Office,Compared to the mousepad it replaced 8 weeks ago this one is perfect. I would order another without thinking twice.,4,True,train,positive
R000728,Kitchen,Bought the monitor for my spare room 4 weeks back and found it outstanding. Worth every bit of what I paid.,5,True,train,positive
R000729,Kitchen,Ordered the chair on a whim for 110 pounds and the finish is impressive. I would order another without thinking twice.,5,True,test,positive
R000730,Office,Ordered the toaster on a whim for 111 pounds and the finish is flimsy. I have started a return and want my money back.,2,True,train,negative
R000731,Audio,I have used this keyboard for 9 weeks now and it is perfect. Support answered my question the same afternoon.,4,False,test,positive
R000732,Kitchen,After 11 weeks of daily use the kettle still looks impressive. Battery life beat what the listing promised.,5,True,train,positive
R000733,Kitchen,Bought the monitor for my kitchen 18 weeks back and found it acceptable. About what I expected at this price.,3,True,train,neutral
R000734,Audio,"Great product, would buy again! Ordered 25 of them.",2,True,train,negative
R000735,Kitchen,The chair arrived on day 13 and the build quality felt superb. It has become the one I reach for every morning.,5,True,test,positive
R000736,Audio,The monitor arrived on day 8 and the build quality felt unusable. Support have ignored two emails so far.,1,False,train,negative
R000737,Audio,Ordered the headset on a whim for 185 pounds and the finish is outstanding. My partner liked it enough to ask for one.,5,True,train,Positive
R000738,Audio,I have used this lamp for 10 weeks now and it is outstanding. I would order another without thinking twice.,5,True,train,positive
R000739,Audio,"The keyboard arrived on day 11 and the build quality felt average. It works, though the manual was useless.",3,True,train,neutral
R000740,Kitchen,Nice product. Will buy again. Used it for 13 weeks so far.,1,False,train,negative
R000741,Audio,After 2 weeks of daily use the lamp still looks okay. It sits in a drawer more often than not.,2,True,train,neutral
R000742,Audio,Does the job. No complaints. Used it for 19 weeks so far.,2,True,train,negative
R000743,Kitchen,Compared to the blender it replaced 5 weeks ago this one is brilliant. Packaging was tidy and nothing was scratched.,4,True,train,positive
R000744,Office,The blender arrived on day 1 and the build quality felt outstanding. It has become the one I reach for every morning.,5,True,train,positive
R000745,Kitchen,Setup took about 36 minutes and the whole lamp felt fine. There are better options if you can spend more.,3,True,test,neutral
R000746,Kitchen,"Ordered the keyboard on a whim for 167 pounds and the finish is average. Fine for the money, forgettable otherwise.",4,True,train,neutral
R000747,Office,Setup took about 56 minutes and the whole router felt excellent. It has become the one I reach for every morning.,5,True,train,positive
R000748,Kitchen,"Ordered the chair on a whim for 113 pounds and the finish is fine. No complaints, but no enthusiasm either.",3,False,train,neutral
R000749,Audio,Honestly the lamp was adequate for the 20 pounds I paid. It sits in a drawer more often than not.,3,True,train,neutral
R000750,Kitchen,Compared to the keyboard it replaced 21 weeks ago this one is passable. It does what it says and nothing beyond that.,3,True,train,neutral
R000751,Kitchen,"Does the job, no complaints here. Arrived 13 days early.",4,True,train,positive
R000752,Kitchen,Bought the speaker for my hallway 9 weeks back and found it dreadful. The listing photos do not match what turned up.,1,False,train,negative
R000753,Audio,After 6 weeks of daily use the toaster still looks superb. Worth every bit of what I paid.,5,True,train,positive
R000754,Audio,Bought the backpack for my studio 26 weeks back and found it broken. Save your money and buy something else.,1,True,test,negative
R000755,Kitchen,Good product. Would buy again. Arrived 26 days early.,4,True,train,positive
R000756,Kitchen,Ordered the monitor on a whim for 109 pounds and the finish is terrible. It rattles badly whenever it is switched on.,2,False,test,negative
R000757,Kitchen,Compared to the blender it replaced 13 weeks ago this one is flimsy. It rattles badly whenever it is switched on.,2,True,train,negative
R000758,Kitchen,Bought the speaker for my hallway 25 weeks back and found it superb. Packaging was tidy and nothing was scratched.,4,True,train,positive
R000759,Audio,Bought the chair for my home office 12 weeks back and found it serviceable. It does what it says and nothing beyond that.,3,True,test,neutral
R000760,Kitchen,Setup took about 36 minutes and the whole monitor felt cheap. It stopped working entirely on the fourth day.,2,True,train,negative
R000761,Kitchen,"Setup took about 13 minutes and the whole backpack felt acceptable. No complaints, but no enthusiasm either.",3,True,train,neutral
R000762,Office,Compared to the kettle it replaced 10 weeks ago this one is flimsy. It stopped working entirely on the fourth day.,2,True,train,negative
R000763,Audio,Compared to the toaster it replaced 24 weeks ago this one is useless. I have started a return and want my money back.,5,True,train,negative
R000764,Kitchen,After 6 weeks of daily use the toaster still looks flimsy. It rattles badly whenever it is switched on.,2,True,train,negative
R000765,Office,The kettle arrived on day 14 and the build quality felt impressive. I would order another without thinking twice.,5,True,train,positive
R000766,Office,Bought the lamp for my kitchen 6 weeks back and found it terrible. I would not put this in front of a guest.,2,True,train,negative
R000767,Kitchen,I have used this toaster for 16 weeks now and it is useless. The listing photos do not match what turned up.,1,True,train,negative
R000768,Office,I have used this chair for 14 weeks now and it is sturdy. It has survived two house moves already.,4,False,train,positive
R000769,Audio,Honestly the kettle was fine for the 102 pounds I paid. It sits in a drawer more often than not.,3,True,test,neutral
R000770,Office,Honestly the keyboard was outstanding for the 52 pounds I paid. It has survived two house moves already.,5,True,train,positive
R000771,Office,Setup took about 12 minutes and the whole blender felt brilliant. It has survived two house moves already.,4,True,train,positive
R000772,Kitchen,Ordered the mousepad on a whim for 105 pounds and the finish is brilliant. I would order another without thinking twice.,4,True,train,positive
R000773,Kitchen,"Ordered the keyboard on a whim for 136 pounds and the finish is ordinary. Fine for the money, forgettable otherwise.",3,True,train,neutral
R000774,Kitchen,Honestly the kettle was solid for the 21 pounds I paid. It has become the one I reach for every morning.,4,True,train,positive
R000775,Audio,Bought the headset for my workshop 19 weeks back and found it fantastic. Support answered my question the same afternoon.,5,True,train,Positive
R000776,Kitchen,I have used this chair for 18 weeks now and it is outstanding. I would order another without thinking twice.,4,True,train,Positive
R000777,Office,The kettle arrived on day 13 and the build quality felt outstanding. Worth every bit of what I paid.,5,True,train,positive
R000778,Audio,After 25 weeks of daily use the toaster still looks solid. It has survived two house moves already.,5,False,train,positive
R000779,Kitchen,Good product. Would order again. Arrived 23 days early.,3,False,train,neutral
R000780,Kitchen,Compared to the toaster it replaced 13 weeks ago this one is useless. The listing photos do not match what turned up.,1,True,train,negative
R000781,Kitchen,Ordered the mousepad on a whim for 173 pounds and the finish is perfect. It has become the one I reach for every morning.,5,True,train,positive
R000782,Kitchen,I have used this lamp for 13 weeks now and it is fine. It does what it says and nothing beyond that.,3,True,train,neutral
R000783,Office,Ordered the keyboard on a whim for 117 pounds and the finish is fantastic. I would order another without thinking twice.,5,True,test,positive
R000784,Office,Honestly the backpack was defective for the 110 pounds I paid. It rattles badly whenever it is switched on.,1,True,train,negative
R000785,Office,"Honestly the router was ordinary for the 122 pounds I paid. It works, though the manual was useless.",3,True,train,neutral
R000786,Office,The toaster arrived on day 4 and the build quality felt defective. The listing photos do not match what turned up.,1,False,test,negative
R000787,Office,"Setup took about 20 minutes and the whole chair felt serviceable. Fine for the money, forgettable otherwise.",3,False,train,neutral
R000788,Kitchen,"After 27 weeks of daily use the headset still looks fine. Fine for the money, forgettable otherwise.",3,False,test,neutral
R000789,Audio,The backpack arrived on day 4 and the build quality felt dreadful. I would not put this in front of a guest.,2,False,test,negative
R000790,Kitchen,Honestly the toaster was superb for the 184 pounds I paid. I would order another without thinking twice.,5,False,train,Positive
R000791,Audio,Bought the router for my home office 12 weeks back and found it awful. Support have ignored two emails so far.,2,True,train,negative
R000792,Office,Honestly the lamp was fantastic for the 164 pounds I paid. I would order another without thinking twice.,5,False,test,positive
R000793,Audio,I have used this router for 29 weeks now and it is defective. Mine arrived with a crack down one side.,2,False,train,negative
R000794,Audio,Ordered the backpack on a whim for 101 pounds and the finish is shoddy. Mine arrived with a crack down one side.,2,True,train,negative
R000795,Office,Bought the speaker for my hallway 26 weeks back and found it passable. It sits in a drawer more often than not.,3,True,test,neutral
R000796,Kitchen,After 8 weeks of daily use the kettle still looks broken. It stopped working entirely on the fourth day.,2,True,train,negative
R000797,Kitchen,Compared to the keyboard it replaced 17 weeks ago this one is superb. Worth every bit of what I paid.,1,True,train,positive
R000798,Kitchen,Setup took about 57 minutes and the whole blender felt serviceable. There are better options if you can spend more.,3,True,train,neutral
R000799,Office,Ordered the keyboard on a whim for 180 pounds and the finish is useless. I would not put this in front of a guest.,1,True,train,negative
R000800,Office,Compared to the lamp it replaced 20 weeks ago this one is dreadful. It stopped working entirely on the fourth day.,1,True,train,negative
R000801,Audio,"I have used this speaker for 21 weeks now and it is ordinary. It works, though the manual was useless.",3,True,train,neutral
R000802,Office,I have used this toaster for 22 weeks now and it is serviceable. It sits in a drawer more often than not.,3,False,train, neutral
R000803,Kitchen,Honestly the toaster was awful for the 44 pounds I paid. It rattles badly whenever it is switched on.,1,True,train,negative
R000804,Kitchen,"Ordered the blender on a whim for 38 pounds and the finish is fine. Fine for the money, forgettable otherwise.",3,True,train,neutral
R000805,Office,Honestly the speaker was solid for the 141 pounds I paid. Worth every bit of what I paid.,3,False,test,positive
R000806,Kitchen,Bought the monitor for my studio 8 weeks back and found it terrible. I would not put this in front of a guest.,2,False,train,negative
R000807,Audio,I have used this kettle for 24 weeks now and it is brilliant. It has become the one I reach for every morning.,1,True,train,positive
R000808,Audio,Compared to the backpack it replaced 21 weeks ago this one is terrible. I would not put this in front of a guest.,2,True,train,negative
R000809,Office,After 10 weeks of daily use the blender still looks average. I neither regret it nor recommend it.,3,True,test,neutral
R000810,Audio,After 16 weeks of daily use the kettle still looks outstanding. It has survived two house moves already.,4,False,train,positive
R000811,Audio,Setup took about 55 minutes and the whole speaker felt impressive. It has become the one I reach for every morning.,5,False,train,positive
R000812,Office,I have used this monitor for 3 weeks now and it is awful. Mine arrived with a crack down one side.,1,True,test,negative
R000813,Office,"I have used this lamp for 9 weeks now and it is ordinary. No complaints, but no enthusiasm either.",3,False,test,neutral
R000814,Kitchen,"Honestly the headset was average for the 63 pounds I paid. It works, though the manual was useless.",3,True,train,neutral
R000815,Audio,Setup took about 19 minutes and the whole speaker felt average. There are better options if you can spend more.,1,False,test,neutral
R000816,Kitchen,Setup took about 11 minutes and the whole lamp felt useless. Save your money and buy something else.,1,True,train,negative
R000817,Office,I have used this speaker for 28 weeks now and it is flawless. Worth every bit of what I paid.,4,True,train,positive
R000818,Audio,Ordered the headset on a whim for 101 pounds and the finish is brilliant. Battery life beat what the listing promised.,5,True,train,positive
R000819,Audio,Ordered the chair on a whim for 35 pounds and the finish is impressive. It has survived two house moves already.,5,True,test,positive
R000820,Office,Honestly the router was perfect for the 159 pounds I paid. My partner liked it enough to ask for one.,5,True,train,positive
R000821,Office,After 2 weeks of daily use the router still looks superb. It has become the one I reach for every morning.,5,True,train,positive
R000822,Office,Setup took about 13 minutes and the whole lamp felt adequate. It sits in a drawer more often than not.,3,True,train,neutral
R000823,Kitchen,Honestly the blender was solid for the 92 pounds I paid. Support answered my question the same afternoon.,4,False,train,positive
R000824,Audio,The kettle arrived on day 4 and the build quality felt outstanding. I would order another without thinking twice.,4,True,train,positive
R000825,Kitchen,Honestly the kettle was middling for the 63 pounds I paid. There are better options if you can spend more.,3,True,test,neutral
R000826,Kitchen,Bought the speaker for my studio 21 weeks back and found it serviceable. It does what it says and nothing beyond that.,3,False,train,neutral
R000827,Kitchen,Honestly the lamp was useless for the 134 pounds I paid. I have started a return and want my money back.,1,True,train,negative
R000828,Office,Compared to the lamp it replaced 20 weeks ago this one is cheap. The listing photos do not match what turned up.,2,True,train,negative
R000829,Kitchen,"After 11 weeks of daily use the speaker still looks adequate. No complaints, but no enthusiasm either.",3,True,train,neutral
R000830,Audio,The headset arrived on day 4 and the build quality felt dreadful. I would not put this in front of a guest.,2,True,test,negative
R000831,Office,After 14 weeks of daily use the monitor still looks terrible. It rattles badly whenever it is switched on.,1,False,train, negative
R000832,Audio,Bought the keyboard for my spare room 29 weeks back and found it flawless. Packaging was tidy and nothing was scratched.,5,True,train,positive
R000833,Kitchen,Honestly the headset was flawless for the 172 pounds I paid. I would order another without thinking twice.,4,True,train,positive
R000834,Kitchen,"I have used this mousepad for 6 weeks now and it is passable. No complaints, but no enthusiasm either.",3,True,train,neutral
R000835,Audio,Ordered the backpack on a whim for 152 pounds and the finish is superb. Packaging was tidy and nothing was scratched.,5,True,train,positive
R000836,Kitchen,Bought the kettle for my spare room 22 weeks back and found it acceptable. About what I expected at this price.,3,False,train,neutral
R000837,Kitchen,Ordered the kettle on a whim for 54 pounds and the finish is middling. I neither regret it nor recommend it.,3,True,test,neutral
R000838,Audio,Honestly the blender was outstanding for the 156 pounds I paid. My partner liked it enough to ask for one.,5,True,train,positive
R000839,Office,I have used this chair for 8 weeks now and it is terrible. The listing photos do not match what turned up.,1,True,train,negative
R000840,Kitchen,Ordered the monitor on a whim for 122 pounds and the finish is outstanding. It has survived two house moves already.,4,True,train,positive
R000841,Office,Compared to the router it replaced 17 weeks ago this one is awful. I would not put this in front of a guest.,2,True,train,negative
R000842,Office,Honestly the toaster was impressive for the 83 pounds I paid. I would order another without thinking twice.,4,True,train,positive
R000843,Office,Honestly the monitor was brilliant for the 57 pounds I paid. It has become the one I reach for every morning.,4,True,test,positive
R000844,Kitchen,Honestly the lamp was superb for the 84 pounds I paid. It has become the one I reach for every morning.,4,True,train,positive
R000845,Audio,"Great product, would buy again! Second one in 26 months.",2,True,train,negative
R000846,Audio,The blender arrived on day 10 and the build quality felt excellent. It has survived two house moves already.,2,False,train,positive
R000847,Audio,Honestly the toaster was adequate for the 180 pounds I paid. I neither regret it nor recommend it.,3,False,train,neutral
R000848,Kitchen,"Bought the keyboard for my spare room 11 weeks back and found it okay. No complaints, but no enthusiasm either.",3,True,test,neutral
R000849,Audio,The blender arrived on day 6 and the build quality felt flawless. My partner liked it enough to ask for one.,3,True,train,positive
R000850,Audio,Compared to the chair it replaced 10 weeks ago this one is adequate. It sits in a drawer more often than not.,3,False,train,neutral
R000851,Office,Honestly the speaker was excellent for the 115 pounds I paid. Battery life beat what the listing promised.,5,True,train,positive
R000852,Kitchen,Nice product. Will buy again. Ordered 2 of them.,4,True,test,positive
R000853,Office,"Honestly the toaster was middling for the 84 pounds I paid. Fine for the money, forgettable otherwise.",3,True,train,neutral
R000854,Kitchen,The monitor arrived on day 5 and the build quality felt outstanding. Battery life beat what the listing promised.,1,True,train,positive
R000855,Office,The blender arrived on day 2 and the build quality felt solid. Battery life beat what the listing promised.,5,True,train,positive
R000856,Office,"I have used this blender for 27 weeks now and it is serviceable. Fine for the money, forgettable otherwise.",3,True,train,neutral
R000857,Kitchen,Bought the toaster for my home office 17 weeks back and found it flawless. I would order another without thinking twice.,4,True,train,positive
R000858,Audio,After 13 weeks of daily use the router still looks brilliant. Worth every bit of what I paid.,5,True,test,positive
R000859,Audio,Honestly the kettle was useless for the 94 pounds I paid. The listing photos do not match what turned up.,1,True,train,negative
R000860,Office,After 8 weeks of daily use the toaster still looks shoddy. Mine arrived with a crack down one side.,1,True,train,negative
R000861,Office,Setup took about 23 minutes and the whole router felt fantastic. I would order another without thinking twice.,4,True,test,positive
R000862,Audio,"Honestly the headset was passable for the 34 pounds I paid. No complaints, but no enthusiasm either.",3,True,train,neutral
R000863,Kitchen,Ordered the kettle on a whim for 155 pounds and the finish is dreadful. It stopped working entirely on the fourth day.,2,True,train,negative
R000864,Audio,Ordered the backpack on a whim for 108 pounds and the finish is broken. Mine arrived with a crack down one side.,1,False,test,negative
R000865,Office,Ordered the chair on a whim for 173 pounds and the finish is excellent. It has become the one I reach for every morning.,5,True,train,positive
R000866,Office,Ordered the monitor on a whim for 51 pounds and the finish is outstanding. Worth every bit of what I paid.,5,False,test,positive
R000867,Kitchen,Compared to the monitor it replaced 7 weeks ago this one is broken. I would not put this in front of a guest.,1,True,train,negative
R000868,Audio,Ordered the backpack on a whim for 141 pounds and the finish is terrible. I have started a return and want my money back.,1,True,train,negative
R000869,Audio,Setup took about 45 minutes and the whole speaker felt fantastic. Battery life beat what the listing promised.,5,True,test,positive
R000870,Kitchen,The keyboard arrived on day 4 and the build quality felt acceptable. There are better options if you can spend more.,3,True,test,neutral
R000871,Office,I have used this mousepad for 20 weeks now and it is ordinary. It sits in a drawer more often than not.,3,True,train,neutral
R000872,Office,After 6 weeks of daily use the monitor still looks useless. The listing photos do not match what turned up.,2,False,train,negative
R000873,Audio,Honestly the mousepad was flawless for the 59 pounds I paid. Support answered my question the same afternoon.,4,True,test,positive
R000874,Kitchen,Compared to the keyboard it replaced 19 weeks ago this one is useless. It rattles badly whenever it is switched on.,2,True,test,negative
R000875,Office,I have used this toaster for 25 weeks now and it is excellent. Worth every bit of what I paid.,5,True,train,positive
R000876,Kitchen,Compared to the headset it replaced 15 weeks ago this one is solid. Packaging was tidy and nothing was scratched.,2,True,test,positive
R000877,Audio,"Compared to the toaster it replaced 21 weeks ago this one is acceptable. Fine for the money, forgettable otherwise.",3,True,train,neutral
R000878,Audio,Compared to the chair it replaced 15 weeks ago this one is fine. It sits in a drawer more often than not.,3,True,test,neutral
R000879,Kitchen,I have used this mousepad for 21 weeks now and it is passable. I neither regret it nor recommend it.,3,True,train,neutral
R000880,Audio,Does the job. No complaints. Second one in 33 months.,2,True,train,negative
R000881,Office,Ordered the lamp on a whim for 25 pounds and the finish is middling. There are better options if you can spend more.,3,True,train,neutral
R000882,Kitchen,Honestly the lamp was sturdy for the 145 pounds I paid. Worth every bit of what I paid.,5,False,test,positive
R000883,Kitchen,Bought the monitor for my hallway 5 weeks back and found it solid. It has survived two house moves already.,4,True,train,positive
R000884,Kitchen,The speaker arrived on day 11 and the build quality felt fantastic. Packaging was tidy and nothing was scratched.,4,False,train,positive
R000885,Kitchen,Setup took about 43 minutes and the whole headset felt acceptable. I neither regret it nor recommend it.,4,True,train,neutral
R000886,Audio,The backpack arrived on day 6 and the build quality felt acceptable. It sits in a drawer more often than not.,3,True,train,neutral
R000887,Audio,The chair arrived on day 11 and the build quality felt impressive. Packaging was tidy and nothing was scratched.,5,True,train,positive
R000888,Kitchen,I have used this blender for 3 weeks now and it is okay. It does what it says and nothing beyond that.,3,True,train,neutral
R000889,Kitchen,I have used this mousepad for 18 weeks now and it is defective. I have started a return and want my money back.,2,True,train,negative
R000890,Audio,I have used this chair for 25 weeks now and it is perfect. Packaging was tidy and nothing was scratched.,2,True,train,positive
R000891,Kitchen,Honestly the mousepad was shoddy for the 75 pounds I paid. Support have ignored two emails so far.,4,True,train,negative
R000892,Kitchen,Bought the mousepad for my workshop 3 weeks back and found it broken. I have started a return and want my money back.,2,True,test,negative
R000893,Audio,Ordered the toaster on a whim for 19 pounds and the finish is brilliant. It has become the one I reach for every morning.,5,True,train,positive
R000894,Office,Ordered the headset on a whim for 18 pounds and the finish is acceptable. I neither regret it nor recommend it.,3,True,train,neutral
R000895,Office,Compared to the monitor it replaced 5 weeks ago this one is broken. It rattles badly whenever it is switched on.,2,False,train,negative
R000896,Audio,Compared to the monitor it replaced 5 weeks ago this one is excellent. Packaging was tidy and nothing was scratched.,5,False,train,positive
R000897,Office,Honestly the keyboard was awful for the 72 pounds I paid. It stopped working entirely on the fourth day.,2,True,train,negative
R000898,Kitchen,The backpack arrived on day 2 and the build quality felt outstanding. Worth every bit of what I paid.,5,False,train,positive
R000899,Audio,Bought the mousepad for my studio 20 weeks back and found it shoddy. It stopped working entirely on the fourth day.,2,True,train,negative
R000900,Office,After 22 weeks of daily use the mousepad still looks brilliant. It has survived two house moves already.,4,True,train,positive
R000901,Audio,The router arrived on day 10 and the build quality felt flawless. I would order another without thinking twice.,5,True,test,positive
R000902,Kitchen,The blender arrived on day 14 and the build quality felt useless. It stopped working entirely on the fourth day.,2,True,test,negative
R000903,Audio,The router arrived on day 10 and the build quality felt broken. Support have ignored two emails so far.,1,True,train,negative
R000904,Audio,After 5 weeks of daily use the backpack still looks awful. The listing photos do not match what turned up.,1,True,train,negative
R000905,Office,After 4 weeks of daily use the speaker still looks excellent. Worth every bit of what I paid.,5,True,train,positive
R000906,Office,"Ordered the lamp on a whim for 163 pounds and the finish is unremarkable. It works, though the manual was useless.",3,True,test,neutral
R000907,Office,Setup took about 35 minutes and the whole mousepad felt unusable. Support have ignored two emails so far.,2,True,train,negative
R000908,Office,The router arrived on day 12 and the build quality felt impressive. Packaging was tidy and nothing was scratched.,5,True,train,positive
R000909,Office,Bought the monitor for my hallway 12 weeks back and found it flawless. My partner liked it enough to ask for one.,2,True,train,positive
R000910,Audio,The mousepad arrived on day 6 and the build quality felt outstanding. Packaging was tidy and nothing was scratched.,5,True,train,positive
R000911,Audio,The speaker arrived on day 1 and the build quality felt middling. It sits in a drawer more often than not.,3,True,train,neutral
R000912,Audio,I have used this kettle for 13 weeks now and it is superb. I would order another without thinking twice.,4,True,train,positive
R000913,Office,After 15 weeks of daily use the monitor still looks flimsy. I have started a return and want my money back.,2,True,train,negative
R000914,Audio,Setup took about 36 minutes and the whole router felt brilliant. I would order another without thinking twice.,5,False,train,positive
R000915,Office,I have used this lamp for 3 weeks now and it is average. About what I expected at this price.,3,False,train,Neutral
R000916,Office,"Does the job, no complaints here. Second one in 3 months.",4,False,test,positive
R000917,Office,The blender arrived on day 1 and the build quality felt sturdy. Battery life beat what the listing promised.,4,True,train,positive
R000918,Audio,I have used this monitor for 11 weeks now and it is fantastic. My partner liked it enough to ask for one.,4,False,train,positive
R000919,Audio,Bought the keyboard for my hallway 26 weeks back and found it flimsy. Mine arrived with a crack down one side.,5,True,train,negative
R000920,Office,Compared to the keyboard it replaced 12 weeks ago this one is fantastic. Packaging was tidy and nothing was scratched.,5,True,train,positive
R000921,Audio,I have used this headset for 18 weeks now and it is awful. Support have ignored two emails so far.,1,False,train,neutral
R000922,Kitchen,Ordered the router on a whim for 110 pounds and the finish is okay. There are better options if you can spend more.,3,True,train,neutral
R000923,Office,Honestly the headset was brilliant for the 29 pounds I paid. My partner liked it enough to ask for one.,4,True,test,positive
R000924,Audio,Bought the speaker for my home office 14 weeks back and found it brilliant. It has survived two house moves already.,4,True,train,positive
R000925,Kitchen,I have used this monitor for 4 weeks now and it is unusable. Support have ignored two emails so far.,1,True,train,negative
R000926,Kitchen,The chair arrived on day 4 and the build quality felt unusable. I have started a return and want my money back.,1,True,train,negative
R000927,Kitchen,After 20 weeks of daily use the speaker still looks solid. Battery life beat what the listing promised.,5,True,test,positive
R000928,Office,Compared to the kettle it replaced 12 weeks ago this one is outstanding. Worth every bit of what I paid.,5,False,test,positive
R000929,Audio,"Setup took about 49 minutes and the whole lamp felt unremarkable. Fine for the money, forgettable otherwise.",3,True,train,neutral
R000930,Kitchen,"Compared to the blender it replaced 9 weeks ago this one is serviceable. No complaints, but no enthusiasm either.",3,True,train,neutral
R000931,Audio,Bought the router for my workshop 8 weeks back and found it outstanding. Packaging was tidy and nothing was scratched.,4,False,train,positive
R000932,Audio,Bought the backpack for my kitchen 15 weeks back and found it awful. It stopped working entirely on the fourth day.,2,True,test,negative
R000933,Audio,Bought the backpack for my studio 23 weeks back and found it broken. Save your money and buy something else.,1,True,train,negative
R000934,Office,Compared to the router it replaced 3 weeks ago this one is superb. Support answered my question the same afternoon.,5,True,train,positive
R000935,Audio,After 25 weeks of daily use the chair still looks flimsy. Support have ignored two emails so far.,1,True,test,negative
R000936,Kitchen,Ordered the mousepad on a whim for 42 pounds and the finish is ordinary. It sits in a drawer more often than not.,3,True,train,neutral
R000937,Audio,Setup took about 15 minutes and the whole chair felt excellent. Battery life beat what the listing promised.,4,True,test,positive
R000938,Office,Good product. Would buy again. Delivery took 2 days.,3,True,train,neutral
R000939,Audio,After 8 weeks of daily use the keyboard still looks passable. I neither regret it nor recommend it.,3,True,test,neutral
R000940,Kitchen,"The speaker arrived on day 10 and the build quality felt okay. It works, though the manual was useless.",3,True,train,neutral
R000941,Office,Honestly the toaster was impressive for the 157 pounds I paid. It has become the one I reach for every morning.,5,True,test,positive
R000942,Kitchen,The keyboard arrived on day 3 and the build quality felt flimsy. Support have ignored two emails so far.,2,True,test,negative
R000943,Audio,Good product. Would order again. Ordered 12 of them.,5,True,train,positive
R000944,Kitchen,Honestly the monitor was acceptable for the 12 pounds I paid. About what I expected at this price.,3,True,train,neutral
R000945,Kitchen,Ordered the keyboard on a whim for 80 pounds and the finish is perfect. I would order another without thinking twice.,4,False,test,positive
R000946,Audio,Honestly the backpack was average for the 55 pounds I paid. I neither regret it nor recommend it.,3,True,test,neutral
R000947,Kitchen,"I have used this router for 28 weeks now and it is ordinary. No complaints, but no enthusiasm either.",3,True,train,neutral
R000948,Audio,Ordered the lamp on a whim for 99 pounds and the finish is broken. It stopped working entirely on the fourth day.,1,True,train,negative
R000949,Kitchen,Compared to the monitor it replaced 13 weeks ago this one is middling. It sits in a drawer more often than not.,3,True,test,neutral
R000950,Office,Setup took about 15 minutes and the whole lamp felt serviceable. It sits in a drawer more often than not.,3,True,train,neutral
R000951,Audio,"I have used this mousepad for 8 weeks now and it is average. It works, though the manual was useless.",3,False,train,neutral
R000952,Audio,The blender arrived on day 8 and the build quality felt perfect. It has become the one I reach for every morning.,5,False,train,positive
R000953,Office,Honestly the mousepad was superb for the 40 pounds I paid. It has become the one I reach for every morning.,4,True,test,positive
R000954,Audio,Compared to the mousepad it replaced 3 weeks ago this one is useless. It stopped working entirely on the fourth day.,1,True,train,negative
R000955,Office,After 7 weeks of daily use the speaker still looks solid. It has survived two house moves already.,4,True,train, positive
R000956,Audio,Setup took about 17 minutes and the whole toaster felt sturdy. I would order another without thinking twice.,4,True,train,positive
R000957,Audio,Compared to the chair it replaced 6 weeks ago this one is unusable. Mine arrived with a crack down one side.,2,True,train,negative
R000958,Audio,Bought the toaster for my spare room 14 weeks back and found it awful. It rattles badly whenever it is switched on.,1,False,train,negative
R000959,Office,After 8 weeks of daily use the lamp still looks shoddy. Mine arrived with a crack down one side.,1,True,train,negative
R000960,Office,Compared to the mousepad it replaced 20 weeks ago this one is cheap. I would not put this in front of a guest.,1,True,train,negative
R000961,Audio,Honestly the chair was outstanding for the 120 pounds I paid. My partner liked it enough to ask for one.,5,True,train,positive
R000962,Kitchen,Setup took about 46 minutes and the whole blender felt perfect. Packaging was tidy and nothing was scratched.,4,True,test,positive
R000963,Kitchen,The speaker arrived on day 2 and the build quality felt awful. Mine arrived with a crack down one side.,1,True,train,negative
R000964,Audio,I have used this chair for 13 weeks now and it is flawless. I would order another without thinking twice.,5,True,train,positive
R000965,Office,Ordered the blender on a whim for 165 pounds and the finish is unusable. It stopped working entirely on the fourth day.,2,True,train,negative
R000966,Office,Ordered the headset on a whim for 16 pounds and the finish is impressive. Packaging was tidy and nothing was scratched.,4,True,train,positive
R000967,Kitchen,"Great product, would buy again! Arrived 37 days early.",1,True,train,negative
R000968,Office,Ordered the blender on a whim for 72 pounds and the finish is terrible. The listing photos do not match what turned up.,2,False,test,negative
R000969,Audio,Honestly the keyboard was defective for the 112 pounds I paid. It stopped working entirely on the fourth day.,2,True,train,negative
R000970,Audio,Ordered the backpack on a whim for 31 pounds and the finish is unremarkable. I neither regret it nor recommend it.,3,True,train,neutral
R000971,Audio,After 26 weeks of daily use the monitor still looks flawless. My partner liked it enough to ask for one.,4,True,train,positive
R000972,Audio,Bought the chair for my spare room 26 weeks back and found it dreadful. Save your money and buy something else.,1,True,train,negative
R000973,Audio,"Bought the lamp for my home office 26 weeks back and found it unremarkable. It works, though the manual was useless.",3,True,train,neutral
R000974,Audio,"Compared to the keyboard it replaced 12 weeks ago this one is serviceable. Fine for the money, forgettable otherwise.",3,True,train,neutral
R000975,Office,Nice product. Will buy again. Used it for 6 weeks so far.,5,True,train,positive
R000976,Kitchen,Honestly the chair was brilliant for the 93 pounds I paid. Packaging was tidy and nothing was scratched.,5,True,train,positive
R000977,Office,I have used this toaster for 25 weeks now and it is dreadful. The listing photos do not match what turned up.,1,True,train,negative
R000978,Audio,Bought the speaker for my hallway 9 weeks back and found it ordinary. About what I expected at this price.,3,True,test,neutral
R000979,Kitchen,Compared to the lamp it replaced 2 weeks ago this one is dreadful. I would not put this in front of a guest.,1,True,test,negative
R000980,Office,Bought the speaker for my studio 7 weeks back and found it okay. There are better options if you can spend more.,3,True,train,neutral
R000981,Audio,Honestly the backpack was fantastic for the 171 pounds I paid. I would order another without thinking twice.,3,True,train,positive
R000982,Office,Setup took about 33 minutes and the whole mousepad felt fantastic. I would order another without thinking twice.,4,False,train,positive
R000983,Office,The monitor arrived on day 8 and the build quality felt useless. It rattles badly whenever it is switched on.,2,False,train,negative
R000984,Kitchen,Ordered the mousepad on a whim for 27 pounds and the finish is dreadful. Support have ignored two emails so far.,1,True,test,negative
R000985,Audio,I have used this keyboard for 25 weeks now and it is outstanding. Worth every bit of what I paid.,4,True,train,positive
R000986,Office,Setup took about 35 minutes and the whole chair felt cheap. It rattles badly whenever it is switched on.,1,True,test,negative
R000987,Audio,The keyboard arrived on day 10 and the build quality felt impressive. Packaging was tidy and nothing was scratched.,5,False,train,positive
R000988,Office,Compared to the keyboard it replaced 20 weeks ago this one is brilliant. Packaging was tidy and nothing was scratched.,4,True,train, positive
R000989,Kitchen,Ordered the toaster on a whim for 110 pounds and the finish is flawless. My partner liked it enough to ask for one.,4,True,train,positive
R000990,Audio,After 10 weeks of daily use the blender still looks awful. I would not put this in front of a guest.,2,True,test,negative
R000991,Kitchen,I have used this lamp for 25 weeks now and it is brilliant. It has survived two house moves already.,5,False,test,positive
R000992,Kitchen,Setup took about 38 minutes and the whole keyboard felt fantastic. Worth every bit of what I paid.,5,True,test,positive
R000993,Office,After 11 weeks of daily use the lamp still looks flawless. Support answered my question the same afternoon.,5,False,train,positive
R000994,Kitchen,After 22 weeks of daily use the toaster still looks useless. Mine arrived with a crack down one side.,2,False,train,negative
R000995,Office,Compared to the headset it replaced 25 weeks ago this one is shoddy. I would not put this in front of a guest.,1,True,train,negative
R000996,Office,Bought the chair for my home office 7 weeks back and found it average. About what I expected at this price.,3,True,train,neutral
R000997,Office,After 2 weeks of daily use the chair still looks impressive. Worth every bit of what I paid.,5,True,train,positive
R000998,Kitchen,After 27 weeks of daily use the kettle still looks perfect. It has survived two house moves already.,5,True,train,positive
R000999,Kitchen,After 14 weeks of daily use the blender still looks sturdy. My partner liked it enough to ask for one.,4,False,train,positive
R001000,Office,Honestly the headset was unusable for the 172 pounds I paid. Mine arrived with a crack down one side.,5,True,train,negative
R001001,Kitchen,After 29 weeks of daily use the chair still looks cheap. Save your money and buy something else.,3,True,test,negative
R001002,Audio,"I have used this backpack for 16 weeks now and it is ordinary. No complaints, but no enthusiasm either.",3,False,train,neutral
R001003,Office,The chair arrived on day 3 and the build quality felt flimsy. Support have ignored two emails so far.,1,True,train,negative
R001004,Audio,Does the job. No complaints. Arrived 29 days early.,3,True,train,neutral
R001005,Audio,Bought the blender for my home office 13 weeks back and found it superb. Battery life beat what the listing promised.,4,True,train,positive
R001006,Office,The monitor arrived on day 1 and the build quality felt sturdy. It has survived two house moves already.,5,True,test,positive
R001007,Office,Compared to the speaker it replaced 28 weeks ago this one is serviceable. There are better options if you can spend more.,3,True,test,positive
R001008,Kitchen,Setup took about 31 minutes and the whole toaster felt passable. There are better options if you can spend more.,3,False,train,neutral
R001009,Kitchen,Compared to the kettle it replaced 25 weeks ago this one is average. It does what it says and nothing beyond that.,3,True,train,neutral
R001010,Office,Bought the router for my hallway 14 weeks back and found it excellent. My partner liked it enough to ask for one.,5,False,train,positive
R001011,Audio,Ordered the chair on a whim for 23 pounds and the finish is middling. About what I expected at this price.,3,True,test,neutral
R001012,Office,After 10 weeks of daily use the router still looks flimsy. Mine arrived with a crack down one side.,2,True,train,negative
R001013,Office,After 24 weeks of daily use the router still looks flimsy. The listing photos do not match what turned up.,1,True,train,negative
R001014,Kitchen,Honestly the lamp was terrible for the 95 pounds I paid. It stopped working entirely on the fourth day.,1,True,test,negative
R001015,Office,Honestly the lamp was solid for the 64 pounds I paid. Packaging was tidy and nothing was scratched.,4,True,test,positive
R001016,Office,Bought the blender for my home office 18 weeks back and found it solid. Support answered my question the same afternoon.,4,False,train,positive
R001017,Kitchen,The chair arrived on day 1 and the build quality felt solid. It has become the one I reach for every morning.,1,True,test,positive
R001018,Office,I have used this blender for 15 weeks now and it is cheap. Mine arrived with a crack down one side.,1,False,test,negative
R001019,Kitchen,Ordered the backpack on a whim for 39 pounds and the finish is flawless. Packaging was tidy and nothing was scratched.,4,False,train,positive
R001020,Kitchen,The mousepad arrived on day 3 and the build quality felt middling. About what I expected at this price.,3,False,test,neutral
R001021,Audio,"Does the job, no complaints here. Second one in 17 months.",3,False,train,neutral
R001022,Office,Bought the keyboard for my workshop 6 weeks back and found it flimsy. Support have ignored two emails so far.,3,True,test,negative
R001023,Office,Setup took about 37 minutes and the whole router felt perfect. It has become the one I reach for every morning.,4,True,test,negative
R001024,Audio,Compared to the chair it replaced 25 weeks ago this one is flimsy. It stopped working entirely on the fourth day.,1,True,train,negative
R001025,Kitchen,"Honestly the lamp was ordinary for the 52 pounds I paid. Fine for the money, forgettable otherwise.",3,True,train,neutral
R001026,Office,I have used this chair for 2 weeks now and it is defective. Support have ignored two emails so far.,2,True,train,negative
R001027,Kitchen,The mousepad arrived on day 3 and the build quality felt useless. Support have ignored two emails so far.,2,True,train,negative
R001028,Kitchen,Compared to the mousepad it replaced 13 weeks ago this one is solid. I would order another without thinking twice.,4,True,train,positive
R001029,Office,I have used this toaster for 6 weeks now and it is flawless. I would order another without thinking twice.,5,True,test,positive
R001030,Office,Bought the kettle for my studio 23 weeks back and found it cheap. Save your money and buy something else.,1,True,test,negative
R001031,Audio,Bought the keyboard for my home office 20 weeks back and found it brilliant. Support answered my question the same afternoon.,2,True,train,positive
R001032,Kitchen,"Compared to the headset it replaced 4 weeks ago this one is acceptable. No complaints, but no enthusiasm either.",3,False,test,neutral
R001033,Kitchen,After 11 weeks of daily use the router still looks cheap. Save your money and buy something else.,1,True,test,negative
R001034,Kitchen,Ordered the mousepad on a whim for 52 pounds and the finish is serviceable. There are better options if you can spend more.,4,False,train,neutral
R001035,Kitchen,Compared to the backpack it replaced 18 weeks ago this one is awful. It stopped working entirely on the fourth day.,3,True,train,negative
R001036,Kitchen,"Setup took about 33 minutes and the whole headset felt passable. It works, though the manual was useless.",3,True,train,neutral
R001037,Audio,"Ordered the monitor on a whim for 70 pounds and the finish is middling. Fine for the money, forgettable otherwise.",3,True,train,neutral
R001038,Kitchen,I have used this chair for 14 weeks now and it is impressive. It has become the one I reach for every morning.,5,False,train,positive
R001039,Office,Ordered the headset on a whim for 77 pounds and the finish is adequate. There are better options if you can spend more.,3,True,train,neutral
R001040,Office,After 28 weeks of daily use the kettle still looks flawless. Packaging was tidy and nothing was scratched.,5,True,test,positive
R001041,Office,Compared to the keyboard it replaced 13 weeks ago this one is fantastic. It has survived two house moves already.,4,True,train,positive
R001042,Kitchen,Compared to the lamp it replaced 16 weeks ago this one is impressive. It has become the one I reach for every morning.,4,True,train,negative
R001043,Kitchen,"Bought the backpack for my studio 13 weeks back and found it unremarkable. No complaints, but no enthusiasm either.",3,True,test,neutral
R001044,Kitchen,Setup took about 34 minutes and the whole chair felt broken. Save your money and buy something else.,1,True,train,negative
R001045,Office,Honestly the keyboard was sturdy for the 33 pounds I paid. I would order another without thinking twice.,4,False,train,positive
R001046,Kitchen,Setup took about 58 minutes and the whole kettle felt flawless. Support answered my question the same afternoon.,4,True,train,positive
R001047,Audio,Ordered the speaker on a whim for 136 pounds and the finish is outstanding. It has survived two house moves already.,4,True,train,positive
R001048,Office,Honestly the headset was cheap for the 91 pounds I paid. Support have ignored two emails so far.,2,True,train,negative
R001049,Kitchen,Bought the keyboard for my home office 23 weeks back and found it unusable. Save your money and buy something else.,1,True,train,negative
R001050,Audio,Bought the monitor for my kitchen 13 weeks back and found it perfect. Battery life beat what the listing promised.,4,True,train,positive
R001051,Kitchen,Ordered the mousepad on a whim for 157 pounds and the finish is acceptable. It does what it says and nothing beyond that.,3,True,train,neutral
R001052,Office,Honestly the router was solid for the 181 pounds I paid. Worth every bit of what I paid.,5,False,test,positive
R001053,Kitchen,Bought the backpack for my home office 23 weeks back and found it broken. I have started a return and want my money back.,1,True,train,negative
R001054,Kitchen,Compared to the mousepad it replaced 13 weeks ago this one is brilliant. Support answered my question the same afternoon.,5,True,train,positive
R001055,Audio,Compared to the mousepad it replaced 10 weeks ago this one is outstanding. Packaging was tidy and nothing was scratched.,4,True,train,Positive
R001056,Kitchen,The router arrived on day 10 and the build quality felt flawless. Packaging was tidy and nothing was scratched.,4,True,test,positive
R001057,Audio,I have used this router for 23 weeks now and it is flawless. My partner liked it enough to ask for one.,4,True,train,positive
R001058,Office,After 14 weeks of daily use the kettle still looks impressive. It has survived two house moves already.,4,True,test,Positive
R001059,Office,"The toaster arrived on day 10 and the build quality felt ordinary. It works, though the manual was useless.",3,False,train,neutral
R001060,Office,After 28 weeks of daily use the backpack still looks outstanding. It has survived two house moves already.,4,False,test,positive
R001061,Office,The kettle arrived on day 8 and the build quality felt excellent. It has become the one I reach for every morning.,5,True,train,positive
R001062,Office,Bought the blender for my home office 23 weeks back and found it impressive. Worth every bit of what I paid.,5,True,train,positive
R001063,Audio,I have used this chair for 22 weeks now and it is superb. Support answered my question the same afternoon.,4,True,train,positive
R001064,Office,Setup took about 36 minutes and the whole lamp felt flimsy. Support have ignored two emails so far.,2,True,test,negative
R001065,Audio,I have used this lamp for 9 weeks now and it is impressive. Packaging was tidy and nothing was scratched.,5,True,train,positive
R001066,Office,Ordered the backpack on a whim for 157 pounds and the finish is terrible. I would not put this in front of a guest.,1,True,test,negative
R001067,Audio,I have used this router for 21 weeks now and it is outstanding. It has become the one I reach for every morning.,5,True,train,positive
R001068,Kitchen,I have used this chair for 14 weeks now and it is solid. It has survived two house moves already.,5,True,test,positive
R001069,Office,Honestly the headset was outstanding for the 172 pounds I paid. Worth every bit of what I paid.,3,True,test,positive
R001070,Audio,"Bought the blender for my studio 4 weeks back and found it unremarkable. Fine for the money, forgettable otherwise.",3,False,train,neutral
R001071,Audio,"Bought the kettle for my home office 2 weeks back and found it fine. It works, though the manual was useless.",3,True,train,neutral
R001072,Audio,Ordered the lamp on a whim for 116 pounds and the finish is perfect. Worth every bit of what I paid.,5,False,train,positive
R001073,Kitchen,After 16 weeks of daily use the mousepad still looks fantastic. Battery life beat what the listing promised.,5,True,train,positive
R001074,Kitchen,Ordered the kettle on a whim for 133 pounds and the finish is middling. About what I expected at this price.,3,True,train,neutral
R001075,Kitchen,The headset arrived on day 2 and the build quality felt brilliant. Battery life beat what the listing promised.,5,True,train,positive
R001076,Audio,Ordered the keyboard on a whim for 18 pounds and the finish is excellent. Worth every bit of what I paid.,5,True,train,positive
R001077,Audio,I have used this keyboard for 8 weeks now and it is adequate. It sits in a drawer more often than not.,3,True,train,neutral
R001078,Kitchen,After 26 weeks of daily use the headset still looks solid. It has survived two house moves already.,5,True,test,positive
R001079,Kitchen,Bought the blender for my hallway 17 weeks back and found it dreadful. It stopped working entirely on the fourth day.,2,True,train,negative
R001080,Audio,The monitor arrived on day 6 and the build quality felt unremarkable. It sits in a drawer more often than not.,3,True,train,neutral
R001081,Kitchen,Setup took about 34 minutes and the whole toaster felt ordinary. About what I expected at this price.,3,True,train,neutral
R001082,Audio,Compared to the headset it replaced 7 weeks ago this one is defective. I would not put this in front of a guest.,1,True,train,negative
R001083,Kitchen,The monitor arrived on day 13 and the build quality felt broken. I have started a return and want my money back.,1,True,test,negative
R001084,Audio,Bought the lamp for my studio 4 weeks back and found it shoddy. It rattles badly whenever it is switched on.,1,True,train,negative
R001085,Kitchen,"Compared to the toaster it replaced 24 weeks ago this one is ordinary. Fine for the money, forgettable otherwise.",4,True,test,neutral
R001086,Office,Setup took about 55 minutes and the whole backpack felt terrible. Save your money and buy something else.,1,True,train,negative
R001087,Kitchen,"Compared to the monitor it replaced 12 weeks ago this one is middling. No complaints, but no enthusiasm either.",1,True,train,neutral
R001088,Office,The kettle arrived on day 8 and the build quality felt useless. I have started a return and want my money back.,2,False,train,negative
R001089,Audio,Bought the monitor for my home office 28 weeks back and found it flawless. My partner liked it enough to ask for one.,4,True,train,positive
R001090,Office,Bought the chair for my workshop 23 weeks back and found it unremarkable. It does what it says and nothing beyond that.,3,True,train,neutral
R001091,Audio,Bought the speaker for my hallway 4 weeks back and found it broken. It stopped working entirely on the fourth day.,1,False,train,negative
R001092,Office,Good product. Would buy again. Second one in 21 months.,3,False,train,positive
R001093,Office,Honestly the backpack was broken for the 106 pounds I paid. Mine arrived with a crack down one side.,1,True,test,negative
R001094,Audio,Bought the monitor for my studio 21 weeks back and found it acceptable. It sits in a drawer more often than not.,3,False,train,neutral
R001095,Kitchen,"Bought the monitor for my studio 9 weeks back and found it middling. It works, though the manual was useless.",3,True,train,Neutral
R001096,Kitchen,I have used this lamp for 14 weeks now and it is defective. I would not put this in front of a guest.,1,False,test,negative
R001097,Kitchen,Ordered the lamp on a whim for 128 pounds and the finish is flimsy. Support have ignored two emails so far.,1,True,train,negative
R001098,Kitchen,Compared to the headset it replaced 19 weeks ago this one is perfect. Battery life beat what the listing promised.,5,False,train,positive
R001099,Kitchen,After 28 weeks of daily use the keyboard still looks superb. Battery life beat what the listing promised.,5,True,test,positive
R001100,Audio,Bought the router for my kitchen 10 weeks back and found it sturdy. It has survived two house moves already.,4,True,train,positive
R001101,Kitchen,Bought the headset for my spare room 14 weeks back and found it outstanding. My partner liked it enough to ask for one.,5,True,train,positive
R001102,Office,Ordered the lamp on a whim for 183 pounds and the finish is excellent. It has survived two house moves already.,4,True,train,positive
R001103,Audio,Ordered the router on a whim for 84 pounds and the finish is flimsy. Support have ignored two emails so far.,1,True,train,negative
R001104,Kitchen,Good product. Would order again. Arrived 25 days early.,1,True,train,negative
R001105,Office,Ordered the kettle on a whim for 102 pounds and the finish is awful. I would not put this in front of a guest.,2,True,test,negative
R001106,Office,Ordered the headset on a whim for 160 pounds and the finish is terrible. I would not put this in front of a guest.,2,True,train,negative
R001107,Audio,Setup took about 59 minutes and the whole kettle felt flawless. It has survived two house moves already.,5,True,test,positive
R001108,Office,After 5 weeks of daily use the speaker still looks outstanding. My partner liked it enough to ask for one.,3,True,train,positive
R001109,Office,Honestly the headset was flimsy for the 79 pounds I paid. Save your money and buy something else.,2,True,test,negative
R001110,Office,Setup took about 21 minutes and the whole mousepad felt brilliant. Battery life beat what the listing promised.,2,False,test,positive
R001111,Office,After 29 weeks of daily use the chair still looks defective. The listing photos do not match what turned up.,1,False,train,negative
R001112,Audio,The toaster arrived on day 1 and the build quality felt unremarkable. It sits in a drawer more often than not.,3,True,train,neutral
R001113,Office,After 25 weeks of daily use the headset still looks superb. My partner liked it enough to ask for one.,5,True,train,positive
R001114,Office,Compared to the toaster it replaced 5 weeks ago this one is terrible. It rattles badly whenever it is switched on.,2,True,test,negative
R001115,Office,Honestly the chair was terrible for the 94 pounds I paid. It stopped working entirely on the fourth day.,2,True,train,negative
R001116,Office,I have used this toaster for 26 weeks now and it is flawless. It has survived two house moves already.,4,True,train,Positive
R001117,Office,After 19 weeks of daily use the lamp still looks okay. It sits in a drawer more often than not.,3,True,train, neutral
R001118,Office,"I have used this monitor for 25 weeks now and it is okay. Fine for the money, forgettable otherwise.",4,True,train,neutral
R001119,Kitchen,Ordered the monitor on a whim for 181 pounds and the finish is serviceable. About what I expected at this price.,4,True,train,neutral
R001120,Kitchen,"Ordered the speaker on a whim for 51 pounds and the finish is serviceable. Fine for the money, forgettable otherwise.",3,True,train,positive
R001121,Audio,Honestly the router was fantastic for the 125 pounds I paid. Battery life beat what the listing promised.,5,True,train,positive
R001122,Kitchen,Ordered the keyboard on a whim for 105 pounds and the finish is broken. I would not put this in front of a guest.,1,True,train,negative
R001123,Kitchen,I have used this toaster for 24 weeks now and it is superb. I would order another without thinking twice.,5,True,test,positive
R001124,Kitchen,Honestly the monitor was sturdy for the 121 pounds I paid. Battery life beat what the listing promised.,5,False,train,positive
R001125,Office,Honestly the chair was defective for the 56 pounds I paid. I have started a return and want my money back.,1,True,train,negative
R001126,Kitchen,"I have used this backpack for 13 weeks now and it is fine. No complaints, but no enthusiasm either.",3,True,train,neutral
R001127,Kitchen,I have used this lamp for 15 weeks now and it is terrible. Mine arrived with a crack down one side.,1,True,train,negative
R001128,Audio,Ordered the headset on a whim for 39 pounds and the finish is average. I neither regret it nor recommend it.,3,True,test,neutral
R001129,Office,I have used this chair for 29 weeks now and it is outstanding. I would order another without thinking twice.,5,True,test,Positive
R001130,Audio,The monitor arrived on day 13 and the build quality felt dreadful. It stopped working entirely on the fourth day.,2,False,train,negative
R001131,Office,Bought the headset for my home office 17 weeks back and found it defective. I have started a return and want my money back.,2,True,train,negative
R001132,Office,Setup took about 12 minutes and the whole mousepad felt broken. I would not put this in front of a guest.,2,True,train,negative
R001133,Kitchen,The backpack arrived on day 5 and the build quality felt average. There are better options if you can spend more.,3,True,train,neutral
R001134,Office,Bought the blender for my spare room 20 weeks back and found it defective. I have started a return and want my money back.,2,True,train,negative
R001135,Office,The kettle arrived on day 13 and the build quality felt perfect. Support answered my question the same afternoon.,5,True,train,positive
R001136,Office,Honestly the backpack was superb for the 167 pounds I paid. I would order another without thinking twice.,4,True,train,positive
R001137,Kitchen,The keyboard arrived on day 4 and the build quality felt unusable. Save your money and buy something else.,1,True,train,negative
R001138,Audio,"Great product, would buy again! Ordered 13 of them.",3,True,train,neutral
R001139,Audio,Ordered the speaker on a whim for 40 pounds and the finish is brilliant. I would order another without thinking twice.,4,False,train,positive
R001140,Audio,Honestly the lamp was unusable for the 124 pounds I paid. Save your money and buy something else.,2,True,train,negative
R001141,Kitchen,After 13 weeks of daily use the toaster still looks brilliant. It has become the one I reach for every morning.,4,True,train,positive
R001142,Audio,"I have used this headset for 9 weeks now and it is middling. It works, though the manual was useless.",3,False,train,neutral
R001143,Audio,The blender arrived on day 10 and the build quality felt outstanding. Worth every bit of what I paid.,4,True,train,positive
R001144,Office,"I have used this blender for 16 weeks now and it is average. It works, though the manual was useless.",5,True,train,Neutral
R001145,Kitchen,I have used this blender for 19 weeks now and it is broken. Mine arrived with a crack down one side.,2,False,test,negative
R001146,Office,Compared to the toaster it replaced 13 weeks ago this one is flawless. My partner liked it enough to ask for one.,4,True,train,positive
R001147,Audio,After 22 weeks of daily use the speaker still looks outstanding. It has become the one I reach for every morning.,4,False,train,positive
R001148,Audio,Honestly the monitor was shoddy for the 83 pounds I paid. I have started a return and want my money back.,1,True,train,negative
R001149,Audio,Compared to the keyboard it replaced 12 weeks ago this one is superb. My partner liked it enough to ask for one.,4,True,train,positive
R001150,Audio,Ordered the backpack on a whim for 89 pounds and the finish is flawless. It has survived two house moves already.,5,True,train,positive
R001151,Audio,Nice product. Will buy again. Ordered 34 of them.,1,True,train,negative
R001152,Office,After 26 weeks of daily use the mousepad still looks defective. Support have ignored two emails so far.,1,True,train,Negative
R001153,Audio,The chair arrived on day 14 and the build quality felt flimsy. It stopped working entirely on the fourth day.,2,True,test,negative
R001154,Kitchen,Setup took about 10 minutes and the whole mousepad felt excellent. My partner liked it enough to ask for one.,5,True,train,positive
R001155,Kitchen,Ordered the headset on a whim for 165 pounds and the finish is acceptable. There are better options if you can spend more.,3,True,train,neutral
R001156,Audio,Ordered the headset on a whim for 91 pounds and the finish is solid. It has become the one I reach for every morning.,5,False,train,positive
R001157,Office,The keyboard arrived on day 12 and the build quality felt dreadful. The listing photos do not match what turned up.,1,False,train,negative
R001158,Office,Compared to the toaster it replaced 2 weeks ago this one is terrible. I have started a return and want my money back.,1,True,train,negative
R001159,Audio,Compared to the chair it replaced 26 weeks ago this one is solid. Packaging was tidy and nothing was scratched.,5,True,train,positive
R001160,Kitchen,Setup took about 21 minutes and the whole backpack felt excellent. Support answered my question the same afternoon.,5,False,train,positive
R001161,Audio,The kettle arrived on day 1 and the build quality felt impressive. My partner liked it enough to ask for one.,5,True,train,positive
R001162,Office,Does the job. No complaints. Delivery took 18 days.,1,False,test,negative
R001163,Kitchen,I have used this blender for 10 weeks now and it is okay. It does what it says and nothing beyond that.,2,False,train,neutral
R001164,Kitchen,Honestly the chair was shoddy for the 149 pounds I paid. It stopped working entirely on the fourth day.,1,True,train,Negative
R001165,Kitchen,Ordered the keyboard on a whim for 171 pounds and the finish is flimsy. Mine arrived with a crack down one side.,2,True,test,negative
R001166,Audio,Compared to the backpack it replaced 9 weeks ago this one is superb. Packaging was tidy and nothing was scratched.,5,True,train,positive
R001167,Office,"Does the job, no complaints here. Second one in 16 months.",3,True,train,neutral
R001168,Office,Good product. Would buy again. Second one in 22 months.,2,False,train,negative
R001169,Office,"Setup took about 34 minutes and the whole mousepad felt acceptable. No complaints, but no enthusiasm either.",3,False,test,neutral
R001170,Audio,"After 4 weeks of daily use the keyboard still looks middling. It works, though the manual was useless.",3,False,train,neutral
R001171,Audio,Honestly the router was terrible for the 120 pounds I paid. The listing photos do not match what turned up.,1,True,train,negative
R001172,Audio,After 21 weeks of daily use the speaker still looks perfect. Worth every bit of what I paid.,4,True,train,positive
R001173,Kitchen,Good product. Would order again. Arrived 6 days early.,5,True,test,positive
R001174,Audio,Compared to the chair it replaced 11 weeks ago this one is brilliant. It has become the one I reach for every morning.,4,False,train,positive
R001175,Office,Ordered the monitor on a whim for 186 pounds and the finish is perfect. Worth every bit of what I paid.,5,True,test,positive
R001176,Kitchen,The chair arrived on day 11 and the build quality felt outstanding. My partner liked it enough to ask for one.,5,True,test,positive
R001177,Kitchen,Ordered the blender on a whim for 120 pounds and the finish is excellent. Worth every bit of what I paid.,5,True,train,positive
R001178,Office,After 7 weeks of daily use the toaster still looks ordinary. There are better options if you can spend more.,3,True,test,neutral
R001179,Kitchen,Setup took about 56 minutes and the whole headset felt superb. I would order another without thinking twice.,4,True,train,positive
R001180,Kitchen,"After 19 weeks of daily use the keyboard still looks serviceable. It works, though the manual was useless.",3,False,train,neutral
R001181,Audio,Bought the lamp for my spare room 26 weeks back and found it perfect. Packaging was tidy and nothing was scratched.,5,True,train,positive
R001182,Office,Ordered the router on a whim for 37 pounds and the finish is terrible. The listing photos do not match what turned up.,2,False,test,negative
R001183,Kitchen,Honestly the toaster was brilliant for the 116 pounds I paid. I would order another without thinking twice.,4,True,test,positive
R001184,Audio,After 18 weeks of daily use the backpack still looks fantastic. I would order another without thinking twice.,4,True,test,positive
R001185,Office,Ordered the headset on a whim for 79 pounds and the finish is unremarkable. It does what it says and nothing beyond that.,3,True,train,neutral
R001186,Audio,Bought the router for my spare room 14 weeks back and found it flimsy. Support have ignored two emails so far.,1,True,test,negative
R001187,Audio,The backpack arrived on day 14 and the build quality felt outstanding. I would order another without thinking twice.,5,True,train,positive
R001188,Kitchen,Ordered the monitor on a whim for 151 pounds and the finish is unremarkable. About what I expected at this price.,3,True,train,neutral
R001189,Audio,I have used this toaster for 8 weeks now and it is flimsy. I have started a return and want my money back.,1,False,train,negative
R001190,Audio,Compared to the chair it replaced 20 weeks ago this one is unusable. It stopped working entirely on the fourth day.,1,False,train,negative
R001191,Kitchen,Compared to the router it replaced 24 weeks ago this one is sturdy. Battery life beat what the listing promised.,4,False,test,negative
R001192,Kitchen,Setup took about 24 minutes and the whole backpack felt superb. Packaging was tidy and nothing was scratched.,4,True,train,positive
R001193,Audio,The backpack arrived on day 4 and the build quality felt flawless. It has become the one I reach for every morning.,5,True,train,positive
R001194,Audio,I have used this blender for 22 weeks now and it is defective. Mine arrived with a crack down one side.,2,True,train,negative
R001195,Office,Setup took about 17 minutes and the whole kettle felt flawless. Packaging was tidy and nothing was scratched.,5,True,train,positive
R001196,Office,Ordered the chair on a whim for 171 pounds and the finish is unusable. Save your money and buy something else.,1,True,train,negative
R001197,Kitchen,The lamp arrived on day 1 and the build quality felt defective. It rattles badly whenever it is switched on.,2,True,train,negative
R001198,Audio,Honestly the router was broken for the 46 pounds I paid. Save your money and buy something else.,2,True,train,negative
R001199,Kitchen,Ordered the lamp on a whim for 122 pounds and the finish is broken. It rattles badly whenever it is switched on.,3,True,test,negative
R001200,Office,"Bought the kettle for my spare room 17 weeks back and found it acceptable. No complaints, but no enthusiasm either.",3,False,train,neutral
R001201,Kitchen,I have used this monitor for 26 weeks now and it is perfect. It has survived two house moves already.,5,True,train,positive
R001202,Audio,I have used this monitor for 4 weeks now and it is brilliant. I would order another without thinking twice.,1,True,train,positive
R001203,Kitchen,Ordered the lamp on a whim for 100 pounds and the finish is solid. My partner liked it enough to ask for one.,5,False,train,positive
R001204,Kitchen,Compared to the chair it replaced 28 weeks ago this one is awful. Mine arrived with a crack down one side.,1,True,train,negative
R001205,Audio,Honestly the keyboard was sturdy for the 154 pounds I paid. It has become the one I reach for every morning.,5,False,test,positive
R001206,Audio,"Great product, would buy again! Arrived 32 days early.",5,False,train,positive
R001207,Kitchen,Setup took about 10 minutes and the whole monitor felt impressive. I would order another without thinking twice.,1,True,train,negative
R001208,Office,Compared to the headset it replaced 5 weeks ago this one is superb. I would order another without thinking twice.,3,True,train,positive
R001209,Audio,Ordered the toaster on a whim for 169 pounds and the finish is brilliant. It has survived two house moves already.,4,False,train,positive
R001210,Audio,The monitor arrived on day 1 and the build quality felt outstanding. I would order another without thinking twice.,5,True,train,positive
R001211,Kitchen,Setup took about 39 minutes and the whole blender felt ordinary. It sits in a drawer more often than not.,3,True,train,neutral
R001212,Office,Compared to the speaker it replaced 6 weeks ago this one is broken. I have started a return and want my money back.,2,True,train,negative
R001213,Audio,Ordered the keyboard on a whim for 22 pounds and the finish is superb. Worth every bit of what I paid.,5,True,test,positive
R001214,Audio,"Bought the headset for my home office 10 weeks back and found it okay. No complaints, but no enthusiasm either.",4,False,train,neutral
R001215,Audio,After 29 weeks of daily use the monitor still looks sturdy. I would order another without thinking twice.,5,True,train,Positive
R001216,Kitchen,Compared to the kettle it replaced 24 weeks ago this one is sturdy. It has become the one I reach for every morning.,1,False,train,positive
R001217,Kitchen,Compared to the blender it replaced 2 weeks ago this one is impressive. Worth every bit of what I paid.,4,False,train,positive
R001218,Audio,Ordered the keyboard on a whim for 69 pounds and the finish is sturdy. It has become the one I reach for every morning.,4,True,train,positive
R001219,Kitchen,Setup took about 35 minutes and the whole blender felt perfect. Worth every bit of what I paid.,4,False,test,positive
R001220,Office,Honestly the blender was shoddy for the 188 pounds I paid. I would not put this in front of a guest.,2,True,train,negative
R001221,Kitchen,I have used this lamp for 28 weeks now and it is awful. Save your money and buy something else.,2,True,test,negative
R001222,Audio,Compared to the lamp it replaced 23 weeks ago this one is ordinary. About what I expected at this price.,2,True,train,neutral
R001223,Kitchen,Honestly the toaster was unusable for the 184 pounds I paid. Mine arrived with a crack down one side.,1,True,test,negative
R001224,Kitchen,The backpack arrived on day 1 and the build quality felt solid. My partner liked it enough to ask for one.,4,True,test,positive
R001225,Kitchen,Ordered the headset on a whim for 35 pounds and the finish is brilliant. Worth every bit of what I paid.,4,True,train,positive
R001226,Audio,Setup took about 38 minutes and the whole monitor felt sturdy. Worth every bit of what I paid.,5,True,train,positive
R001227,Kitchen,Ordered the mousepad on a whim for 33 pounds and the finish is sturdy. My partner liked it enough to ask for one.,4,True,test,positive
R001228,Kitchen,Setup took about 24 minutes and the whole kettle felt awful. Mine arrived with a crack down one side.,1,True,train,negative
R001229,Kitchen,I have used this lamp for 13 weeks now and it is outstanding. My partner liked it enough to ask for one.,4,True,test,negative
R001230,Audio,Honestly the keyboard was defective for the 149 pounds I paid. I have started a return and want my money back.,2,True,train,negative
R001231,Audio,After 27 weeks of daily use the monitor still looks useless. I have started a return and want my money back.,1,False,train,negative
R001232,Audio,I have used this blender for 19 weeks now and it is shoddy. It rattles badly whenever it is switched on.,2,False,test,negative
R001233,Audio,Setup took about 15 minutes and the whole backpack felt defective. Support have ignored two emails so far.,1,True,train,negative
R001234,Kitchen,Honestly the chair was impressive for the 121 pounds I paid. My partner liked it enough to ask for one.,5,True,train,positive
R001235,Kitchen,Ordered the blender on a whim for 95 pounds and the finish is excellent. Battery life beat what the listing promised.,5,False,train,positive
R001236,Office,"Honestly the router was ordinary for the 31 pounds I paid. No complaints, but no enthusiasm either.",3,True,train,neutral
R001237,Kitchen,"Bought the toaster for my kitchen 18 weeks back and found it serviceable. Fine for the money, forgettable otherwise.",3,True,train,Neutral
R001238,Office,"Compared to the mousepad it replaced 18 weeks ago this one is ordinary. Fine for the money, forgettable otherwise.",3,True,train,neutral
R001239,Kitchen,After 20 weeks of daily use the toaster still looks superb. Worth every bit of what I paid.,4,True,train,positive
R001240,Office,I have used this headset for 11 weeks now and it is excellent. Battery life beat what the listing promised.,5,True,train,positive
R001241,Kitchen,Ordered the toaster on a whim for 136 pounds and the finish is solid. It has become the one I reach for every morning.,4,True,train,positive
R001242,Kitchen,Setup took about 29 minutes and the whole keyboard felt dreadful. Support have ignored two emails so far.,1,True,train,neutral
R001243,Office,The router arrived on day 11 and the build quality felt perfect. My partner liked it enough to ask for one.,5,True,test,positive
R001244,Office,Compared to the lamp it replaced 5 weeks ago this one is unremarkable. About what I expected at this price.,3,True,train,neutral
R001245,Office,I have used this router for 25 weeks now and it is flimsy. Support have ignored two emails so far.,2,True,test,negative
R001246,Kitchen,After 5 weeks of daily use the keyboard still looks excellent. It has survived two house moves already.,5,False,train,positive
R001247,Office,Ordered the backpack on a whim for 50 pounds and the finish is dreadful. I have started a return and want my money back.,1,True,train,negative
R001248,Office,Ordered the chair on a whim for 171 pounds and the finish is sturdy. Support answered my question the same afternoon.,5,True,train, positive
R001249,Kitchen,Nice product. Will buy again. Ordered 39 of them.,2,True,train,negative
R001250,Kitchen,"Compared to the headset it replaced 2 weeks ago this one is serviceable. Fine for the money, forgettable otherwise.",3,True,test,neutral
R001251,Audio,Ordered the blender on a whim for 52 pounds and the finish is shoddy. The listing photos do not match what turned up.,2,False,test,negative
R001252,Audio,The speaker arrived on day 11 and the build quality felt middling. About what I expected at this price.,3,False,train,neutral
R001253,Kitchen,I have used this keyboard for 5 weeks now and it is flawless. I would order another without thinking twice.,5,True,train,positive
R001254,Office,I have used this headset for 13 weeks now and it is superb. It has survived two house moves already.,4,True,test,positive
R001255,Audio,I have used this blender for 27 weeks now and it is impressive. Worth every bit of what I paid.,4,False,train,positive
R001256,Audio,The headset arrived on day 4 and the build quality felt okay. It sits in a drawer more often than not.,4,True,test,neutral
R001257,Kitchen,Honestly the backpack was flawless for the 106 pounds I paid. My partner liked it enough to ask for one.,5,True,test,positive
R001258,Kitchen,The speaker arrived on day 8 and the build quality felt flawless. Support answered my question the same afternoon.,4,True,train,positive
R001259,Audio,The mousepad arrived on day 10 and the build quality felt okay. It does what it says and nothing beyond that.,3,True,test,neutral
R001260,Audio,Does the job. No complaints. Arrived 6 days early.,3,False,test,neutral
R001261,Audio,The monitor arrived on day 2 and the build quality felt perfect. It has survived two house moves already.,4,True,test,positive
R001262,Office,Honestly the mousepad was fantastic for the 107 pounds I paid. My partner liked it enough to ask for one.,5,True,train,positive
R001263,Kitchen,After 14 weeks of daily use the keyboard still looks shoddy. It stopped working entirely on the fourth day.,2,True,test,negative
R001264,Kitchen,Compared to the kettle it replaced 27 weeks ago this one is excellent. Battery life beat what the listing promised.,5,True,train,positive
R001265,Audio,The lamp arrived on day 11 and the build quality felt dreadful. I have started a return and want my money back.,1,True,train,negative
R001266,Office,The chair arrived on day 7 and the build quality felt useless. Save your money and buy something else.,2,True,train,negative
R001267,Office,I have used this router for 21 weeks now and it is broken. Save your money and buy something else.,1,True,test,negative
R001268,Audio,Bought the kettle for my hallway 29 weeks back and found it awful. I have started a return and want my money back.,3,False,train,negative
R001269,Office,Compared to the kettle it replaced 19 weeks ago this one is awful. Support have ignored two emails so far.,1,True,train,negative
R001270,Audio,After 2 weeks of daily use the keyboard still looks perfect. It has survived two house moves already.,1,True,train,positive
R001271,Kitchen,After 6 weeks of daily use the speaker still looks shoddy. Mine arrived with a crack down one side.,1,True,test,negative
R001272,Kitchen,Bought the router for my workshop 27 weeks back and found it superb. Battery life beat what the listing promised.,4,True,test,positive
R001273,Kitchen,Honestly the router was outstanding for the 177 pounds I paid. It has become the one I reach for every morning.,2,True,test,positive
R001274,Office,The mousepad arrived on day 9 and the build quality felt middling. There are better options if you can spend more.,3,False,train,neutral
R001275,Audio,The toaster arrived on day 10 and the build quality felt middling. About what I expected at this price.,3,True,train,neutral
R001276,Kitchen,The backpack arrived on day 10 and the build quality felt flawless. It has become the one I reach for every morning.,5,True,train,positive
R001277,Kitchen,The headset arrived on day 8 and the build quality felt serviceable. I neither regret it nor recommend it.,3,True,train,neutral
R001278,Office,After 13 weeks of daily use the keyboard still looks terrible. I would not put this in front of a guest.,1,True,test,negative
R001279,Audio,After 24 weeks of daily use the speaker still looks cheap. Save your money and buy something else.,2,True,train,negative
R001280,Office,Compared to the kettle it replaced 22 weeks ago this one is adequate. About what I expected at this price.,3,True,test,neutral
R001281,Office,"The kettle arrived on day 9 and the build quality felt passable. No complaints, but no enthusiasm either.",3,False,train,neutral
R001282,Audio,Compared to the backpack it replaced 28 weeks ago this one is broken. I have started a return and want my money back.,1,True,train,negative
R001283,Kitchen,Bought the toaster for my spare room 13 weeks back and found it useless. Mine arrived with a crack down one side.,2,True,train,negative
R001284,Kitchen,Ordered the blender on a whim for 145 pounds and the finish is broken. Mine arrived with a crack down one side.,2,True,train,negative
R001285,Kitchen,Setup took about 19 minutes and the whole chair felt sturdy. It has survived two house moves already.,5,True,test,positive
R001286,Kitchen,Compared to the kettle it replaced 24 weeks ago this one is adequate. About what I expected at this price.,3,True,train,neutral
R001287,Audio,The mousepad arrived on day 4 and the build quality felt sturdy. It has survived two house moves already.,5,True,train,Positive
R001288,Kitchen,Compared to the toaster it replaced 29 weeks ago this one is useless. Mine arrived with a crack down one side.,1,True,train,negative
R001289,Kitchen,Setup took about 31 minutes and the whole router felt superb. My partner liked it enough to ask for one.,4,True,train,positive
R001290,Office,I have used this lamp for 25 weeks now and it is okay. I neither regret it nor recommend it.,3,True,test,neutral
R001291,Audio,Compared to the keyboard it replaced 12 weeks ago this one is outstanding. I would order another without thinking twice.,5,True,train,positive
R001292,Kitchen,Setup took about 23 minutes and the whole keyboard felt adequate. I neither regret it nor recommend it.,3,False,train,neutral
R001293,Office,"Ordered the keyboard on a whim for 106 pounds and the finish is middling. It works, though the manual was useless.",5,False,train,neutral
R001294,Kitchen,Setup took about 37 minutes and the whole lamp felt shoddy. I would not put this in front of a guest.,2,True,train,negative
R001295,Kitchen,Bought the headset for my hallway 10 weeks back and found it terrible. Save your money and buy something else.,2,True,train,negative
R001296,Office,Ordered the chair on a whim for 164 pounds and the finish is fantastic. Support answered my question the same afternoon.,4,True,train,positive
R001297,Office,After 27 weeks of daily use the backpack still looks sturdy. It has survived two house moves already.,4,True,train,positive
R001298,Office,The keyboard arrived on day 5 and the build quality felt passable. It does what it says and nothing beyond that.,3,True,train,neutral
R001299,Office,Bought the lamp for my home office 4 weeks back and found it solid. It has become the one I reach for every morning.,4,True,test,positive
R001300,Audio,"Does the job, no complaints here. Arrived 28 days early.",3,True,train,positive
R001301,Office,Compared to the blender it replaced 7 weeks ago this one is cheap. Save your money and buy something else.,5,True,train,negative
R001302,Audio,Honestly the backpack was unremarkable for the 55 pounds I paid. I neither regret it nor recommend it.,3,True,train,neutral
R001303,Audio,Honestly the lamp was fantastic for the 183 pounds I paid. I would order another without thinking twice.,5,True,train,positive
R001304,Office,"The router arrived on day 10 and the build quality felt adequate. It works, though the manual was useless.",3,True,train,neutral
R001305,Kitchen,After 13 weeks of daily use the mousepad still looks average. About what I expected at this price.,3,True,train,neutral
R001306,Audio,Honestly the toaster was solid for the 165 pounds I paid. Battery life beat what the listing promised.,4,True,train,positive
R001307,Office,Setup took about 45 minutes and the whole router felt unremarkable. It sits in a drawer more often than not.,3,True,train,neutral
R001308,Audio,After 21 weeks of daily use the kettle still looks perfect. Battery life beat what the listing promised.,5,True,train,positive
R001309,Kitchen,After 7 weeks of daily use the monitor still looks unusable. Mine arrived with a crack down one side.,2,True,train,negative
R001310,Audio,Honestly the monitor was shoddy for the 126 pounds I paid. It rattles badly whenever it is switched on.,1,True,test,negative
R001311,Office,Compared to the kettle it replaced 7 weeks ago this one is brilliant. It has become the one I reach for every morning.,4,True,train,positive
R001312,Kitchen,I have used this headset for 27 weeks now and it is solid. I would order another without thinking twice.,4,False,test,positive
R001313,Office,Setup took about 33 minutes and the whole keyboard felt excellent. My partner liked it enough to ask for one.,5,True,train,positive
R001314,Kitchen,I have used this router for 9 weeks now and it is serviceable. There are better options if you can spend more.,3,True,train,neutral
R001315,Audio,The lamp arrived on day 11 and the build quality felt flawless. It has survived two house moves already.,3,True,test, positive
R001316,Kitchen,Setup took about 10 minutes and the whole speaker felt fine. I neither regret it nor recommend it.,3,True,test,neutral
R001317,Office,Bought the chair for my kitchen 19 weeks back and found it shoddy. It rattles badly whenever it is switched on.,2,True,train,negative
R001318,Audio,I have used this kettle for 8 weeks now and it is flawless. I would order another without thinking twice.,4,True,test,positive
R001319,Audio,Bought the monitor for my spare room 4 weeks back and found it awful. Mine arrived with a crack down one side.,2,True,test,negative
R001320,Office,After 2 weeks of daily use the blender still looks solid. It has become the one I reach for every morning.,5,True,train,positive
R001321,Kitchen,Honestly the backpack was dreadful for the 31 pounds I paid. Support have ignored two emails so far.,1,True,train,negative
R001322,Office,"After 13 weeks of daily use the backpack still looks unremarkable. Fine for the money, forgettable otherwise.",3,True,train,neutral
R001323,Audio,Compared to the blender it replaced 8 weeks ago this one is awful. I would not put this in front of a guest.,2,False,train,negative
R001324,Kitchen,"Compared to the speaker it replaced 28 weeks ago this one is serviceable. It works, though the manual was useless.",3,True,train,neutral
R001325,Audio,Honestly the headset was outstanding for the 135 pounds I paid. Worth every bit of what I paid.,4,True,train,positive
R001326,Office,Ordered the monitor on a whim for 59 pounds and the finish is brilliant. Packaging was tidy and nothing was scratched.,4,True,train,positive
R001327,Audio,Good product. Would buy again. Used it for 39 weeks so far.,1,True,test,negative
R001328,Kitchen,Compared to the monitor it replaced 23 weeks ago this one is serviceable. I neither regret it nor recommend it.,2,True,train,neutral
R001329,Audio,Bought the monitor for my spare room 10 weeks back and found it broken. Save your money and buy something else.,1,True,test,negative
R001330,Audio,The speaker arrived on day 4 and the build quality felt shoddy. The listing photos do not match what turned up.,2,True,train,negative
R001331,Kitchen,"Ordered the router on a whim for 42 pounds and the finish is adequate. Fine for the money, forgettable otherwise.",3,False,train,neutral
R001332,Audio,Honestly the mousepad was dreadful for the 93 pounds I paid. I have started a return and want my money back.,1,False,train,negative
R001333,Audio,I have used this kettle for 8 weeks now and it is useless. Mine arrived with a crack down one side.,1,True,train,negative
R001334,Office,Compared to the toaster it replaced 13 weeks ago this one is impressive. My partner liked it enough to ask for one.,5,True,test,positive
R001335,Office,"Bought the blender for my kitchen 10 weeks back and found it okay. Fine for the money, forgettable otherwise.",2,True,train,neutral
R001336,Office,Ordered the headset on a whim for 170 pounds and the finish is brilliant. It has survived two house moves already.,4,False,train,positive
R001337,Kitchen,Bought the headset for my home office 3 weeks back and found it flawless. My partner liked it enough to ask for one.,4,True,train,Positive
R001338,Audio,Bought the mousepad for my workshop 18 weeks back and found it outstanding. It has survived two house moves already.,3,True,train,positive
R001339,Office,Bought the router for my hallway 15 weeks back and found it cheap. It stopped working entirely on the fourth day.,2,True,train,negative
R001340,Audio,Bought the backpack for my kitchen 15 weeks back and found it broken. I would not put this in front of a guest.,2,True,test,negative
R001341,Audio,"Honestly the speaker was fine for the 116 pounds I paid. It works, though the manual was useless.",3,True,train,neutral
R001342,Kitchen,After 18 weeks of daily use the lamp still looks flawless. It has become the one I reach for every morning.,4,True,train,positive
R001343,Kitchen,Honestly the lamp was acceptable for the 104 pounds I paid. It does what it says and nothing beyond that.,3,True,train,neutral
R001344,Office,Honestly the kettle was fantastic for the 24 pounds I paid. I would order another without thinking twice.,5,False,train,positive
R001345,Audio,Good product. Would order again. Delivery took 10 days.,4,True,train,positive
R001346,Audio,"Great product, would buy again! Arrived 35 days early.",5,True,train,positive
R001347,Kitchen,Ordered the speaker on a whim for 155 pounds and the finish is unremarkable. I neither regret it nor recommend it.,3,True,test,neutral
R001348,Office,Honestly the headset was middling for the 183 pounds I paid. It does what it says and nothing beyond that.,3,True,train,neutral
R001349,Kitchen,Compared to the headset it replaced 4 weeks ago this one is unusable. I have started a return and want my money back.,1,True,test,negative
R001350,Kitchen,"Honestly the chair was fine for the 17 pounds I paid. Fine for the money, forgettable otherwise.",3,True,train,neutral
R001351,Office,Nice product. Will buy again. Arrived 31 days early.,4,True,test,positive
R001352,Kitchen,After 11 weeks of daily use the monitor still looks perfect. Packaging was tidy and nothing was scratched.,5,False,train,positive
R001353,Office,Compared to the headset it replaced 26 weeks ago this one is cheap. Mine arrived with a crack down one side.,2,True,test,negative
R001354,Audio,"After 16 weeks of daily use the blender still looks average. Fine for the money, forgettable otherwise.",3,True,train,neutral
R001355,Audio,Setup took about 17 minutes and the whole backpack felt useless. I would not put this in front of a guest.,5,True,test,negative
R001356,Kitchen,Bought the blender for my studio 24 weeks back and found it perfect. Packaging was tidy and nothing was scratched.,4,True,test,positive
R001357,Office,Setup took about 40 minutes and the whole monitor felt superb. I would order another without thinking twice.,5,True,train,positive
R001358,Audio,I have used this kettle for 13 weeks now and it is fantastic. My partner liked it enough to ask for one.,5,True,train,positive
R001359,Audio,Bought the toaster for my kitchen 25 weeks back and found it serviceable. About what I expected at this price.,3,True,train,neutral
R001360,Office,Honestly the chair was fantastic for the 173 pounds I paid. Packaging was tidy and nothing was scratched.,4,True,train,positive
R001361,Office,Setup took about 14 minutes and the whole toaster felt shoddy. It rattles badly whenever it is switched on.,1,True,train,negative
R001362,Audio,Setup took about 35 minutes and the whole monitor felt terrible. I would not put this in front of a guest.,1,True,train,negative
R001363,Audio,Ordered the keyboard on a whim for 50 pounds and the finish is ordinary. There are better options if you can spend more.,3,False,train,neutral
R001364,Kitchen,Ordered the toaster on a whim for 154 pounds and the finish is excellent. Support answered my question the same afternoon.,5,True,train,positive
R001365,Office,Honestly the headset was brilliant for the 94 pounds I paid. It has survived two house moves already.,4,True,train,positive
R001366,Kitchen,Ordered the toaster on a whim for 139 pounds and the finish is excellent. Worth every bit of what I paid.,4,True,train,positive
R001367,Kitchen,Bought the backpack for my workshop 7 weeks back and found it excellent. Worth every bit of what I paid.,2,False,train,positive
R001368,Kitchen,The router arrived on day 13 and the build quality felt average. It sits in a drawer more often than not.,3,False,test,neutral
R001369,Office,Compared to the backpack it replaced 29 weeks ago this one is perfect. It has become the one I reach for every morning.,5,True,test,positive
R001370,Kitchen,Bought the chair for my studio 24 weeks back and found it adequate. It sits in a drawer more often than not.,3,True,train,neutral
R001371,Audio,Ordered the lamp on a whim for 26 pounds and the finish is perfect. It has become the one I reach for every morning.,5,True,test,positive
R001372,Kitchen,After 7 weeks of daily use the chair still looks okay. It sits in a drawer more often than not.,3,False,train,neutral
R001373,Kitchen,After 14 weeks of daily use the mousepad still looks unusable. It stopped working entirely on the fourth day.,1,True,train,negative
R001374,Kitchen,I have used this speaker for 16 weeks now and it is fantastic. Worth every bit of what I paid.,4,True,train,positive
R001375,Office,Ordered the lamp on a whim for 102 pounds and the finish is defective. Support have ignored two emails so far.,1,True,test,negative
R001376,Kitchen,The headset arrived on day 6 and the build quality felt superb. It has become the one I reach for every morning.,5,True,train,positive
R001377,Office,The router arrived on day 12 and the build quality felt impressive. My partner liked it enough to ask for one.,4,True,train,positive
R001378,Audio,I have used this blender for 7 weeks now and it is dreadful. It stopped working entirely on the fourth day.,2,True,train,negative
R001379,Audio,"After 10 weeks of daily use the mousepad still looks adequate. Fine for the money, forgettable otherwise.",3,True,test,neutral
R001380,Kitchen,I have used this speaker for 18 weeks now and it is solid. It has survived two house moves already.,5,True,test,negative
R001381,Office,Honestly the mousepad was brilliant for the 70 pounds I paid. Worth every bit of what I paid.,4,True,train,positive
R001382,Kitchen,After 4 weeks of daily use the monitor still looks fantastic. It has survived two house moves already.,5,True,train, positive
R001383,Office,Compared to the mousepad it replaced 7 weeks ago this one is solid. Battery life beat what the listing promised.,2,True,train,positive
R001384,Kitchen,Setup took about 58 minutes and the whole kettle felt unusable. Mine arrived with a crack down one side.,4,False,train,negative
R001385,Audio,Setup took about 19 minutes and the whole mousepad felt brilliant. Battery life beat what the listing promised.,4,True,train,positive
R001386,Office,"After 4 weeks of daily use the kettle still looks unremarkable. It works, though the manual was useless.",3,True,train,neutral
R001387,Office,After 12 weeks of daily use the monitor still looks flawless. It has become the one I reach for every morning.,4,True,test,positive
R001388,Audio,The router arrived on day 14 and the build quality felt flawless. Support answered my question the same afternoon.,4,True,train,positive
R001389,Audio,Ordered the kettle on a whim for 73 pounds and the finish is fantastic. I would order another without thinking twice.,5,False,train,positive
R001390,Kitchen,The mousepad arrived on day 12 and the build quality felt adequate. About what I expected at this price.,3,True,train,neutral
R001391,Audio,Setup took about 49 minutes and the whole toaster felt sturdy. I would order another without thinking twice.,1,True,train,positive
R001392,Audio,Bought the speaker for my spare room 18 weeks back and found it dreadful. I have started a return and want my money back.,1,False,train,negative
R001393,Kitchen,Honestly the blender was perfect for the 87 pounds I paid. Support answered my question the same afternoon.,4,True,test,positive
R001394,Office,The blender arrived on day 5 and the build quality felt superb. Support answered my question the same afternoon.,3,True,train,Positive
R001395,Kitchen,"I have used this blender for 22 weeks now and it is middling. Fine for the money, forgettable otherwise.",3,True,test,neutral
R001396,Kitchen,Compared to the kettle it replaced 25 weeks ago this one is useless. It rattles badly whenever it is switched on.,1,True,test,negative
R001397,Office,"Setup took about 22 minutes and the whole mousepad felt passable. Fine for the money, forgettable otherwise.",3,True,train,neutral
R001398,Kitchen,After 13 weeks of daily use the monitor still looks awful. The listing photos do not match what turned up.,2,True,test,negative
R001399,Office,I have used this keyboard for 19 weeks now and it is superb. It has survived two house moves already.,4,True,test,positive
R001400,Kitchen,Setup took about 33 minutes and the whole kettle felt outstanding. Packaging was tidy and nothing was scratched.,3,True,test,Positive
R001401,Kitchen,Honestly the toaster was defective for the 91 pounds I paid. It stopped working entirely on the fourth day.,1,False,test,negative
R001402,Office,The chair arrived on day 6 and the build quality felt perfect. Battery life beat what the listing promised.,5,True,train,positive
R001403,Kitchen,Setup took about 12 minutes and the whole mousepad felt flimsy. I have started a return and want my money back.,1,True,train,negative
R001404,Audio,Setup took about 11 minutes and the whole toaster felt cheap. The listing photos do not match what turned up.,2,True,test,negative
R001405,Office,I have used this monitor for 3 weeks now and it is excellent. It has survived two house moves already.,5,True,train,positive
R001406,Kitchen,After 15 weeks of daily use the backpack still looks shoddy. Save your money and buy something else.,1,True,train,negative
R001407,Audio,Ordered the blender on a whim for 109 pounds and the finish is useless. Support have ignored two emails so far.,2,True,train,negative
R001408,Office,After 29 weeks of daily use the keyboard still looks impressive. It has survived two house moves already.,4,False,test,positive
R001409,Kitchen,Bought the keyboard for my home office 18 weeks back and found it fantastic. Packaging was tidy and nothing was scratched.,4,True,train,positive
R001410,Office,Compared to the mousepad it replaced 27 weeks ago this one is broken. The listing photos do not match what turned up.,1,True,train,negative
R001411,Kitchen,Bought the speaker for my studio 13 weeks back and found it flawless. It has survived two house moves already.,4,True,train,positive
R001412,Office,Ordered the keyboard on a whim for 52 pounds and the finish is ordinary. I neither regret it nor recommend it.,3,True,train,neutral
R001413,Office,Honestly the mousepad was sturdy for the 180 pounds I paid. Packaging was tidy and nothing was scratched.,1,True,train,positive
R001414,Office,"Ordered the kettle on a whim for 40 pounds and the finish is acceptable. No complaints, but no enthusiasm either.",3,True,test,neutral
R001415,Kitchen,Bought the router for my home office 12 weeks back and found it fantastic. Battery life beat what the listing promised.,4,False,test,positive
R001416,Office,After 28 weeks of daily use the headset still looks average. It sits in a drawer more often than not.,3,True,train,neutral
R001417,Office,Compared to the chair it replaced 8 weeks ago this one is terrible. Mine arrived with a crack down one side.,2,True,train,negative
R001418,Office,"Setup took about 19 minutes and the whole mousepad felt unremarkable. No complaints, but no enthusiasm either.",3,True,train,neutral
R001419,Kitchen,Setup took about 44 minutes and the whole monitor felt outstanding. Packaging was tidy and nothing was scratched.,4,True,train, positive
R001420,Kitchen,After 14 weeks of daily use the router still looks superb. Worth every bit of what I paid.,4,True,train,positive
R001421,Kitchen,The backpack arrived on day 3 and the build quality felt superb. Support answered my question the same afternoon.,5,False,test,positive
R001422,Audio,Ordered the toaster on a whim for 97 pounds and the finish is flimsy. I would not put this in front of a guest.,2,True,train,negative
R001423,Office,Bought the speaker for my home office 8 weeks back and found it adequate. It sits in a drawer more often than not.,3,False,train,neutral
R001424,Kitchen,Honestly the monitor was serviceable for the 145 pounds I paid. There are better options if you can spend more.,3,False,train,neutral
R001425,Office,After 20 weeks of daily use the kettle still looks defective. I have started a return and want my money back.,1,True,test,negative
R001426,Kitchen,"Ordered the chair on a whim for 179 pounds and the finish is passable. No complaints, but no enthusiasm either.",3,True,train,neutral
R001427,Audio,I have used this router for 22 weeks now and it is superb. Worth every bit of what I paid.,4,False,test,positive
R001428,Audio,Setup took about 29 minutes and the whole mousepad felt awful. It rattles badly whenever it is switched on.,2,True,test,negative
R001429,Audio,Compared to the keyboard it replaced 25 weeks ago this one is useless. Save your money and buy something else.,1,False,train,negative
R001430,Audio,Honestly the chair was unremarkable for the 146 pounds I paid. About what I expected at this price.,3,True,train,positive
R001431,Office,I have used this keyboard for 28 weeks now and it is awful. Support have ignored two emails so far.,1,True,test,negative
R001432,Audio,The blender arrived on day 13 and the build quality felt unusable. Support have ignored two emails so far.,4,True,test,negative
R001433,Audio,Ordered the router on a whim for 129 pounds and the finish is awful. It rattles badly whenever it is switched on.,3,True,test,negative
R001434,Audio,Bought the speaker for my kitchen 21 weeks back and found it shoddy. Mine arrived with a crack down one side.,1,True,train,negative
R001435,Audio,Compared to the mousepad it replaced 24 weeks ago this one is impressive. It has survived two house moves already.,4,True,train,positive
R001436,Office,Bought the router for my home office 9 weeks back and found it excellent. Packaging was tidy and nothing was scratched.,4,True,train,positive
R001437,Audio,After 20 weeks of daily use the toaster still looks awful. It rattles badly whenever it is switched on.,2,True,train,negative
R001438,Kitchen,Setup took about 45 minutes and the whole lamp felt unremarkable. About what I expected at this price.,3,False,train,neutral
R001439,Audio,Honestly the headset was outstanding for the 165 pounds I paid. Battery life beat what the listing promised.,4,True,train,positive
R001440,Audio,After 27 weeks of daily use the chair still looks useless. I would not put this in front of a guest.,2,True,train,negative
R001441,Audio,Bought the headset for my workshop 7 weeks back and found it brilliant. Packaging was tidy and nothing was scratched.,3,True,train,positive
R001442,Audio,Ordered the mousepad on a whim for 145 pounds and the finish is terrible. Support have ignored two emails so far.,1,True,test,negative
R001443,Audio,Compared to the chair it replaced 2 weeks ago this one is perfect. My partner liked it enough to ask for one.,4,True,train,positive
R001444,Kitchen,Bought the mousepad for my workshop 14 weeks back and found it broken. I have started a return and want my money back.,1,True,train,negative
R001445,Audio,The chair arrived on day 14 and the build quality felt adequate. It does what it says and nothing beyond that.,3,False,test,neutral
R001446,Audio,Ordered the toaster on a whim for 186 pounds and the finish is unremarkable. It sits in a drawer more often than not.,3,True,train,neutral
R001447,Audio,Bought the mousepad for my workshop 2 weeks back and found it excellent. I would order another without thinking twice.,4,True,train,positive
R001448,Office,I have used this keyboard for 4 weeks now and it is solid. Support answered my question the same afternoon.,5,True,train,positive
R001449,Audio,Ordered the kettle on a whim for 179 pounds and the finish is awful. Support have ignored two emails so far.,1,True,test,negative
R001450,Office,Honestly the keyboard was excellent for the 161 pounds I paid. I would order another without thinking twice.,4,False,test,positive
R001451,Audio,Setup took about 35 minutes and the whole kettle felt middling. There are better options if you can spend more.,3,True,train,neutral
R001452,Kitchen,The mousepad arrived on day 6 and the build quality felt outstanding. Support answered my question the same afternoon.,5,True,train,positive
R001453,Office,Setup took about 17 minutes and the whole blender felt flawless. It has become the one I reach for every morning.,5,False,train,positive
R001454,Kitchen,I have used this kettle for 3 weeks now and it is sturdy. Packaging was tidy and nothing was scratched.,4,True,train,positive
R001455,Office,Honestly the mousepad was fantastic for the 181 pounds I paid. It has survived two house moves already.,4,False,test,positive
R001456,Office,Bought the keyboard for my kitchen 28 weeks back and found it impressive. Packaging was tidy and nothing was scratched.,4,True,train,positive
R001457,Office,Compared to the monitor it replaced 18 weeks ago this one is average. About what I expected at this price.,3,True,train,neutral
R001458,Audio,After 13 weeks of daily use the mousepad still looks cheap. The listing photos do not match what turned up.,1,True,train,negative
R001459,Audio,I have used this speaker for 23 weeks now and it is flawless. I would order another without thinking twice.,4,True,test,positive
R001460,Kitchen,Does the job. No complaints. Used it for 8 weeks so far.,5,False,train,positive
R001461,Office,Ordered the lamp on a whim for 159 pounds and the finish is fantastic. I would order another without thinking twice.,5,True,train,positive
R001462,Audio,The kettle arrived on day 7 and the build quality felt terrible. I have started a return and want my money back.,1,False,train,negative
R001463,Audio,The monitor arrived on day 10 and the build quality felt outstanding. Worth every bit of what I paid.,5,True,train,positive
R001464,Audio,The toaster arrived on day 6 and the build quality felt dreadful. It stopped working entirely on the fourth day.,3,True,test,negative
R001465,Kitchen,I have used this router for 14 weeks now and it is impressive. It has survived two house moves already.,5,True,train,positive
R001466,Office,"Bought the mousepad for my studio 11 weeks back and found it okay. Fine for the money, forgettable otherwise.",3,False,train,neutral
R001467,Office,Compared to the chair it replaced 16 weeks ago this one is solid. Battery life beat what the listing promised.,4,True,train,positive
R001468,Kitchen,Bought the chair for my hallway 20 weeks back and found it defective. I would not put this in front of a guest.,2,False,train,negative
R001469,Office,"Ordered the router on a whim for 73 pounds and the finish is unremarkable. It works, though the manual was useless.",3,False,train,neutral
R001470,Audio,I have used this toaster for 6 weeks now and it is awful. Support have ignored two emails so far.,1,True,train,negative
R001471,Office,The mousepad arrived on day 11 and the build quality felt excellent. I would order another without thinking twice.,5,True,train,positive
R001472,Office,Honestly the lamp was perfect for the 117 pounds I paid. It has become the one I reach for every morning.,5,True,train,positive
R001473,Office,I have used this router for 11 weeks now and it is superb. My partner liked it enough to ask for one.,5,False,train,positive
R001474,Office,After 2 weeks of daily use the kettle still looks excellent. Packaging was tidy and nothing was scratched.,4,True,train,positive
R001475,Audio,I have used this speaker for 10 weeks now and it is perfect. Support answered my question the same afternoon.,5,True,train,positive
R001476,Audio,Honestly the mousepad was perfect for the 18 pounds I paid. Battery life beat what the listing promised.,4,True,train,positive
R001477,Office,Ordered the backpack on a whim for 18 pounds and the finish is passable. There are better options if you can spend more.,3,False,train,neutral
R001478,Audio,Honestly the lamp was solid for the 45 pounds I paid. My partner liked it enough to ask for one.,5,True,train,positive
R001479,Office,After 9 weeks of daily use the speaker still looks excellent. My partner liked it enough to ask for one.,3,True,train,positive
R001480,Kitchen,The headset arrived on day 6 and the build quality felt flawless. Worth every bit of what I paid.,2,False,train,positive
R001481,Audio,Compared to the headset it replaced 6 weeks ago this one is solid. My partner liked it enough to ask for one.,4,True,test,positive
R001482,Kitchen,I have used this speaker for 13 weeks now and it is terrible. I would not put this in front of a guest.,2,True,train,negative
R001483,Kitchen,"Ordered the router on a whim for 76 pounds and the finish is okay. It works, though the manual was useless.",3,True,train,neutral
R001484,Office,I have used this toaster for 4 weeks now and it is passable. About what I expected at this price.,2,True,train,neutral
R001485,Office,I have used this monitor for 28 weeks now and it is sturdy. Worth every bit of what I paid.,5,True,train,positive
R001486,Kitchen,Setup took about 18 minutes and the whole toaster felt unusable. It stopped working entirely on the fourth day.,2,True,train,negative
R001487,Audio,Ordered the chair on a whim for 153 pounds and the finish is broken. I would not put this in front of a guest.,1,True,train,neutral
R001488,Kitchen,Compared to the kettle it replaced 19 weeks ago this one is impressive. Support answered my question the same afternoon.,4,True,test,positive
R001489,Office,Compared to the monitor it replaced 9 weeks ago this one is broken. Mine arrived with a crack down one side.,1,True,train,negative
R001490,Office,After 19 weeks of daily use the mousepad still looks outstanding. Packaging was tidy and nothing was scratched.,4,True,train,positive
R001491,Kitchen,"I have used this speaker for 6 weeks now and it is ordinary. Fine for the money, forgettable otherwise.",3,True,test,neutral
R001492,Office,Ordered the blender on a whim for 173 pounds and the finish is perfect. Packaging was tidy and nothing was scratched.,4,True,train,negative
R001493,Office,Setup took about 34 minutes and the whole speaker felt excellent. I would order another without thinking twice.,4,True,train,positive
R001494,Audio,Setup took about 13 minutes and the whole chair felt solid. Worth every bit of what I paid.,4,True,train,positive
R001495,Audio,"Does the job, no complaints here. Ordered 10 of them.",5,True,test,positive
R001496,Audio,The blender arrived on day 3 and the build quality felt fantastic. Support answered my question the same afternoon.,5,False,train,negative
R001497,Audio,After 9 weeks of daily use the chair still looks shoddy. Save your money and buy something else.,2,False,train,negative
R001498,Audio,"Bought the speaker for my home office 19 weeks back and found it average. It works, though the manual was useless.",3,True,test,neutral
R001499,Audio,I have used this speaker for 6 weeks now and it is perfect. Packaging was tidy and nothing was scratched.,5,True,test,positive
R000041,Kitchen,Ordered the keyboard on a whim for 148 pounds and the finish is unusable. It stopped working entirely on the fourth day.,1,True,train,negative
R000085,Audio,"Ordered the lamp on a whim for 37 pounds and the finish is serviceable. Fine for the money, forgettable otherwise.",3,False,train,neutral
R000280,Audio,Setup took about 30 minutes and the whole chair felt shoddy. I have started a return and want my money back.,1,True,train,negative
R000356,Audio,I have used this headset for 32 weeks now and it is sturdy. Battery life beat what the listing promised.,4,True,test,positive
R000383,Office,Bought the chair for my hallway 23 weeks back and found it solid. It has become the one I reach for every morning.,4,False,test,positive
R000394,Office,Ordered the router on a whim for 101 pounds and the finish is fantastic. Support answered my question the same afternoon.,5,True,train,positive
R000506,Audio,Setup took about 34 minutes and the whole speaker felt average. I neither regret it nor recommend it.,3,True,train,neutral
R000513,Office,Compared to the blender it replaced 16 weeks ago this one is fantastic. My partner liked it enough to ask for one.,4,True,train,positive
R000620,Office,Compared to the chair it replaced 26 weeks ago this one is perfect. It has survived two house moves already.,5,True,test,positive
R000646,Office,"Honestly the speaker was passable for the 15 pounds I paid. No complaints, but no enthusiasm either.",3,True,train,neutral
R000670,Kitchen,Ordered the kettle on a whim for 165 pounds and the finish is broken. The listing photos do not match what turned up.,4,True,train,negative
R000678,Audio,Setup took about 57 minutes and the whole speaker felt outstanding. It has survived two house moves already.,4,True,train,positive
R000728,Kitchen,Bought the monitor for my spare room 7 weeks back and found it outstanding. Worth every bit of what I paid.,5,True,train,positive
R000736,Audio,The monitor arrived on day 11 and the build quality felt unusable. Support have ignored two emails so far.,1,False,train,negative
R000873,Audio,Honestly the mousepad was flawless for the 62 pounds I paid. Support answered my question the same afternoon.,4,True,test,positive
R000957,Audio,Compared to the chair it replaced 9 weeks ago this one is unusable. Mine arrived with a crack down one side.,2,True,train,negative
R000978,Audio,Bought the speaker for my hallway 12 weeks back and found it ordinary. About what I expected at this price.,3,True,test,neutral
R001115,Office,Honestly the chair was terrible for the 97 pounds I paid. It stopped working entirely on the fourth day.,2,True,train,negative
R001171,Audio,Honestly the router was terrible for the 123 pounds I paid. The listing photos do not match what turned up.,1,True,train,negative
R001213,Audio,Ordered the keyboard on a whim for 25 pounds and the finish is superb. Worth every bit of what I paid.,5,True,test,positive
R001253,Kitchen,I have used this keyboard for 8 weeks now and it is flawless. I would order another without thinking twice.,5,True,train,positive
R001352,Kitchen,After 14 weeks of daily use the monitor still looks perfect. Packaging was tidy and nothing was scratched.,5,False,train,positive
R001358,Audio,I have used this kettle for 16 weeks now and it is fantastic. My partner liked it enough to ask for one.,5,True,train,positive
R001425,Office,After 23 weeks of daily use the kettle still looks defective. I have started a return and want my money back.,1,True,test,negative
R001469,Office,"Ordered the router on a whim for 76 pounds and the finish is unremarkable. It works, though the manual was useless.",3,False,train,neutral
